week_start,week_end,is_partial_week,state_code,product,measurement_unit,average_price,median_price,minimum_price,maximum_price,price_observations,station_count
2025-12-29,2026-01-04,True,AC,DIESEL,R$ / litro,7.746,7.76,7.3,8.15,8,8
2025-12-29,2026-01-04,True,AC,DIESEL S10,R$ / litro,7.834,8.15,7.39,8.17,7,7
2025-12-29,2026-01-04,True,AC,ETANOL,R$ / litro,5.55,5.29,5.19,6.08,5,5
2025-12-29,2026-01-04,True,AC,GASOLINA,R$ / litro,7.645,7.68,7.29,7.99,8,8
2025-12-29,2026-01-04,True,AC,GASOLINA ADITIVADA,R$ / litro,7.691,7.4,7.39,8.17,7,7
2025-12-29,2026-01-04,True,BA,DIESEL,R$ / litro,6.144,5.99,5.79,6.82,15,15
2025-12-29,2026-01-04,True,BA,DIESEL S10,R$ / litro,6.158,6.09,5.69,6.94,29,29
2025-12-29,2026-01-04,True,BA,ETANOL,R$ / litro,4.857,4.92,4.63,5.09,28,28
2025-12-29,2026-01-04,True,BA,GASOLINA,R$ / litro,6.348,6.19,6.11,6.95,32,32
2025-12-29,2026-01-04,True,BA,GASOLINA ADITIVADA,R$ / litro,6.463,6.39,6.13,7.3,26,26
2025-12-29,2026-01-04,True,BA,GNV,R$ / m³,4.49,4.49,4.49,4.49,3,3
2025-12-29,2026-01-04,True,ES,DIESEL,R$ / litro,5.92,5.89,5.87,5.99,6,6
2025-12-29,2026-01-04,True,ES,DIESEL S10,R$ / litro,6.1,6.04,5.95,6.49,6,6
2025-12-29,2026-01-04,True,ES,ETANOL,R$ / litro,4.698,4.64,4.45,4.99,8,8
2025-12-29,2026-01-04,True,ES,GASOLINA,R$ / litro,6.531,6.59,6.35,6.69,16,16
2025-12-29,2026-01-04,True,ES,GASOLINA ADITIVADA,R$ / litro,6.58,6.59,6.39,6.69,10,10
2025-12-29,2026-01-04,True,ES,GNV,R$ / m³,4.49,4.49,4.49,4.49,1,1
2025-12-29,2026-01-04,True,GO,DIESEL,R$ / litro,6.004,5.99,5.74,6.44,7,7
2025-12-29,2026-01-04,True,GO,DIESEL S10,R$ / litro,6.179,6.14,5.84,6.49,8,8
2025-12-29,2026-01-04,True,GO,ETANOL,R$ / litro,4.799,4.86,4.65,4.89,11,11
2025-12-29,2026-01-04,True,GO,GASOLINA,R$ / litro,6.435,6.475,6.29,6.49,12,12
2025-12-29,2026-01-04,True,GO,GASOLINA ADITIVADA,R$ / litro,6.482,6.49,6.39,6.54,6,6
2025-12-29,2026-01-04,True,MA,DIESEL,R$ / litro,5.795,5.795,5.79,5.8,2,2
2025-12-29,2026-01-04,True,MA,DIESEL S10,R$ / litro,5.805,5.805,5.8,5.81,2,2
2025-12-29,2026-01-04,True,MA,GASOLINA,R$ / litro,6.0,6.0,5.96,6.04,2,2
2025-12-29,2026-01-04,True,MA,GASOLINA ADITIVADA,R$ / litro,6.04,6.04,6.04,6.04,1,1
2025-12-29,2026-01-04,True,MG,DIESEL,R$ / litro,5.96,5.945,5.69,6.25,20,20
2025-12-29,2026-01-04,True,MG,DIESEL S10,R$ / litro,6.073,5.99,5.77,6.49,42,42
2025-12-29,2026-01-04,True,MG,ETANOL,R$ / litro,4.662,4.69,4.09,4.99,63,63
2025-12-29,2026-01-04,True,MG,GASOLINA,R$ / litro,6.275,6.29,5.77,6.88,67,67
2025-12-29,2026-01-04,True,MG,GASOLINA ADITIVADA,R$ / litro,6.529,6.58,5.79,7.18,58,58
2025-12-29,2026-01-04,True,MG,GNV,R$ / m³,4.99,4.99,4.99,4.99,1,1
2025-12-29,2026-01-04,True,PA,DIESEL,R$ / litro,6.27,6.39,5.9,6.4,4,4
2025-12-29,2026-01-04,True,PA,DIESEL S10,R$ / litro,6.336,6.4,5.95,6.49,5,5
2025-12-29,2026-01-04,True,PA,ETANOL,R$ / litro,5.15,5.15,5.15,5.15,1,1
2025-12-29,2026-01-04,True,PA,GASOLINA,R$ / litro,6.414,6.39,6.35,6.49,5,5
2025-12-29,2026-01-04,True,PA,GASOLINA ADITIVADA,R$ / litro,6.445,6.445,6.4,6.49,2,2
2025-12-29,2026-01-04,True,PB,DIESEL,R$ / litro,5.67,5.67,5.67,5.67,1,1
2025-12-29,2026-01-04,True,PB,DIESEL S10,R$ / litro,5.69,5.69,5.69,5.69,1,1
2025-12-29,2026-01-04,True,PB,ETANOL,R$ / litro,4.19,4.19,4.19,4.19,1,1
2025-12-29,2026-01-04,True,PB,GASOLINA,R$ / litro,5.87,5.87,5.87,5.87,1,1
2025-12-29,2026-01-04,True,PB,GASOLINA ADITIVADA,R$ / litro,5.97,5.97,5.97,5.97,1,1
2025-12-29,2026-01-04,True,PE,DIESEL S10,R$ / litro,5.78,5.79,5.59,5.99,10,10
2025-12-29,2026-01-04,True,PE,ETANOL,R$ / litro,4.444,4.44,4.39,4.49,14,14
2025-12-29,2026-01-04,True,PE,GASOLINA,R$ / litro,6.451,6.45,6.39,6.48,14,14
2025-12-29,2026-01-04,True,PE,GASOLINA ADITIVADA,R$ / litro,6.651,6.65,6.45,6.78,13,13
2025-12-29,2026-01-04,True,PE,GNV,R$ / m³,4.39,4.39,4.39,4.39,4,4
2025-12-29,2026-01-04,True,PI,DIESEL S10,R$ / litro,5.957,5.93,5.89,6.05,3,3
2025-12-29,2026-01-04,True,PI,ETANOL,R$ / litro,4.87,4.87,4.87,4.87,1,1
2025-12-29,2026-01-04,True,PI,GASOLINA,R$ / litro,5.818,5.815,5.75,5.89,4,4
2025-12-29,2026-01-04,True,PR,DIESEL,R$ / litro,5.841,5.79,5.59,6.19,18,18
2025-12-29,2026-01-04,True,PR,DIESEL S10,R$ / litro,5.962,5.915,5.64,6.29,18,18
2025-12-29,2026-01-04,True,PR,ETANOL,R$ / litro,4.515,4.49,4.29,4.79,27,27
2025-12-29,2026-01-04,True,PR,GASOLINA,R$ / litro,6.339,6.38,5.99,6.49,27,27
2025-12-29,2026-01-04,True,PR,GASOLINA ADITIVADA,R$ / litro,6.474,6.49,6.03,6.79,23,23
2025-12-29,2026-01-04,True,RJ,DIESEL,R$ / litro,6.549,6.85,5.74,6.89,7,7
2025-12-29,2026-01-04,True,RJ,DIESEL S10,R$ / litro,6.646,6.84,5.84,6.99,8,8
2025-12-29,2026-01-04,True,RJ,ETANOL,R$ / litro,5.189,5.19,4.98,5.39,11,11
2025-12-29,2026-01-04,True,RJ,GASOLINA,R$ / litro,6.582,6.59,6.35,6.89,13,13
2025-12-29,2026-01-04,True,RJ,GASOLINA ADITIVADA,R$ / litro,6.742,6.79,6.45,6.99,13,13
2025-12-29,2026-01-04,True,RJ,GNV,R$ / m³,4.96,4.985,4.88,4.99,4,4
2025-12-29,2026-01-04,True,RN,DIESEL,R$ / litro,6.44,6.44,5.99,6.89,2,2
2025-12-29,2026-01-04,True,RN,DIESEL S10,R$ / litro,6.24,5.99,5.99,6.99,4,4
2025-12-29,2026-01-04,True,RN,ETANOL,R$ / litro,4.715,4.49,4.29,5.59,4,4
2025-12-29,2026-01-04,True,RN,GASOLINA,R$ / litro,6.065,5.865,5.74,6.79,4,4
2025-12-29,2026-01-04,True,RN,GASOLINA ADITIVADA,R$ / litro,5.903,5.84,5.78,6.09,3,3
2025-12-29,2026-01-04,True,RS,DIESEL,R$ / litro,6.238,6.25,5.49,6.85,26,26
2025-12-29,2026-01-04,True,RS,DIESEL S10,R$ / litro,6.347,6.345,5.94,6.95,28,28
2025-12-29,2026-01-04,True,RS,ETANOL,R$ / litro,5.069,4.99,4.59,5.69,19,19
2025-12-29,2026-01-04,True,RS,GASOLINA,R$ / litro,6.351,6.39,5.85,6.69,39,39
2025-12-29,2026-01-04,True,RS,GASOLINA ADITIVADA,R$ / litro,6.552,6.59,5.89,7.09,40,40
2025-12-29,2026-01-04,True,SP,DIESEL,R$ / litro,6.005,5.99,5.57,6.69,33,33
2025-12-29,2026-01-04,True,SP,DIESEL S10,R$ / litro,6.057,5.99,5.59,7.09,43,43
2025-12-29,2026-01-04,True,SP,ETANOL,R$ / litro,4.385,4.39,3.89,4.99,67,67
2025-12-29,2026-01-04,True,SP,GASOLINA,R$ / litro,6.208,6.19,5.49,6.79,67,67
2025-12-29,2026-01-04,True,SP,GASOLINA ADITIVADA,R$ / litro,6.516,6.49,5.75,7.09,49,49
2025-12-29,2026-01-04,True,SP,GNV,R$ / m³,3.83,3.69,3.39,4.49,5,5
2025-12-29,2026-01-04,True,TO,DIESEL,R$ / litro,5.94,5.94,5.89,5.99,2,2
2025-12-29,2026-01-04,True,TO,DIESEL S10,R$ / litro,5.94,5.94,5.89,5.99,2,2
2025-12-29,2026-01-04,True,TO,ETANOL,R$ / litro,5.295,5.295,4.69,5.9,2,2
2025-12-29,2026-01-04,True,TO,GASOLINA,R$ / litro,6.57,6.57,6.55,6.59,2,2
2025-12-29,2026-01-04,True,TO,GASOLINA ADITIVADA,R$ / litro,6.67,6.67,6.65,6.69,2,2
2026-01-05,2026-01-11,False,AC,DIESEL,R$ / litro,7.312,7.35,6.95,7.49,9,9
2026-01-05,2026-01-11,False,AC,DIESEL S10,R$ / litro,7.387,7.45,6.99,7.54,7,7
2026-01-05,2026-01-11,False,AC,ETANOL,R$ / litro,5.213,5.19,5.1,5.29,9,9
2026-01-05,2026-01-11,False,AC,GASOLINA,R$ / litro,7.246,7.305,6.79,7.39,10,10
2026-01-05,2026-01-11,False,AC,GASOLINA ADITIVADA,R$ / litro,7.292,7.39,6.79,7.45,10,10
2026-01-05,2026-01-11,False,AL,DIESEL,R$ / litro,6.487,6.69,5.79,6.98,7,7
2026-01-05,2026-01-11,False,AL,DIESEL S10,R$ / litro,6.243,6.15,5.66,6.98,27,27
2026-01-05,2026-01-11,False,AL,ETANOL,R$ / litro,4.905,4.99,4.25,5.49,51,51
2026-01-05,2026-01-11,False,AL,GASOLINA,R$ / litro,6.251,6.355,5.57,6.99,58,58
2026-01-05,2026-01-11,False,AL,GASOLINA ADITIVADA,R$ / litro,6.375,6.39,5.58,7.28,41,41
2026-01-05,2026-01-11,False,AL,GNV,R$ / m³,4.446,4.59,3.99,5.19,8,8
2026-01-05,2026-01-11,False,AM,DIESEL,R$ / litro,6.613,6.49,6.49,8.33,15,15
2026-01-05,2026-01-11,False,AM,DIESEL S10,R$ / litro,6.862,6.49,6.47,8.39,36,36
2026-01-05,2026-01-11,False,AM,ETANOL,R$ / litro,5.495,5.49,5.47,5.59,31,31
2026-01-05,2026-01-11,False,AM,GASOLINA,R$ / litro,7.21,6.99,6.97,8.29,47,47
2026-01-05,2026-01-11,False,AM,GASOLINA ADITIVADA,R$ / litro,7.264,6.99,6.98,8.39,41,41
2026-01-05,2026-01-11,False,AM,GNV,R$ / m³,3.99,3.99,3.99,3.99,2,2
2026-01-05,2026-01-11,False,BA,DIESEL,R$ / litro,6.132,6.09,5.59,6.9,131,131
2026-01-05,2026-01-11,False,BA,DIESEL S10,R$ / litro,6.211,6.19,5.69,6.95,168,168
2026-01-05,2026-01-11,False,BA,ETANOL,R$ / litro,4.97,4.98,4.33,5.89,195,195
2026-01-05,2026-01-11,False,BA,GASOLINA,R$ / litro,6.497,6.5,5.89,6.99,217,217
2026-01-05,2026-01-11,False,BA,GASOLINA ADITIVADA,R$ / litro,6.602,6.59,5.93,7.67,155,155
2026-01-05,2026-01-11,False,BA,GNV,R$ / m³,4.489,4.44,3.99,5.79,14,14
2026-01-05,2026-01-11,False,CE,DIESEL,R$ / litro,6.218,6.19,5.82,6.59,17,17
2026-01-05,2026-01-11,False,CE,DIESEL S10,R$ / litro,6.066,5.99,5.49,6.79,128,128
2026-01-05,2026-01-11,False,CE,ETANOL,R$ / litro,4.968,4.89,4.26,5.88,129,129
2026-01-05,2026-01-11,False,CE,GASOLINA,R$ / litro,6.219,6.12,5.65,6.7,145,145
2026-01-05,2026-01-11,False,CE,GASOLINA ADITIVADA,R$ / litro,6.366,6.39,5.77,6.89,121,121
2026-01-05,2026-01-11,False,CE,GNV,R$ / m³,5.235,5.15,5.15,6.09,11,11
2026-01-05,2026-01-11,False,DF,DIESEL,R$ / litro,5.948,5.965,5.85,6.09,22,22
2026-01-05,2026-01-11,False,DF,DIESEL S10,R$ / litro,6.003,5.955,5.79,6.59,20,20
2026-01-05,2026-01-11,False,DF,ETANOL,R$ / litro,4.863,4.99,4.47,4.99,33,33
2026-01-05,2026-01-11,False,DF,GASOLINA,R$ / litro,6.499,6.585,6.09,6.59,48,48
2026-01-05,2026-01-11,False,DF,GASOLINA ADITIVADA,R$ / litro,6.607,6.59,6.15,7.04,46,46
2026-01-05,2026-01-11,False,ES,DIESEL,R$ / litro,6.0,5.99,5.79,6.49,37,37
2026-01-05,2026-01-11,False,ES,DIESEL S10,R$ / litro,6.067,5.99,5.85,6.59,61,61
2026-01-05,2026-01-11,False,ES,ETANOL,R$ / litro,4.7,4.68,4.35,5.29,69,69
2026-01-05,2026-01-11,False,ES,GASOLINA,R$ / litro,6.438,6.29,6.05,7.14,102,102
2026-01-05,2026-01-11,False,ES,GASOLINA ADITIVADA,R$ / litro,6.596,6.59,6.05,7.44,85,85
2026-01-05,2026-01-11,False,ES,GNV,R$ / m³,4.252,4.09,4.07,4.59,11,11
2026-01-05,2026-01-11,False,GO,DIESEL,R$ / litro,5.967,5.89,5.49,7.06,88,88
2026-01-05,2026-01-11,False,GO,DIESEL S10,R$ / litro,6.049,5.99,5.57,7.17,121,121
2026-01-05,2026-01-11,False,GO,ETANOL,R$ / litro,4.91,4.97,3.99,5.27,156,156
2026-01-05,2026-01-11,False,GO,GASOLINA,R$ / litro,6.407,6.49,5.69,6.69,163,163
2026-01-05,2026-01-11,False,GO,GASOLINA ADITIVADA,R$ / litro,6.59,6.58,5.69,7.27,102,102
2026-01-05,2026-01-11,False,MA,DIESEL,R$ / litro,6.073,5.995,5.55,6.82,34,34
2026-01-05,2026-01-11,False,MA,DIESEL S10,R$ / litro,6.02,5.89,5.62,6.82,74,74
2026-01-05,2026-01-11,False,MA,ETANOL,R$ / litro,4.95,4.99,4.59,5.69,56,56
2026-01-05,2026-01-11,False,MA,GASOLINA,R$ / litro,6.055,6.04,5.58,6.99,88,88
2026-01-05,2026-01-11,False,MA,GASOLINA ADITIVADA,R$ / litro,6.184,6.09,5.58,7.19,54,54
2026-01-05,2026-01-11,False,MG,DIESEL,R$ / litro,5.968,5.94,5.39,6.69,221,221
2026-01-05,2026-01-11,False,MG,DIESEL S10,R$ / litro,6.059,5.99,5.49,6.99,292,292
2026-01-05,2026-01-11,False,MG,ETANOL,R$ / litro,4.607,4.59,4.17,5.09,388,388
2026-01-05,2026-01-11,False,MG,GASOLINA,R$ / litro,6.196,6.19,5.29,6.79,415,415
2026-01-05,2026-01-11,False,MG,GASOLINA ADITIVADA,R$ / litro,6.411,6.39,5.79,7.18,266,266
2026-01-05,2026-01-11,False,MG,GNV,R$ / m³,4.919,4.82,4.69,5.45,8,8
2026-01-05,2026-01-11,False,MS,DIESEL,R$ / litro,6.045,5.99,5.69,7.17,17,17
2026-01-05,2026-01-11,False,MS,DIESEL S10,R$ / litro,6.046,6.04,5.74,6.19,18,18
2026-01-05,2026-01-11,False,MS,ETANOL,R$ / litro,4.073,3.99,3.85,4.97,23,23
2026-01-05,2026-01-11,False,MS,GASOLINA,R$ / litro,6.174,6.035,5.65,6.85,44,44
2026-01-05,2026-01-11,False,MS,GASOLINA ADITIVADA,R$ / litro,6.361,6.29,5.69,6.99,36,36
2026-01-05,2026-01-11,False,MS,GNV,R$ / m³,4.59,4.59,4.59,4.59,1,1
2026-01-05,2026-01-11,False,MT,DIESEL,R$ / litro,6.403,6.39,5.79,6.89,46,46
2026-01-05,2026-01-11,False,MT,DIESEL S10,R$ / litro,6.463,6.485,5.87,6.92,52,52
2026-01-05,2026-01-11,False,MT,ETANOL,R$ / litro,4.548,4.605,3.79,4.69,78,78
2026-01-05,2026-01-11,False,MT,GASOLINA,R$ / litro,6.456,6.49,5.85,6.89,78,78
2026-01-05,2026-01-11,False,MT,GASOLINA ADITIVADA,R$ / litro,6.616,6.59,6.25,6.99,42,42
2026-01-05,2026-01-11,False,MT,GNV,R$ / m³,4.05,4.05,4.05,4.05,2,2
2026-01-05,2026-01-11,False,PA,DIESEL,R$ / litro,6.476,6.48,5.65,7.2,36,36
2026-01-05,2026-01-11,False,PA,DIESEL S10,R$ / litro,6.287,6.29,5.46,7.22,77,77
2026-01-05,2026-01-11,False,PA,ETANOL,R$ / litro,4.874,4.79,4.37,5.55,43,43
2026-01-05,2026-01-11,False,PA,GASOLINA,R$ / litro,6.377,6.39,5.45,7.09,98,98
2026-01-05,2026-01-11,False,PA,GASOLINA ADITIVADA,R$ / litro,6.591,6.6,5.69,7.49,67,67
2026-01-05,2026-01-11,False,PB,DIESEL,R$ / litro,5.901,5.85,5.53,6.49,24,24
2026-01-05,2026-01-11,False,PB,DIESEL S10,R$ / litro,5.971,5.89,5.74,6.89,34,34
2026-01-05,2026-01-11,False,PB,ETANOL,R$ / litro,4.447,4.39,4.19,4.99,44,44
2026-01-05,2026-01-11,False,PB,GASOLINA,R$ / litro,6.018,5.99,5.87,6.19,57,57
2026-01-05,2026-01-11,False,PB,GASOLINA ADITIVADA,R$ / litro,6.178,6.19,5.89,6.39,36,36
2026-01-05,2026-01-11,False,PB,GNV,R$ / m³,4.926,4.86,4.85,5.21,5,5
2026-01-05,2026-01-11,False,PE,DIESEL,R$ / litro,5.927,5.99,5.59,6.09,9,9
2026-01-05,2026-01-11,False,PE,DIESEL S10,R$ / litro,5.871,5.825,5.59,6.99,134,134
2026-01-05,2026-01-11,False,PE,ETANOL,R$ / litro,4.64,4.49,3.99,6.49,143,143
2026-01-05,2026-01-11,False,PE,GASOLINA,R$ / litro,6.357,6.45,5.73,7.69,169,169
2026-01-05,2026-01-11,False,PE,GASOLINA ADITIVADA,R$ / litro,6.527,6.6,5.74,7.08,122,122
2026-01-05,2026-01-11,False,PE,GNV,R$ / m³,4.39,4.39,4.39,4.39,26,26
2026-01-05,2026-01-11,False,PI,DIESEL,R$ / litro,6.068,6.04,5.78,6.54,23,23
2026-01-05,2026-01-11,False,PI,DIESEL S10,R$ / litro,6.12,6.09,5.83,6.79,34,34
2026-01-05,2026-01-11,False,PI,ETANOL,R$ / litro,4.615,4.59,4.35,5.1,41,41
2026-01-05,2026-01-11,False,PI,GASOLINA,R$ / litro,5.92,5.89,5.69,6.39,59,59
2026-01-05,2026-01-11,False,PI,GASOLINA ADITIVADA,R$ / litro,6.145,6.19,5.79,6.49,46,46
2026-01-05,2026-01-11,False,PR,DIESEL,R$ / litro,5.977,5.94,5.39,6.87,128,128
2026-01-05,2026-01-11,False,PR,DIESEL S10,R$ / litro,6.089,5.99,5.69,6.99,181,181
2026-01-05,2026-01-11,False,PR,ETANOL,R$ / litro,4.594,4.59,3.89,5.09,255,255
2026-01-05,2026-01-11,False,PR,GASOLINA,R$ / litro,6.471,6.49,5.69,7.09,256,256
2026-01-05,2026-01-11,False,PR,GASOLINA ADITIVADA,R$ / litro,6.613,6.67,5.69,7.29,208,208
2026-01-05,2026-01-11,False,PR,GNV,R$ / m³,4.635,4.635,4.54,4.73,2,2
2026-01-05,2026-01-11,False,RJ,DIESEL,R$ / litro,6.155,6.09,5.54,7.72,95,95
2026-01-05,2026-01-11,False,RJ,DIESEL S10,R$ / litro,6.233,6.19,5.59,7.97,176,176
2026-01-05,2026-01-11,False,RJ,ETANOL,R$ / litro,4.836,4.79,4.19,6.39,245,245
2026-01-05,2026-01-11,False,RJ,GASOLINA,R$ / litro,6.212,6.19,5.49,7.79,280,280
2026-01-05,2026-01-11,False,RJ,GASOLINA ADITIVADA,R$ / litro,6.414,6.39,5.69,7.79,253,253
2026-01-05,2026-01-11,False,RJ,GNV,R$ / m³,4.601,4.48,3.95,6.49,129,129
2026-01-05,2026-01-11,False,RN,DIESEL,R$ / litro,6.313,6.29,5.72,6.89,15,15
2026-01-05,2026-01-11,False,RN,DIESEL S10,R$ / litro,6.377,6.29,5.72,6.99,29,29
2026-01-05,2026-01-11,False,RN,ETANOL,R$ / litro,5.172,5.34,4.35,5.6,32,32
2026-01-05,2026-01-11,False,RN,GASOLINA,R$ / litro,6.404,6.59,5.59,6.79,36,36
2026-01-05,2026-01-11,False,RN,GASOLINA ADITIVADA,R$ / litro,6.522,6.59,5.59,6.99,28,28
2026-01-05,2026-01-11,False,RN,GNV,R$ / m³,5.074,5.09,4.95,5.19,5,5
2026-01-05,2026-01-11,False,RO,DIESEL,R$ / litro,6.47,6.415,5.98,7.84,44,44
2026-01-05,2026-01-11,False,RO,DIESEL S10,R$ / litro,6.508,6.48,5.99,7.89,51,51
2026-01-05,2026-01-11,False,RO,ETANOL,R$ / litro,5.456,5.49,4.99,5.89,29,29
2026-01-05,2026-01-11,False,RO,GASOLINA,R$ / litro,6.95,6.97,6.59,7.89,55,55
2026-01-05,2026-01-11,False,RO,GASOLINA ADITIVADA,R$ / litro,7.071,7.075,6.83,8.04,50,50
2026-01-05,2026-01-11,False,RR,DIESEL,R$ / litro,6.619,6.6,6.55,6.7,12,12
2026-01-05,2026-01-11,False,RR,DIESEL S10,R$ / litro,6.628,6.6,6.6,6.7,12,12
2026-01-05,2026-01-11,False,RR,ETANOL,R$ / litro,5.3,5.29,5.29,5.34,5,5
2026-01-05,2026-01-11,False,RR,GASOLINA,R$ / litro,6.7,6.7,6.7,6.7,13,13
2026-01-05,2026-01-11,False,RR,GASOLINA ADITIVADA,R$ / litro,6.8,6.8,6.75,6.88,13,13
2026-01-05,2026-01-11,False,RS,DIESEL,R$ / litro,6.167,6.19,5.49,7.29,191,191
2026-01-05,2026-01-11,False,RS,DIESEL S10,R$ / litro,6.237,6.23,5.54,7.39,232,232
2026-01-05,2026-01-11,False,RS,ETANOL,R$ / litro,4.987,4.99,4.39,6.39,154,154
2026-01-05,2026-01-11,False,RS,GASOLINA,R$ / litro,6.368,6.39,5.74,7.39,334,334
2026-01-05,2026-01-11,False,RS,GASOLINA ADITIVADA,R$ / litro,6.559,6.545,5.75,7.69,322,322
2026-01-05,2026-01-11,False,RS,GNV,R$ / m³,4.898,4.96,4.69,4.99,21,21
2026-01-05,2026-01-11,False,SC,DIESEL,R$ / litro,6.101,6.075,5.59,6.73,62,62
2026-01-05,2026-01-11,False,SC,DIESEL S10,R$ / litro,6.177,6.185,5.59,6.83,98,98
2026-01-05,2026-01-11,False,SC,ETANOL,R$ / litro,4.882,4.89,4.49,5.49,81,81
2026-01-05,2026-01-11,False,SC,GASOLINA,R$ / litro,6.402,6.39,5.99,6.84,124,124
2026-01-05,2026-01-11,False,SC,GASOLINA ADITIVADA,R$ / litro,6.533,6.55,5.99,7.04,121,121
2026-01-05,2026-01-11,False,SC,GNV,R$ / m³,4.736,4.59,4.53,5.29,20,20
2026-01-05,2026-01-11,False,SE,DIESEL,R$ / litro,5.741,5.69,5.58,6.25,15,15
2026-01-05,2026-01-11,False,SE,DIESEL S10,R$ / litro,5.889,5.785,5.76,6.29,22,22
2026-01-05,2026-01-11,False,SE,ETANOL,R$ / litro,4.799,4.8,4.7,4.99,14,14
2026-01-05,2026-01-11,False,SE,GASOLINA,R$ / litro,6.457,6.41,6.32,6.59,29,29
2026-01-05,2026-01-11,False,SE,GASOLINA ADITIVADA,R$ / litro,6.524,6.52,6.32,6.79,25,25
2026-01-05,2026-01-11,False,SE,GNV,R$ / m³,4.69,4.69,4.69,4.69,4,4
2026-01-05,2026-01-11,False,SP,DIESEL,R$ / litro,6.034,5.99,5.45,7.24,357,357
2026-01-05,2026-01-11,False,SP,DIESEL S10,R$ / litro,6.146,6.09,5.49,8.99,726,726
2026-01-05,2026-01-11,False,SP,ETANOL,R$ / litro,4.339,4.29,3.69,6.14,1106,1106
2026-01-05,2026-01-11,False,SP,GASOLINA,R$ / litro,6.15,6.09,5.09,9.29,1117,1117
2026-01-05,2026-01-11,False,SP,GASOLINA ADITIVADA,R$ / litro,6.424,6.39,5.49,9.69,885,885
2026-01-05,2026-01-11,False,SP,GNV,R$ / m³,4.028,3.99,3.39,4.99,46,46
2026-01-05,2026-01-11,False,TO,DIESEL,R$ / litro,6.06,5.99,5.77,6.79,25,25
2026-01-05,2026-01-11,False,TO,DIESEL S10,R$ / litro,6.053,5.99,5.69,6.69,31,31
2026-01-05,2026-01-11,False,TO,ETANOL,R$ / litro,5.097,5.09,4.59,5.9,34,34
2026-01-05,2026-01-11,False,TO,GASOLINA,R$ / litro,6.558,6.59,5.97,6.99,39,39
2026-01-05,2026-01-11,False,TO,GASOLINA ADITIVADA,R$ / litro,6.746,6.69,6.09,8.89,27,27
2026-01-12,2026-01-18,False,AC,DIESEL,R$ / litro,7.568,7.4,6.95,8.15,13,13
2026-01-12,2026-01-18,False,AC,DIESEL S10,R$ / litro,7.639,7.47,6.99,8.17,12,12
2026-01-12,2026-01-18,False,AC,ETANOL,R$ / litro,5.359,5.25,5.1,6.08,11,11
2026-01-12,2026-01-18,False,AC,GASOLINA,R$ / litro,7.461,7.38,6.89,7.99,14,14
2026-01-12,2026-01-18,False,AC,GASOLINA ADITIVADA,R$ / litro,7.484,7.39,6.89,8.17,13,13
2026-01-12,2026-01-18,False,AL,DIESEL,R$ / litro,6.648,6.69,6.29,6.98,5,5
2026-01-12,2026-01-18,False,AL,DIESEL S10,R$ / litro,6.258,6.19,5.69,6.98,27,27
2026-01-12,2026-01-18,False,AL,ETANOL,R$ / litro,4.899,4.99,4.25,5.49,48,48
2026-01-12,2026-01-18,False,AL,GASOLINA,R$ / litro,6.266,6.37,5.54,6.99,59,59
2026-01-12,2026-01-18,False,AL,GASOLINA ADITIVADA,R$ / litro,6.412,6.415,5.87,7.28,42,42
2026-01-12,2026-01-18,False,AL,GNV,R$ / m³,4.496,4.59,3.99,5.19,8,8
2026-01-12,2026-01-18,False,AM,DIESEL,R$ / litro,6.53,6.49,6.38,6.65,20,20
2026-01-12,2026-01-18,False,AM,DIESEL S10,R$ / litro,6.886,6.49,6.47,8.39,42,42
2026-01-12,2026-01-18,False,AM,ETANOL,R$ / litro,5.476,5.49,5.39,5.59,38,38
2026-01-12,2026-01-18,False,AM,GASOLINA,R$ / litro,7.148,6.99,6.77,8.29,55,55
2026-01-12,2026-01-18,False,AM,GASOLINA ADITIVADA,R$ / litro,7.192,6.99,6.77,8.39,48,48
2026-01-12,2026-01-18,False,AM,GNV,R$ / m³,3.99,3.99,3.99,3.99,1,1
2026-01-12,2026-01-18,False,BA,DIESEL,R$ / litro,6.13,6.09,5.59,6.9,127,127
2026-01-12,2026-01-18,False,BA,DIESEL S10,R$ / litro,6.213,6.19,5.69,6.95,156,156
2026-01-12,2026-01-18,False,BA,ETANOL,R$ / litro,4.993,4.99,4.35,5.89,184,184
2026-01-12,2026-01-18,False,BA,GASOLINA,R$ / litro,6.518,6.57,5.93,6.99,211,211
2026-01-12,2026-01-18,False,BA,GASOLINA ADITIVADA,R$ / litro,6.632,6.69,5.93,7.67,152,152
2026-01-12,2026-01-18,False,BA,GNV,R$ / m³,4.475,4.38,3.99,5.79,11,11
2026-01-12,2026-01-18,False,CE,DIESEL,R$ / litro,6.185,6.19,5.86,6.55,21,21
2026-01-12,2026-01-18,False,CE,DIESEL S10,R$ / litro,6.089,6.05,5.55,6.79,122,122
2026-01-12,2026-01-18,False,CE,ETANOL,R$ / litro,5.008,4.99,4.35,5.88,115,115
2026-01-12,2026-01-18,False,CE,GASOLINA,R$ / litro,6.258,6.27,5.65,6.77,131,131
2026-01-12,2026-01-18,False,CE,GASOLINA ADITIVADA,R$ / litro,6.385,6.39,5.77,6.89,109,109
2026-01-12,2026-01-18,False,CE,GNV,R$ / m³,5.268,5.15,5.15,6.09,8,8
2026-01-12,2026-01-18,False,DF,DIESEL,R$ / litro,5.97,5.98,5.83,6.18,20,20
2026-01-12,2026-01-18,False,DF,DIESEL S10,R$ / litro,5.977,5.99,5.84,6.19,20,20
2026-01-12,2026-01-18,False,DF,ETANOL,R$ / litro,4.851,4.985,4.47,5.03,22,22
2026-01-12,2026-01-18,False,DF,GASOLINA,R$ / litro,6.517,6.575,6.08,6.59,48,48
2026-01-12,2026-01-18,False,DF,GASOLINA ADITIVADA,R$ / litro,6.547,6.58,6.08,6.99,44,44
2026-01-12,2026-01-18,False,ES,DIESEL,R$ / litro,5.993,5.99,5.79,6.29,28,28
2026-01-12,2026-01-18,False,ES,DIESEL S10,R$ / litro,6.08,6.09,5.89,6.59,52,52
2026-01-12,2026-01-18,False,ES,ETANOL,R$ / litro,4.728,4.69,4.35,5.09,57,57
2026-01-12,2026-01-18,False,ES,GASOLINA,R$ / litro,6.372,6.29,5.99,6.79,90,90
2026-01-12,2026-01-18,False,ES,GASOLINA ADITIVADA,R$ / litro,6.549,6.59,5.99,7.99,75,75
2026-01-12,2026-01-18,False,ES,GNV,R$ / m³,4.231,4.09,4.07,4.98,9,9
2026-01-12,2026-01-18,False,GO,DIESEL,R$ / litro,5.929,5.89,5.45,7.06,98,98
2026-01-12,2026-01-18,False,GO,DIESEL S10,R$ / litro,6.029,5.99,5.55,7.17,134,134
2026-01-12,2026-01-18,False,GO,ETANOL,R$ / litro,4.918,4.97,3.99,5.57,173,173
2026-01-12,2026-01-18,False,GO,GASOLINA,R$ / litro,6.402,6.49,5.54,6.87,175,175
2026-01-12,2026-01-18,False,GO,GASOLINA ADITIVADA,R$ / litro,6.553,6.55,5.57,7.14,109,109
2026-01-12,2026-01-18,False,MA,DIESEL,R$ / litro,6.063,5.99,5.55,6.82,40,40
2026-01-12,2026-01-18,False,MA,DIESEL S10,R$ / litro,6.028,5.89,5.62,6.82,79,79
2026-01-12,2026-01-18,False,MA,ETANOL,R$ / litro,4.96,4.99,4.49,5.69,55,55
2026-01-12,2026-01-18,False,MA,GASOLINA,R$ / litro,6.052,6.04,5.55,6.99,92,92
2026-01-12,2026-01-18,False,MA,GASOLINA ADITIVADA,R$ / litro,6.182,6.09,5.65,7.19,59,59
2026-01-12,2026-01-18,False,MG,DIESEL,R$ / litro,5.975,5.925,5.39,6.75,224,224
2026-01-12,2026-01-18,False,MG,DIESEL S10,R$ / litro,6.069,5.99,5.49,6.85,308,308
2026-01-12,2026-01-18,False,MG,ETANOL,R$ / litro,4.654,4.69,4.09,5.19,417,417
2026-01-12,2026-01-18,False,MG,GASOLINA,R$ / litro,6.213,6.19,5.39,6.76,449,449
2026-01-12,2026-01-18,False,MG,GASOLINA ADITIVADA,R$ / litro,6.447,6.44,5.79,7.18,283,283
2026-01-12,2026-01-18,False,MG,GNV,R$ / m³,4.994,4.82,4.79,5.45,8,8
2026-01-12,2026-01-18,False,MS,DIESEL,R$ / litro,6.168,6.09,5.69,7.19,25,25
2026-01-12,2026-01-18,False,MS,DIESEL S10,R$ / litro,6.15,6.12,5.74,6.69,22,22
2026-01-12,2026-01-18,False,MS,ETANOL,R$ / litro,4.195,4.09,3.89,4.97,28,28
2026-01-12,2026-01-18,False,MS,GASOLINA,R$ / litro,6.227,6.34,5.65,6.85,53,53
2026-01-12,2026-01-18,False,MS,GASOLINA ADITIVADA,R$ / litro,6.404,6.29,5.69,6.99,41,41
2026-01-12,2026-01-18,False,MS,GNV,R$ / m³,4.59,4.59,4.59,4.59,1,1
2026-01-12,2026-01-18,False,MT,DIESEL,R$ / litro,6.413,6.39,5.85,6.89,39,39
2026-01-12,2026-01-18,False,MT,DIESEL S10,R$ / litro,6.426,6.415,5.93,6.97,42,42
2026-01-12,2026-01-18,False,MT,ETANOL,R$ / litro,4.558,4.575,3.9,4.71,66,66
2026-01-12,2026-01-18,False,MT,GASOLINA,R$ / litro,6.487,6.49,5.85,6.89,65,65
2026-01-12,2026-01-18,False,MT,GASOLINA ADITIVADA,R$ / litro,6.632,6.59,6.23,6.99,37,37
2026-01-12,2026-01-18,False,PA,DIESEL,R$ / litro,6.409,6.385,5.75,7.2,42,42
2026-01-12,2026-01-18,False,PA,DIESEL S10,R$ / litro,6.238,6.19,5.46,7.22,81,81
2026-01-12,2026-01-18,False,PA,ETANOL,R$ / litro,4.914,4.95,4.37,5.55,46,46
2026-01-12,2026-01-18,False,PA,GASOLINA,R$ / litro,6.343,6.35,5.54,7.09,106,106
2026-01-12,2026-01-18,False,PA,GASOLINA ADITIVADA,R$ / litro,6.57,6.53,5.79,7.49,69,69
2026-01-12,2026-01-18,False,PB,DIESEL,R$ / litro,5.906,5.85,5.69,6.49,20,20
2026-01-12,2026-01-18,False,PB,DIESEL S10,R$ / litro,5.942,5.89,5.59,6.89,40,40
2026-01-12,2026-01-18,False,PB,ETANOL,R$ / litro,4.456,4.49,4.18,4.99,45,45
2026-01-12,2026-01-18,False,PB,GASOLINA,R$ / litro,6.031,5.99,5.77,6.19,57,57
2026-01-12,2026-01-18,False,PB,GASOLINA ADITIVADA,R$ / litro,6.221,6.26,5.99,6.39,37,37
2026-01-12,2026-01-18,False,PB,GNV,R$ / m³,4.962,4.86,4.85,5.21,10,10
2026-01-12,2026-01-18,False,PE,DIESEL,R$ / litro,6.077,6.09,5.98,6.29,10,10
2026-01-12,2026-01-18,False,PE,DIESEL S10,R$ / litro,5.924,5.885,5.69,6.99,158,158
2026-01-12,2026-01-18,False,PE,ETANOL,R$ / litro,4.89,4.95,4.09,6.49,162,162
2026-01-12,2026-01-18,False,PE,GASOLINA,R$ / litro,6.513,6.75,5.89,7.69,188,188
2026-01-12,2026-01-18,False,PE,GASOLINA ADITIVADA,R$ / litro,6.655,6.79,6.03,7.09,137,137
2026-01-12,2026-01-18,False,PE,GNV,R$ / m³,4.39,4.39,4.39,4.39,28,28
2026-01-12,2026-01-18,False,PI,DIESEL,R$ / litro,6.047,6.04,5.84,6.54,23,23
2026-01-12,2026-01-18,False,PI,DIESEL S10,R$ / litro,6.106,6.09,5.75,6.79,37,37
2026-01-12,2026-01-18,False,PI,ETANOL,R$ / litro,4.653,4.59,4.34,5.2,43,43
2026-01-12,2026-01-18,False,PI,GASOLINA,R$ / litro,5.924,5.89,5.65,6.39,59,59
2026-01-12,2026-01-18,False,PI,GASOLINA ADITIVADA,R$ / litro,6.184,6.19,5.79,6.98,44,44
2026-01-12,2026-01-18,False,PR,DIESEL,R$ / litro,5.956,5.89,5.49,6.87,133,133
2026-01-12,2026-01-18,False,PR,DIESEL S10,R$ / litro,6.061,5.99,5.64,6.99,195,195
2026-01-12,2026-01-18,False,PR,ETANOL,R$ / litro,4.658,4.69,3.99,5.09,271,271
2026-01-12,2026-01-18,False,PR,GASOLINA,R$ / litro,6.558,6.59,5.69,7.09,271,271
2026-01-12,2026-01-18,False,PR,GASOLINA ADITIVADA,R$ / litro,6.681,6.69,5.69,7.39,218,218
2026-01-12,2026-01-18,False,PR,GNV,R$ / m³,4.738,4.735,4.49,4.99,4,4
2026-01-12,2026-01-18,False,RJ,DIESEL,R$ / litro,6.201,6.15,5.54,7.72,104,104
2026-01-12,2026-01-18,False,RJ,DIESEL S10,R$ / litro,6.281,6.19,5.64,7.97,199,199
2026-01-12,2026-01-18,False,RJ,ETANOL,R$ / litro,4.917,4.89,4.09,5.99,264,264
2026-01-12,2026-01-18,False,RJ,GASOLINA,R$ / litro,6.28,6.19,5.49,7.79,308,308
2026-01-12,2026-01-18,False,RJ,GASOLINA ADITIVADA,R$ / litro,6.47,6.49,5.69,7.79,278,278
2026-01-12,2026-01-18,False,RJ,GNV,R$ / m³,4.574,4.39,3.95,6.49,145,145
2026-01-12,2026-01-18,False,RN,DIESEL,R$ / litro,6.41,6.29,5.72,6.99,23,23
2026-01-12,2026-01-18,False,RN,DIESEL S10,R$ / litro,6.442,6.38,5.79,6.99,40,40
2026-01-12,2026-01-18,False,RN,ETANOL,R$ / litro,5.411,5.59,4.35,5.6,45,45
2026-01-12,2026-01-18,False,RN,GASOLINA,R$ / litro,6.59,6.59,6.0,6.79,46,46
2026-01-12,2026-01-18,False,RN,GASOLINA ADITIVADA,R$ / litro,6.659,6.68,6.48,6.99,43,43
2026-01-12,2026-01-18,False,RN,GNV,R$ / m³,5.054,5.09,4.95,5.19,5,5
2026-01-12,2026-01-18,False,RO,DIESEL,R$ / litro,6.498,6.46,5.98,7.84,39,39
2026-01-12,2026-01-18,False,RO,DIESEL S10,R$ / litro,6.532,6.49,5.99,7.89,46,46
2026-01-12,2026-01-18,False,RO,ETANOL,R$ / litro,5.467,5.49,4.99,5.99,25,25
2026-01-12,2026-01-18,False,RO,GASOLINA,R$ / litro,6.958,6.97,6.54,7.89,51,51
2026-01-12,2026-01-18,False,RO,GASOLINA ADITIVADA,R$ / litro,7.076,7.05,6.89,8.04,47,47
2026-01-12,2026-01-18,False,RR,DIESEL,R$ / litro,6.767,6.84,6.6,6.92,12,12
2026-01-12,2026-01-18,False,RR,DIESEL S10,R$ / litro,6.777,6.85,6.6,6.92,12,12
2026-01-12,2026-01-18,False,RR,ETANOL,R$ / litro,5.297,5.29,5.29,5.34,7,7
2026-01-12,2026-01-18,False,RR,GASOLINA,R$ / litro,6.854,6.95,6.7,6.95,13,13
2026-01-12,2026-01-18,False,RR,GASOLINA ADITIVADA,R$ / litro,6.952,7.04,6.75,7.11,13,13
2026-01-12,2026-01-18,False,RS,DIESEL,R$ / litro,6.144,6.14,5.54,7.39,194,194
2026-01-12,2026-01-18,False,RS,DIESEL S10,R$ / litro,6.231,6.21,5.65,7.54,227,227
2026-01-12,2026-01-18,False,RS,ETANOL,R$ / litro,5.009,4.99,4.39,6.39,153,153
2026-01-12,2026-01-18,False,RS,GASOLINA,R$ / litro,6.359,6.39,5.76,7.39,330,330
2026-01-12,2026-01-18,False,RS,GASOLINA ADITIVADA,R$ / litro,6.557,6.54,5.76,7.69,314,314
2026-01-12,2026-01-18,False,RS,GNV,R$ / m³,4.94,4.99,4.69,5.65,19,19
2026-01-12,2026-01-18,False,SC,DIESEL,R$ / litro,6.134,6.16,5.59,6.73,64,64
2026-01-12,2026-01-18,False,SC,DIESEL S10,R$ / litro,6.204,6.19,5.69,6.83,121,121
2026-01-12,2026-01-18,False,SC,ETANOL,R$ / litro,4.922,4.94,4.49,5.55,113,113
2026-01-12,2026-01-18,False,SC,GASOLINA,R$ / litro,6.52,6.47,5.99,6.89,171,171
2026-01-12,2026-01-18,False,SC,GASOLINA ADITIVADA,R$ / litro,6.638,6.64,5.99,6.99,159,159
2026-01-12,2026-01-18,False,SC,GNV,R$ / m³,4.723,4.59,4.53,5.29,27,27
2026-01-12,2026-01-18,False,SE,DIESEL,R$ / litro,5.716,5.635,5.58,6.25,16,16
2026-01-12,2026-01-18,False,SE,DIESEL S10,R$ / litro,5.874,5.76,5.76,6.29,23,23
2026-01-12,2026-01-18,False,SE,ETANOL,R$ / litro,4.796,4.8,4.7,4.99,17,17
2026-01-12,2026-01-18,False,SE,GASOLINA,R$ / litro,6.458,6.465,6.32,6.59,32,32
2026-01-12,2026-01-18,False,SE,GASOLINA ADITIVADA,R$ / litro,6.531,6.52,6.32,6.91,28,28
2026-01-12,2026-01-18,False,SE,GNV,R$ / m³,4.67,4.69,4.61,4.69,4,4
2026-01-12,2026-01-18,False,SP,DIESEL,R$ / litro,6.059,5.99,5.39,8.09,368,368
2026-01-12,2026-01-18,False,SP,DIESEL S10,R$ / litro,6.161,6.08,5.47,9.29,758,758
2026-01-12,2026-01-18,False,SP,ETANOL,R$ / litro,4.381,4.35,3.69,5.99,1140,1140
2026-01-12,2026-01-18,False,SP,GASOLINA,R$ / litro,6.172,6.15,5.09,9.29,1157,1157
2026-01-12,2026-01-18,False,SP,GASOLINA ADITIVADA,R$ / litro,6.456,6.39,5.49,9.69,913,913
2026-01-12,2026-01-18,False,SP,GNV,R$ / m³,4.029,3.99,3.29,5.29,46,46
2026-01-12,2026-01-18,False,TO,DIESEL,R$ / litro,6.087,6.07,5.83,6.79,19,19
2026-01-12,2026-01-18,False,TO,DIESEL S10,R$ / litro,6.097,6.035,5.75,6.49,22,22
2026-01-12,2026-01-18,False,TO,ETANOL,R$ / litro,5.11,5.07,4.59,5.9,22,22
2026-01-12,2026-01-18,False,TO,GASOLINA,R$ / litro,6.536,6.59,5.97,6.79,28,28
2026-01-12,2026-01-18,False,TO,GASOLINA ADITIVADA,R$ / litro,6.64,6.67,6.09,7.05,18,18
2026-01-19,2026-01-25,False,AC,DIESEL,R$ / litro,7.496,7.37,6.95,8.15,14,14
2026-01-19,2026-01-25,False,AC,DIESEL S10,R$ / litro,7.557,7.4,6.99,8.17,13,13
2026-01-19,2026-01-25,False,AC,ETANOL,R$ / litro,5.335,5.23,5.1,6.08,13,13
2026-01-19,2026-01-25,False,AC,GASOLINA,R$ / litro,7.363,7.305,6.79,7.99,16,16
2026-01-19,2026-01-25,False,AC,GASOLINA ADITIVADA,R$ / litro,7.461,7.39,6.89,8.11,16,16
2026-01-19,2026-01-25,False,AL,DIESEL,R$ / litro,6.688,6.79,6.29,6.98,6,6
2026-01-19,2026-01-25,False,AL,DIESEL S10,R$ / litro,6.277,6.19,5.69,6.98,25,25
2026-01-19,2026-01-25,False,AL,ETANOL,R$ / litro,4.98,4.99,4.39,5.59,48,48
2026-01-19,2026-01-25,False,AL,GASOLINA,R$ / litro,6.244,6.37,5.49,6.99,59,59
2026-01-19,2026-01-25,False,AL,GASOLINA ADITIVADA,R$ / litro,6.424,6.39,5.87,7.28,42,42
2026-01-19,2026-01-25,False,AL,GNV,R$ / m³,4.496,4.59,3.99,5.19,8,8
2026-01-19,2026-01-25,False,AM,DIESEL,R$ / litro,6.6,6.49,6.38,8.33,24,24
2026-01-19,2026-01-25,False,AM,DIESEL S10,R$ / litro,6.825,6.49,6.38,8.89,45,45
2026-01-19,2026-01-25,False,AM,ETANOL,R$ / litro,5.476,5.49,5.39,5.59,38,38
2026-01-19,2026-01-25,False,AM,GASOLINA,R$ / litro,7.148,6.99,6.77,8.29,55,55
2026-01-19,2026-01-25,False,AM,GASOLINA ADITIVADA,R$ / litro,7.186,6.99,6.77,8.39,48,48
2026-01-19,2026-01-25,False,AM,GNV,R$ / m³,3.99,3.99,3.99,3.99,1,1
2026-01-19,2026-01-25,False,BA,DIESEL,R$ / litro,6.199,6.1,5.63,7.2,134,134
2026-01-19,2026-01-25,False,BA,DIESEL S10,R$ / litro,6.276,6.19,5.73,7.2,168,168
2026-01-19,2026-01-25,False,BA,ETANOL,R$ / litro,5.058,5.03,4.35,5.89,192,192
2026-01-19,2026-01-25,False,BA,GASOLINA,R$ / litro,6.57,6.69,5.89,7.1,221,221
2026-01-19,2026-01-25,False,BA,GASOLINA ADITIVADA,R$ / litro,6.68,6.69,5.89,7.67,162,162
2026-01-19,2026-01-25,False,BA,GNV,R$ / m³,4.433,4.285,3.99,5.79,10,10
2026-01-19,2026-01-25,False,CE,DIESEL,R$ / litro,6.148,5.99,5.79,6.55,20,20
2026-01-19,2026-01-25,False,CE,DIESEL S10,R$ / litro,6.064,5.99,5.55,6.79,136,136
2026-01-19,2026-01-25,False,CE,ETANOL,R$ / litro,5.042,4.99,4.35,5.69,132,132
2026-01-19,2026-01-25,False,CE,GASOLINA,R$ / litro,6.288,6.29,5.65,6.95,143,143
2026-01-19,2026-01-25,False,CE,GASOLINA ADITIVADA,R$ / litro,6.406,6.39,5.76,6.95,119,119
2026-01-19,2026-01-25,False,CE,GNV,R$ / m³,5.203,5.15,4.85,6.09,12,12
2026-01-19,2026-01-25,False,DF,DIESEL,R$ / litro,5.967,5.98,5.83,6.18,21,21
2026-01-19,2026-01-25,False,DF,DIESEL S10,R$ / litro,5.977,5.99,5.84,6.19,20,20
2026-01-19,2026-01-25,False,DF,ETANOL,R$ / litro,4.828,4.985,4.47,5.03,22,22
2026-01-19,2026-01-25,False,DF,GASOLINA,R$ / litro,6.513,6.55,6.15,6.59,49,49
2026-01-19,2026-01-25,False,DF,GASOLINA ADITIVADA,R$ / litro,6.54,6.55,6.38,6.95,45,45
2026-01-19,2026-01-25,False,ES,DIESEL,R$ / litro,6.005,5.99,5.79,6.25,26,26
2026-01-19,2026-01-25,False,ES,DIESEL S10,R$ / litro,6.092,6.09,5.85,6.68,53,53
2026-01-19,2026-01-25,False,ES,ETANOL,R$ / litro,4.771,4.69,4.39,5.59,61,61
2026-01-19,2026-01-25,False,ES,GASOLINA,R$ / litro,6.343,6.29,5.89,6.79,87,87
2026-01-19,2026-01-25,False,ES,GASOLINA ADITIVADA,R$ / litro,6.499,6.49,5.99,7.09,70,70
2026-01-19,2026-01-25,False,ES,GNV,R$ / m³,4.224,4.09,4.07,4.98,8,8
2026-01-19,2026-01-25,False,GO,DIESEL,R$ / litro,5.947,5.89,5.45,7.06,101,101
2026-01-19,2026-01-25,False,GO,DIESEL S10,R$ / litro,6.031,5.99,5.55,7.17,139,139
2026-01-19,2026-01-25,False,GO,ETANOL,R$ / litro,4.911,4.925,4.09,5.27,180,180
2026-01-19,2026-01-25,False,GO,GASOLINA,R$ / litro,6.389,6.47,5.44,6.69,183,183
2026-01-19,2026-01-25,False,GO,GASOLINA ADITIVADA,R$ / litro,6.575,6.56,5.69,7.14,112,112
2026-01-19,2026-01-25,False,MA,DIESEL,R$ / litro,6.002,5.95,5.47,6.82,51,51
2026-01-19,2026-01-25,False,MA,DIESEL S10,R$ / litro,6.014,5.89,5.62,6.92,82,82
2026-01-19,2026-01-25,False,MA,ETANOL,R$ / litro,5.027,5.09,4.49,5.69,53,53
2026-01-19,2026-01-25,False,MA,GASOLINA,R$ / litro,6.072,6.045,5.55,6.99,94,94
2026-01-19,2026-01-25,False,MA,GASOLINA ADITIVADA,R$ / litro,6.205,6.18,5.58,7.19,57,57
2026-01-19,2026-01-25,False,MG,DIESEL,R$ / litro,5.972,5.94,5.39,6.69,227,227
2026-01-19,2026-01-25,False,MG,DIESEL S10,R$ / litro,6.07,5.99,5.49,6.79,312,312
2026-01-19,2026-01-25,False,MG,ETANOL,R$ / litro,4.653,4.67,4.09,5.23,428,428
2026-01-19,2026-01-25,False,MG,GASOLINA,R$ / litro,6.195,6.19,5.39,6.79,455,455
2026-01-19,2026-01-25,False,MG,GASOLINA ADITIVADA,R$ / litro,6.431,6.39,5.79,7.19,288,288
2026-01-19,2026-01-25,False,MG,GNV,R$ / m³,4.919,4.82,4.69,5.45,8,8
2026-01-19,2026-01-25,False,MS,DIESEL,R$ / litro,6.11,6.09,5.69,7.17,24,24
2026-01-19,2026-01-25,False,MS,DIESEL S10,R$ / litro,6.198,6.15,5.74,6.79,20,20
2026-01-19,2026-01-25,False,MS,ETANOL,R$ / litro,4.268,4.19,3.93,4.99,31,31
2026-01-19,2026-01-25,False,MS,GASOLINA,R$ / litro,6.239,6.34,5.69,6.89,53,53
2026-01-19,2026-01-25,False,MS,GASOLINA ADITIVADA,R$ / litro,6.377,6.29,5.69,7.03,38,38
2026-01-19,2026-01-25,False,MT,DIESEL,R$ / litro,6.272,6.37,5.79,6.68,38,38
2026-01-19,2026-01-25,False,MT,DIESEL S10,R$ / litro,6.325,6.39,5.85,6.68,49,49
2026-01-19,2026-01-25,False,MT,ETANOL,R$ / litro,4.525,4.55,3.95,4.69,71,71
2026-01-19,2026-01-25,False,MT,GASOLINA,R$ / litro,6.403,6.47,5.84,6.69,70,70
2026-01-19,2026-01-25,False,MT,GASOLINA ADITIVADA,R$ / litro,6.589,6.59,6.19,6.99,35,35
2026-01-19,2026-01-25,False,MT,GNV,R$ / m³,4.05,4.05,4.05,4.05,1,1
2026-01-19,2026-01-25,False,PA,DIESEL,R$ / litro,6.503,6.565,5.75,7.2,40,40
2026-01-19,2026-01-25,False,PA,DIESEL S10,R$ / litro,6.295,6.29,5.39,7.22,71,71
2026-01-19,2026-01-25,False,PA,ETANOL,R$ / litro,4.925,4.99,4.37,5.55,46,46
2026-01-19,2026-01-25,False,PA,GASOLINA,R$ / litro,6.384,6.38,5.59,7.09,97,97
2026-01-19,2026-01-25,False,PA,GASOLINA ADITIVADA,R$ / litro,6.614,6.6,5.79,7.49,69,69
2026-01-19,2026-01-25,False,PB,DIESEL,R$ / litro,5.911,5.85,5.59,6.49,23,23
2026-01-19,2026-01-25,False,PB,DIESEL S10,R$ / litro,5.943,5.89,5.59,6.89,43,43
2026-01-19,2026-01-25,False,PB,ETANOL,R$ / litro,4.478,4.49,4.19,4.99,51,51
2026-01-19,2026-01-25,False,PB,GASOLINA,R$ / litro,6.024,5.99,5.77,6.19,62,62
2026-01-19,2026-01-25,False,PB,GASOLINA ADITIVADA,R$ / litro,6.186,6.19,5.89,6.39,43,43
2026-01-19,2026-01-25,False,PB,GNV,R$ / m³,4.961,4.86,4.85,5.21,10,10
2026-01-19,2026-01-25,False,PE,DIESEL,R$ / litro,6.076,6.09,5.98,6.29,9,9
2026-01-19,2026-01-25,False,PE,DIESEL S10,R$ / litro,5.911,5.88,5.69,6.89,125,125
2026-01-19,2026-01-25,False,PE,ETANOL,R$ / litro,4.921,4.95,4.2,6.49,130,130
2026-01-19,2026-01-25,False,PE,GASOLINA,R$ / litro,6.541,6.75,5.87,7.69,155,155
2026-01-19,2026-01-25,False,PE,GASOLINA ADITIVADA,R$ / litro,6.699,6.8,5.96,7.09,116,116
2026-01-19,2026-01-25,False,PE,GNV,R$ / m³,4.39,4.39,4.39,4.39,28,28
2026-01-19,2026-01-25,False,PI,DIESEL,R$ / litro,6.024,6.015,5.8,6.54,20,20
2026-01-19,2026-01-25,False,PI,DIESEL S10,R$ / litro,6.122,6.08,5.85,6.79,39,39
2026-01-19,2026-01-25,False,PI,ETANOL,R$ / litro,4.661,4.59,4.34,5.2,42,42
2026-01-19,2026-01-25,False,PI,GASOLINA,R$ / litro,5.937,5.91,5.69,6.39,59,59
2026-01-19,2026-01-25,False,PI,GASOLINA ADITIVADA,R$ / litro,6.142,6.15,5.79,6.49,45,45
2026-01-19,2026-01-25,False,PR,DIESEL,R$ / litro,5.953,5.94,5.39,6.87,133,133
2026-01-19,2026-01-25,False,PR,DIESEL S10,R$ / litro,6.076,5.99,5.59,6.99,190,190
2026-01-19,2026-01-25,False,PR,ETANOL,R$ / litro,4.673,4.69,3.99,5.19,266,266
2026-01-19,2026-01-25,False,PR,GASOLINA,R$ / litro,6.552,6.58,5.69,7.09,272,272
2026-01-19,2026-01-25,False,PR,GASOLINA ADITIVADA,R$ / litro,6.682,6.69,5.69,7.39,218,218
2026-01-19,2026-01-25,False,PR,GNV,R$ / m³,4.737,4.73,4.49,4.99,3,3
2026-01-19,2026-01-25,False,RJ,DIESEL,R$ / litro,6.207,6.145,5.54,7.72,106,106
2026-01-19,2026-01-25,False,RJ,DIESEL S10,R$ / litro,6.272,6.19,5.64,7.97,191,191
2026-01-19,2026-01-25,False,RJ,ETANOL,R$ / litro,4.961,4.96,4.09,5.78,259,259
2026-01-19,2026-01-25,False,RJ,GASOLINA,R$ / litro,6.285,6.19,5.49,7.79,301,301
2026-01-19,2026-01-25,False,RJ,GASOLINA ADITIVADA,R$ / litro,6.476,6.49,5.69,7.79,277,277
2026-01-19,2026-01-25,False,RJ,GNV,R$ / m³,4.587,4.49,3.89,6.49,135,135
2026-01-19,2026-01-25,False,RN,DIESEL,R$ / litro,6.421,6.29,5.99,6.99,23,23
2026-01-19,2026-01-25,False,RN,DIESEL S10,R$ / litro,6.434,6.34,5.89,6.99,43,43
2026-01-19,2026-01-25,False,RN,ETANOL,R$ / litro,5.434,5.54,4.99,5.6,46,46
2026-01-19,2026-01-25,False,RN,GASOLINA,R$ / litro,6.595,6.59,6.44,6.79,52,52
2026-01-19,2026-01-25,False,RN,GASOLINA ADITIVADA,R$ / litro,6.653,6.64,6.44,6.99,45,45
2026-01-19,2026-01-25,False,RN,GNV,R$ / m³,5.012,4.95,4.94,5.19,8,8
2026-01-19,2026-01-25,False,RO,DIESEL,R$ / litro,6.477,6.455,5.98,7.84,38,38
2026-01-19,2026-01-25,False,RO,DIESEL S10,R$ / litro,6.494,6.48,5.99,7.89,49,49
2026-01-19,2026-01-25,False,RO,ETANOL,R$ / litro,5.454,5.49,4.99,5.99,30,30
2026-01-19,2026-01-25,False,RO,GASOLINA,R$ / litro,6.954,6.97,6.59,7.89,52,52
2026-01-19,2026-01-25,False,RO,GASOLINA ADITIVADA,R$ / litro,7.071,7.025,6.89,8.04,48,48
2026-01-19,2026-01-25,False,RR,DIESEL,R$ / litro,6.85,6.85,6.8,6.92,12,12
2026-01-19,2026-01-25,False,RR,DIESEL S10,R$ / litro,6.856,6.85,6.85,6.92,12,12
2026-01-19,2026-01-25,False,RR,ETANOL,R$ / litro,5.297,5.29,5.29,5.34,7,7
2026-01-19,2026-01-25,False,RR,GASOLINA,R$ / litro,6.95,6.95,6.95,6.95,13,13
2026-01-19,2026-01-25,False,RR,GASOLINA ADITIVADA,R$ / litro,7.062,7.05,7.04,7.11,13,13
2026-01-19,2026-01-25,False,RS,DIESEL,R$ / litro,6.146,6.145,5.49,7.36,200,200
2026-01-19,2026-01-25,False,RS,DIESEL S10,R$ / litro,6.218,6.205,5.54,7.45,246,246
2026-01-19,2026-01-25,False,RS,ETANOL,R$ / litro,5.033,4.99,4.09,6.39,165,165
2026-01-19,2026-01-25,False,RS,GASOLINA,R$ / litro,6.361,6.375,5.79,7.39,344,344
2026-01-19,2026-01-25,False,RS,GASOLINA ADITIVADA,R$ / litro,6.551,6.54,5.85,7.69,334,334
2026-01-19,2026-01-25,False,RS,GNV,R$ / m³,4.974,4.99,4.69,5.81,22,22
2026-01-19,2026-01-25,False,SC,DIESEL,R$ / litro,6.106,6.09,5.62,6.73,65,65
2026-01-19,2026-01-25,False,SC,DIESEL S10,R$ / litro,6.189,6.19,5.7,6.83,117,117
2026-01-19,2026-01-25,False,SC,ETANOL,R$ / litro,4.947,4.95,4.39,5.55,110,110
2026-01-19,2026-01-25,False,SC,GASOLINA,R$ / litro,6.501,6.47,5.99,6.89,162,162
2026-01-19,2026-01-25,False,SC,GASOLINA ADITIVADA,R$ / litro,6.619,6.62,5.99,7.04,151,151
2026-01-19,2026-01-25,False,SC,GNV,R$ / m³,4.683,4.59,4.53,5.29,26,26
2026-01-19,2026-01-25,False,SE,DIESEL,R$ / litro,5.718,5.69,5.58,6.25,17,17
2026-01-19,2026-01-25,False,SE,DIESEL S10,R$ / litro,5.874,5.76,5.76,6.29,23,23
2026-01-19,2026-01-25,False,SE,ETANOL,R$ / litro,4.853,4.85,4.7,4.99,16,16
2026-01-19,2026-01-25,False,SE,GASOLINA,R$ / litro,6.462,6.465,6.32,6.59,32,32
2026-01-19,2026-01-25,False,SE,GASOLINA ADITIVADA,R$ / litro,6.544,6.545,6.32,6.91,28,28
2026-01-19,2026-01-25,False,SE,GNV,R$ / m³,4.69,4.69,4.69,4.69,3,3
2026-01-19,2026-01-25,False,SP,DIESEL,R$ / litro,6.061,5.99,5.39,8.09,370,370
2026-01-19,2026-01-25,False,SP,DIESEL S10,R$ / litro,6.178,6.09,5.47,9.39,719,719
2026-01-19,2026-01-25,False,SP,ETANOL,R$ / litro,4.443,4.39,3.69,5.99,1145,1145
2026-01-19,2026-01-25,False,SP,GASOLINA,R$ / litro,6.194,6.19,5.28,9.29,1151,1151
2026-01-19,2026-01-25,False,SP,GASOLINA ADITIVADA,R$ / litro,6.481,6.39,5.49,9.69,910,910
2026-01-19,2026-01-25,False,SP,GNV,R$ / m³,3.961,3.99,3.29,4.99,45,45
2026-01-19,2026-01-25,False,TO,DIESEL,R$ / litro,6.078,6.07,5.72,6.79,19,19
2026-01-19,2026-01-25,False,TO,DIESEL S10,R$ / litro,6.09,6.09,5.75,6.59,23,23
2026-01-19,2026-01-25,False,TO,ETANOL,R$ / litro,5.141,5.09,4.59,5.9,22,22
2026-01-19,2026-01-25,False,TO,GASOLINA,R$ / litro,6.552,6.59,5.81,6.79,28,28
2026-01-19,2026-01-25,False,TO,GASOLINA ADITIVADA,R$ / litro,6.657,6.69,6.29,6.95,18,18
2026-01-26,2026-02-01,False,AC,DIESEL,R$ / litro,7.303,7.35,6.95,7.49,12,12
2026-01-26,2026-02-01,False,AC,DIESEL S10,R$ / litro,7.355,7.39,6.99,7.54,12,12
2026-01-26,2026-02-01,False,AC,ETANOL,R$ / litro,5.195,5.19,5.08,5.29,11,11
2026-01-26,2026-02-01,False,AC,GASOLINA,R$ / litro,7.222,7.29,6.79,7.39,13,13
2026-01-26,2026-02-01,False,AC,GASOLINA ADITIVADA,R$ / litro,7.321,7.39,6.89,7.45,13,13
2026-01-26,2026-02-01,False,AL,DIESEL,R$ / litro,6.422,6.39,5.85,6.89,5,5
2026-01-26,2026-02-01,False,AL,DIESEL S10,R$ / litro,6.299,6.26,5.78,6.98,26,26
2026-01-26,2026-02-01,False,AL,ETANOL,R$ / litro,5.018,4.99,4.49,5.59,49,49
2026-01-26,2026-02-01,False,AL,GASOLINA,R$ / litro,6.291,6.37,5.49,6.99,59,59
2026-01-26,2026-02-01,False,AL,GASOLINA ADITIVADA,R$ / litro,6.409,6.39,5.89,7.28,40,40
2026-01-26,2026-02-01,False,AL,GNV,R$ / m³,4.484,4.59,3.99,5.19,9,9
2026-01-26,2026-02-01,False,AM,DIESEL,R$ / litro,6.526,6.49,6.38,6.65,22,22
2026-01-26,2026-02-01,False,AM,DIESEL S10,R$ / litro,6.837,6.49,6.47,8.39,43,43
2026-01-26,2026-02-01,False,AM,ETANOL,R$ / litro,5.476,5.49,5.39,5.59,38,38
2026-01-26,2026-02-01,False,AM,GASOLINA,R$ / litro,7.148,6.99,6.77,8.29,55,55
2026-01-26,2026-02-01,False,AM,GASOLINA ADITIVADA,R$ / litro,7.173,6.99,6.77,8.59,46,46
2026-01-26,2026-02-01,False,AM,GNV,R$ / m³,3.99,3.99,3.99,3.99,2,2
2026-01-26,2026-02-01,False,AP,DIESEL,R$ / litro,6.73,6.73,6.73,6.73,1,1
2026-01-26,2026-02-01,False,AP,DIESEL S10,R$ / litro,6.56,6.56,6.56,6.56,1,1
2026-01-26,2026-02-01,False,AP,GASOLINA,R$ / litro,6.2,6.2,6.15,6.25,2,2
2026-01-26,2026-02-01,False,AP,GASOLINA ADITIVADA,R$ / litro,7.89,7.89,7.89,7.89,1,1
2026-01-26,2026-02-01,False,BA,DIESEL,R$ / litro,6.136,6.09,5.59,6.9,131,131
2026-01-26,2026-02-01,False,BA,DIESEL S10,R$ / litro,6.23,6.19,5.69,6.99,163,163
2026-01-26,2026-02-01,False,BA,ETANOL,R$ / litro,5.084,5.09,4.35,5.89,187,187
2026-01-26,2026-02-01,False,BA,GASOLINA,R$ / litro,6.571,6.69,5.93,6.99,216,216
2026-01-26,2026-02-01,False,BA,GASOLINA ADITIVADA,R$ / litro,6.682,6.69,5.93,7.67,151,151
2026-01-26,2026-02-01,False,BA,GNV,R$ / m³,4.469,4.39,3.99,5.79,13,13
2026-01-26,2026-02-01,False,CE,DIESEL,R$ / litro,6.124,5.99,5.58,6.55,19,19
2026-01-26,2026-02-01,False,CE,DIESEL S10,R$ / litro,6.14,5.99,5.59,6.79,115,115
2026-01-26,2026-02-01,False,CE,ETANOL,R$ / litro,5.124,5.055,4.47,5.62,104,104
2026-01-26,2026-02-01,False,CE,GASOLINA,R$ / litro,6.408,6.49,5.09,6.77,118,118
2026-01-26,2026-02-01,False,CE,GASOLINA ADITIVADA,R$ / litro,6.534,6.59,5.75,6.99,103,103
2026-01-26,2026-02-01,False,CE,GNV,R$ / m³,5.107,5.15,4.85,5.15,7,7
2026-01-26,2026-02-01,False,DF,DIESEL,R$ / litro,5.965,5.98,5.83,6.18,21,21
2026-01-26,2026-02-01,False,DF,DIESEL S10,R$ / litro,5.974,5.99,5.84,6.19,20,20
2026-01-26,2026-02-01,False,DF,ETANOL,R$ / litro,4.715,4.55,4.47,5.03,23,23
2026-01-26,2026-02-01,False,DF,GASOLINA,R$ / litro,6.309,6.18,5.97,6.59,49,49
2026-01-26,2026-02-01,False,DF,GASOLINA ADITIVADA,R$ / litro,6.342,6.38,5.97,6.99,46,46
2026-01-26,2026-02-01,False,ES,DIESEL,R$ / litro,6.007,5.99,5.79,6.25,28,28
2026-01-26,2026-02-01,False,ES,DIESEL S10,R$ / litro,6.071,6.07,5.88,6.59,49,49
2026-01-26,2026-02-01,False,ES,ETANOL,R$ / litro,4.775,4.79,4.45,5.18,56,56
2026-01-26,2026-02-01,False,ES,GASOLINA,R$ / litro,6.311,6.29,5.95,6.79,85,85
2026-01-26,2026-02-01,False,ES,GASOLINA ADITIVADA,R$ / litro,6.477,6.49,5.97,7.09,73,73
2026-01-26,2026-02-01,False,ES,GNV,R$ / m³,4.199,4.09,4.07,4.98,8,8
2026-01-26,2026-02-01,False,GO,DIESEL,R$ / litro,5.93,5.89,5.45,7.06,86,86
2026-01-26,2026-02-01,False,GO,DIESEL S10,R$ / litro,6.009,5.99,5.49,7.17,124,124
2026-01-26,2026-02-01,False,GO,ETANOL,R$ / litro,4.991,4.97,4.27,5.34,160,160
2026-01-26,2026-02-01,False,GO,GASOLINA,R$ / litro,6.429,6.49,5.57,6.79,163,163
2026-01-26,2026-02-01,False,GO,GASOLINA ADITIVADA,R$ / litro,6.59,6.57,5.69,7.14,105,105
2026-01-26,2026-02-01,False,MA,DIESEL,R$ / litro,6.045,5.99,5.47,6.82,43,43
2026-01-26,2026-02-01,False,MA,DIESEL S10,R$ / litro,6.016,5.89,5.62,6.82,75,75
2026-01-26,2026-02-01,False,MA,ETANOL,R$ / litro,5.026,5.09,4.59,5.69,50,50
2026-01-26,2026-02-01,False,MA,GASOLINA,R$ / litro,6.069,6.045,5.47,6.99,84,84
2026-01-26,2026-02-01,False,MA,GASOLINA ADITIVADA,R$ / litro,6.227,6.165,5.59,7.19,54,54
2026-01-26,2026-02-01,False,MG,DIESEL,R$ / litro,5.965,5.92,5.49,6.75,250,250
2026-01-26,2026-02-01,False,MG,DIESEL S10,R$ / litro,6.043,5.99,5.57,6.85,323,323
2026-01-26,2026-02-01,False,MG,ETANOL,R$ / litro,4.682,4.69,4.14,5.19,445,445
2026-01-26,2026-02-01,False,MG,GASOLINA,R$ / litro,6.197,6.19,5.49,6.76,477,477
2026-01-26,2026-02-01,False,MG,GASOLINA ADITIVADA,R$ / litro,6.445,6.39,5.59,8.59,300,300
2026-01-26,2026-02-01,False,MG,GNV,R$ / m³,4.981,4.915,4.79,5.45,8,8
2026-01-26,2026-02-01,False,MS,DIESEL,R$ / litro,6.112,6.07,5.69,7.17,26,26
2026-01-26,2026-02-01,False,MS,DIESEL S10,R$ / litro,6.211,6.17,5.78,6.89,29,29
2026-01-26,2026-02-01,False,MS,ETANOL,R$ / litro,4.337,4.33,3.96,4.97,34,34
2026-01-26,2026-02-01,False,MS,GASOLINA,R$ / litro,6.253,6.335,5.69,6.95,60,60
2026-01-26,2026-02-01,False,MS,GASOLINA ADITIVADA,R$ / litro,6.414,6.35,5.69,7.02,47,47
2026-01-26,2026-02-01,False,MS,GNV,R$ / m³,4.59,4.59,4.59,4.59,1,1
2026-01-26,2026-02-01,False,MT,DIESEL,R$ / litro,6.311,6.29,5.79,6.89,29,29
2026-01-26,2026-02-01,False,MT,DIESEL S10,R$ / litro,6.337,6.37,5.85,6.97,37,37
2026-01-26,2026-02-01,False,MT,ETANOL,R$ / litro,4.501,4.53,3.95,4.74,59,59
2026-01-26,2026-02-01,False,MT,GASOLINA,R$ / litro,6.408,6.45,5.79,6.89,60,60
2026-01-26,2026-02-01,False,MT,GASOLINA ADITIVADA,R$ / litro,6.586,6.585,6.17,6.98,32,32
2026-01-26,2026-02-01,False,MT,GNV,R$ / m³,3.99,3.99,3.99,3.99,1,1
2026-01-26,2026-02-01,False,PA,DIESEL,R$ / litro,6.565,6.58,5.75,7.39,44,44
2026-01-26,2026-02-01,False,PA,DIESEL S10,R$ / litro,6.356,6.29,5.39,7.39,81,81
2026-01-26,2026-02-01,False,PA,ETANOL,R$ / litro,4.957,4.99,4.37,5.55,44,44
2026-01-26,2026-02-01,False,PA,GASOLINA,R$ / litro,6.445,6.5,5.59,7.1,103,103
2026-01-26,2026-02-01,False,PA,GASOLINA ADITIVADA,R$ / litro,6.649,6.73,5.89,7.59,72,72
2026-01-26,2026-02-01,False,PB,DIESEL,R$ / litro,5.946,5.89,5.59,6.49,23,23
2026-01-26,2026-02-01,False,PB,DIESEL S10,R$ / litro,5.953,5.89,5.69,6.59,38,38
2026-01-26,2026-02-01,False,PB,ETANOL,R$ / litro,4.496,4.49,4.29,4.99,52,52
2026-01-26,2026-02-01,False,PB,GASOLINA,R$ / litro,6.023,5.99,5.77,6.19,64,64
2026-01-26,2026-02-01,False,PB,GASOLINA ADITIVADA,R$ / litro,6.186,6.19,5.94,6.39,40,40
2026-01-26,2026-02-01,False,PB,GNV,R$ / m³,4.896,4.86,4.85,5.21,9,9
2026-01-26,2026-02-01,False,PE,DIESEL,R$ / litro,6.086,6.09,5.98,6.29,8,8
2026-01-26,2026-02-01,False,PE,DIESEL S10,R$ / litro,5.896,5.89,5.44,6.99,152,152
2026-01-26,2026-02-01,False,PE,ETANOL,R$ / litro,4.911,4.95,4.2,6.49,158,158
2026-01-26,2026-02-01,False,PE,GASOLINA,R$ / litro,6.516,6.75,5.85,7.69,181,181
2026-01-26,2026-02-01,False,PE,GASOLINA ADITIVADA,R$ / litro,6.667,6.795,5.96,7.09,136,136
2026-01-26,2026-02-01,False,PE,GNV,R$ / m³,4.39,4.39,4.39,4.39,28,28
2026-01-26,2026-02-01,False,PI,DIESEL,R$ / litro,6.048,5.965,5.8,6.75,20,20
2026-01-26,2026-02-01,False,PI,DIESEL S10,R$ / litro,6.14,6.085,5.85,6.9,36,36
2026-01-26,2026-02-01,False,PI,ETANOL,R$ / litro,4.668,4.59,4.38,5.2,42,42
2026-01-26,2026-02-01,False,PI,GASOLINA,R$ / litro,5.934,5.92,5.69,6.25,59,59
2026-01-26,2026-02-01,False,PI,GASOLINA ADITIVADA,R$ / litro,6.148,6.15,5.86,6.49,43,43
2026-01-26,2026-02-01,False,PR,DIESEL,R$ / litro,5.935,5.915,5.39,6.87,148,148
2026-01-26,2026-02-01,False,PR,DIESEL S10,R$ / litro,6.055,5.99,5.59,6.99,210,210
2026-01-26,2026-02-01,False,PR,ETANOL,R$ / litro,4.67,4.69,3.99,5.19,285,285
2026-01-26,2026-02-01,False,PR,GASOLINA,R$ / litro,6.538,6.58,5.69,7.09,288,288
2026-01-26,2026-02-01,False,PR,GASOLINA ADITIVADA,R$ / litro,6.675,6.69,5.69,7.39,230,230
2026-01-26,2026-02-01,False,PR,GNV,R$ / m³,4.698,4.73,4.49,4.99,5,5
2026-01-26,2026-02-01,False,RJ,DIESEL,R$ / litro,6.216,6.17,5.54,7.72,109,109
2026-01-26,2026-02-01,False,RJ,DIESEL S10,R$ / litro,6.277,6.19,5.64,7.97,195,195
2026-01-26,2026-02-01,False,RJ,ETANOL,R$ / litro,4.98,4.99,4.09,5.69,265,265
2026-01-26,2026-02-01,False,RJ,GASOLINA,R$ / litro,6.271,6.19,5.49,7.79,307,307
2026-01-26,2026-02-01,False,RJ,GASOLINA ADITIVADA,R$ / litro,6.475,6.49,5.69,7.79,280,280
2026-01-26,2026-02-01,False,RJ,GNV,R$ / m³,4.548,4.475,3.95,6.49,136,136
2026-01-26,2026-02-01,False,RN,DIESEL,R$ / litro,6.428,6.29,6.19,6.89,19,19
2026-01-26,2026-02-01,False,RN,DIESEL S10,R$ / litro,6.426,6.38,5.79,6.99,38,38
2026-01-26,2026-02-01,False,RN,ETANOL,R$ / litro,5.398,5.54,4.99,5.6,40,40
2026-01-26,2026-02-01,False,RN,GASOLINA,R$ / litro,6.607,6.59,6.4,6.79,44,44
2026-01-26,2026-02-01,False,RN,GASOLINA ADITIVADA,R$ / litro,6.649,6.655,6.49,6.89,38,38
2026-01-26,2026-02-01,False,RN,GNV,R$ / m³,5.02,4.97,4.95,5.19,8,8
2026-01-26,2026-02-01,False,RO,DIESEL,R$ / litro,6.485,6.45,5.98,7.84,38,38
2026-01-26,2026-02-01,False,RO,DIESEL S10,R$ / litro,6.511,6.485,5.99,7.89,48,48
2026-01-26,2026-02-01,False,RO,ETANOL,R$ / litro,5.454,5.49,4.99,5.99,31,31
2026-01-26,2026-02-01,False,RO,GASOLINA,R$ / litro,6.932,6.97,6.54,7.89,52,52
2026-01-26,2026-02-01,False,RO,GASOLINA ADITIVADA,R$ / litro,7.054,7.02,6.71,8.04,47,47
2026-01-26,2026-02-01,False,RR,DIESEL,R$ / litro,6.85,6.85,6.8,6.92,12,12
2026-01-26,2026-02-01,False,RR,DIESEL S10,R$ / litro,6.856,6.85,6.85,6.92,12,12
2026-01-26,2026-02-01,False,RR,ETANOL,R$ / litro,5.297,5.29,5.29,5.34,7,7
2026-01-26,2026-02-01,False,RR,GASOLINA,R$ / litro,6.95,6.95,6.95,6.95,13,13
2026-01-26,2026-02-01,False,RR,GASOLINA ADITIVADA,R$ / litro,7.062,7.05,7.04,7.11,13,13
2026-01-26,2026-02-01,False,RS,DIESEL,R$ / litro,6.133,6.115,5.49,7.29,200,200
2026-01-26,2026-02-01,False,RS,DIESEL S10,R$ / litro,6.211,6.19,5.35,7.39,226,226
2026-01-26,2026-02-01,False,RS,ETANOL,R$ / litro,5.06,4.99,4.55,6.39,155,155
2026-01-26,2026-02-01,False,RS,GASOLINA,R$ / litro,6.338,6.29,5.79,7.39,328,328
2026-01-26,2026-02-01,False,RS,GASOLINA ADITIVADA,R$ / litro,6.529,6.49,5.85,7.69,311,311
2026-01-26,2026-02-01,False,RS,GNV,R$ / m³,5.029,4.99,4.69,5.99,27,27
2026-01-26,2026-02-01,False,SC,DIESEL,R$ / litro,6.134,6.19,5.59,6.73,64,64
2026-01-26,2026-02-01,False,SC,DIESEL S10,R$ / litro,6.191,6.19,5.69,6.83,117,117
2026-01-26,2026-02-01,False,SC,ETANOL,R$ / litro,4.959,4.965,4.54,5.55,108,108
2026-01-26,2026-02-01,False,SC,GASOLINA,R$ / litro,6.51,6.47,5.99,6.89,169,169
2026-01-26,2026-02-01,False,SC,GASOLINA ADITIVADA,R$ / litro,6.628,6.63,5.99,7.04,159,159
2026-01-26,2026-02-01,False,SC,GNV,R$ / m³,4.693,4.59,4.53,5.29,23,23
2026-01-26,2026-02-01,False,SE,DIESEL,R$ / litro,5.719,5.69,5.58,6.25,17,17
2026-01-26,2026-02-01,False,SE,DIESEL S10,R$ / litro,5.864,5.76,5.76,6.29,22,22
2026-01-26,2026-02-01,False,SE,ETANOL,R$ / litro,4.839,4.825,4.7,4.99,18,18
2026-01-26,2026-02-01,False,SE,GASOLINA,R$ / litro,6.458,6.41,6.32,6.59,31,31
2026-01-26,2026-02-01,False,SE,GASOLINA ADITIVADA,R$ / litro,6.535,6.52,6.32,6.91,27,27
2026-01-26,2026-02-01,False,SE,GNV,R$ / m³,4.69,4.69,4.69,4.69,2,2
2026-01-26,2026-02-01,False,SP,DIESEL,R$ / litro,6.059,5.99,5.45,8.09,401,401
2026-01-26,2026-02-01,False,SP,DIESEL S10,R$ / litro,6.16,6.09,5.47,8.99,784,784
2026-01-26,2026-02-01,False,SP,ETANOL,R$ / litro,4.477,4.47,3.83,5.99,1184,1184
2026-01-26,2026-02-01,False,SP,GASOLINA,R$ / litro,6.197,6.19,5.28,9.29,1195,1195
2026-01-26,2026-02-01,False,SP,GASOLINA ADITIVADA,R$ / litro,6.475,6.41,5.49,9.49,951,951
2026-01-26,2026-02-01,False,SP,GNV,R$ / m³,3.981,3.99,3.29,5.29,44,44
2026-01-26,2026-02-01,False,TO,DIESEL,R$ / litro,6.037,5.99,5.64,6.79,19,19
2026-01-26,2026-02-01,False,TO,DIESEL S10,R$ / litro,6.038,5.99,5.69,6.49,24,24
2026-01-26,2026-02-01,False,TO,ETANOL,R$ / litro,5.124,5.09,4.59,5.9,22,22
2026-01-26,2026-02-01,False,TO,GASOLINA,R$ / litro,6.513,6.59,5.81,6.79,28,28
2026-01-26,2026-02-01,False,TO,GASOLINA ADITIVADA,R$ / litro,6.582,6.62,6.09,6.89,18,18
2026-02-02,2026-02-08,False,AC,DIESEL,R$ / litro,7.62,7.44,6.99,8.15,11,11
2026-02-02,2026-02-08,False,AC,DIESEL S10,R$ / litro,7.659,7.49,6.99,8.17,11,11
2026-02-02,2026-02-08,False,AC,ETANOL,R$ / litro,5.436,5.24,5.08,6.08,10,10
2026-02-02,2026-02-08,False,AC,GASOLINA,R$ / litro,7.506,7.355,6.94,7.99,12,12
2026-02-02,2026-02-08,False,AC,GASOLINA ADITIVADA,R$ / litro,7.582,7.39,6.99,8.17,12,12
2026-02-02,2026-02-08,False,AL,DIESEL,R$ / litro,6.663,6.89,5.84,6.98,11,11
2026-02-02,2026-02-08,False,AL,DIESEL S10,R$ / litro,6.359,6.29,5.78,6.98,31,31
2026-02-02,2026-02-08,False,AL,ETANOL,R$ / litro,5.032,4.99,4.49,5.59,49,49
2026-02-02,2026-02-08,False,AL,GASOLINA,R$ / litro,6.226,6.19,5.44,6.99,59,59
2026-02-02,2026-02-08,False,AL,GASOLINA ADITIVADA,R$ / litro,6.347,6.39,5.49,7.28,41,41
2026-02-02,2026-02-08,False,AM,DIESEL,R$ / litro,6.519,6.49,6.38,6.65,22,22
2026-02-02,2026-02-08,False,AM,DIESEL S10,R$ / litro,6.892,6.49,6.38,8.98,41,41
2026-02-02,2026-02-08,False,AM,ETANOL,R$ / litro,5.48,5.49,5.39,5.59,35,35
2026-02-02,2026-02-08,False,AM,GASOLINA,R$ / litro,7.158,6.99,6.77,8.29,53,53
2026-02-02,2026-02-08,False,AM,GASOLINA ADITIVADA,R$ / litro,7.199,6.99,6.78,8.39,46,46
2026-02-02,2026-02-08,False,AP,DIESEL,R$ / litro,6.46,6.45,6.35,6.56,5,5
2026-02-02,2026-02-08,False,AP,DIESEL S10,R$ / litro,6.534,6.56,6.4,6.59,7,7
2026-02-02,2026-02-08,False,AP,ETANOL,R$ / litro,5.89,5.89,5.89,5.89,1,1
2026-02-02,2026-02-08,False,AP,GASOLINA,R$ / litro,6.098,6.14,5.95,6.25,11,11
2026-02-02,2026-02-08,False,AP,GASOLINA ADITIVADA,R$ / litro,6.42,6.42,6.32,6.52,2,2
2026-02-02,2026-02-08,False,BA,DIESEL,R$ / litro,6.156,6.09,5.59,6.9,113,113
2026-02-02,2026-02-08,False,BA,DIESEL S10,R$ / litro,6.267,6.19,5.69,6.99,143,143
2026-02-02,2026-02-08,False,BA,ETANOL,R$ / litro,5.088,5.04,4.35,5.89,170,170
2026-02-02,2026-02-08,False,BA,GASOLINA,R$ / litro,6.571,6.69,5.89,6.99,195,195
2026-02-02,2026-02-08,False,BA,GASOLINA ADITIVADA,R$ / litro,6.685,6.695,5.89,7.67,136,136
2026-02-02,2026-02-08,False,CE,DIESEL,R$ / litro,6.17,6.09,5.75,6.55,14,14
2026-02-02,2026-02-08,False,CE,DIESEL S10,R$ / litro,6.151,5.99,5.75,6.79,112,112
2026-02-02,2026-02-08,False,CE,ETANOL,R$ / litro,5.138,4.99,4.47,5.62,109,109
2026-02-02,2026-02-08,False,CE,GASOLINA,R$ / litro,6.434,6.485,5.7,6.79,124,124
2026-02-02,2026-02-08,False,CE,GASOLINA ADITIVADA,R$ / litro,6.527,6.58,5.7,6.89,109,109
2026-02-02,2026-02-08,False,CE,GNV,R$ / m³,5.15,5.15,5.15,5.15,4,4
2026-02-02,2026-02-08,False,DF,DIESEL,R$ / litro,5.962,5.98,5.83,6.18,20,20
2026-02-02,2026-02-08,False,DF,DIESEL S10,R$ / litro,5.969,5.97,5.84,6.19,20,20
2026-02-02,2026-02-08,False,DF,ETANOL,R$ / litro,4.635,4.55,4.35,5.27,23,23
2026-02-02,2026-02-08,False,DF,GASOLINA,R$ / litro,6.202,6.07,5.83,6.59,49,49
2026-02-02,2026-02-08,False,DF,GASOLINA ADITIVADA,R$ / litro,6.193,6.06,5.86,6.99,44,44
2026-02-02,2026-02-08,False,ES,DIESEL,R$ / litro,6.009,5.99,5.79,6.25,23,23
2026-02-02,2026-02-08,False,ES,DIESEL S10,R$ / litro,6.078,6.09,5.85,6.59,41,41
2026-02-02,2026-02-08,False,ES,ETANOL,R$ / litro,4.782,4.79,4.45,5.18,48,48
2026-02-02,2026-02-08,False,ES,GASOLINA,R$ / litro,6.235,6.185,5.87,6.69,76,76
2026-02-02,2026-02-08,False,ES,GASOLINA ADITIVADA,R$ / litro,6.427,6.39,5.99,7.09,67,67
2026-02-02,2026-02-08,False,ES,GNV,R$ / m³,4.09,4.09,4.09,4.09,1,1
2026-02-02,2026-02-08,False,GO,DIESEL,R$ / litro,5.877,5.89,5.45,7.06,78,78
2026-02-02,2026-02-08,False,GO,DIESEL S10,R$ / litro,5.986,5.99,5.49,7.17,126,126
2026-02-02,2026-02-08,False,GO,ETANOL,R$ / litro,4.966,5.09,4.19,5.29,151,151
2026-02-02,2026-02-08,False,GO,GASOLINA,R$ / litro,6.379,6.49,5.39,6.69,156,156
2026-02-02,2026-02-08,False,GO,GASOLINA ADITIVADA,R$ / litro,6.534,6.57,5.49,7.09,103,103
2026-02-02,2026-02-08,False,MA,DIESEL,R$ / litro,6.026,5.99,5.47,6.82,41,41
2026-02-02,2026-02-08,False,MA,DIESEL S10,R$ / litro,6.009,5.89,5.55,6.82,75,75
2026-02-02,2026-02-08,False,MA,ETANOL,R$ / litro,5.021,5.09,4.59,5.69,53,53
2026-02-02,2026-02-08,False,MA,GASOLINA,R$ / litro,6.013,6.04,5.5,6.99,89,89
2026-02-02,2026-02-08,False,MA,GASOLINA ADITIVADA,R$ / litro,6.158,6.09,5.55,7.19,57,57
2026-02-02,2026-02-08,False,MG,DIESEL,R$ / litro,5.958,5.94,5.57,6.69,241,241
2026-02-02,2026-02-08,False,MG,DIESEL S10,R$ / litro,6.051,5.99,5.65,6.9,317,317
2026-02-02,2026-02-08,False,MG,ETANOL,R$ / litro,4.673,4.69,4.17,5.29,420,420
2026-02-02,2026-02-08,False,MG,GASOLINA,R$ / litro,6.185,6.17,5.68,6.76,445,445
2026-02-02,2026-02-08,False,MG,GASOLINA ADITIVADA,R$ / litro,6.414,6.39,5.69,7.91,273,273
2026-02-02,2026-02-08,False,MS,DIESEL,R$ / litro,6.208,6.12,5.69,7.19,30,30
2026-02-02,2026-02-08,False,MS,DIESEL S10,R$ / litro,6.219,6.16,5.78,6.94,28,28
2026-02-02,2026-02-08,False,MS,ETANOL,R$ / litro,4.359,4.29,3.99,5.07,34,34
2026-02-02,2026-02-08,False,MS,GASOLINA,R$ / litro,6.269,6.33,5.65,6.99,59,59
2026-02-02,2026-02-08,False,MS,GASOLINA ADITIVADA,R$ / litro,6.404,6.35,5.67,7.02,47,47
2026-02-02,2026-02-08,False,MT,DIESEL,R$ / litro,6.335,6.37,5.79,6.89,40,40
2026-02-02,2026-02-08,False,MT,DIESEL S10,R$ / litro,6.382,6.435,5.85,6.97,48,48
2026-02-02,2026-02-08,False,MT,ETANOL,R$ / litro,4.545,4.55,3.95,4.79,73,73
2026-02-02,2026-02-08,False,MT,GASOLINA,R$ / litro,6.426,6.39,5.79,6.89,73,73
2026-02-02,2026-02-08,False,MT,GASOLINA ADITIVADA,R$ / litro,6.649,6.595,6.17,7.09,44,44
2026-02-02,2026-02-08,False,PA,DIESEL,R$ / litro,6.456,6.49,5.75,7.2,41,41
2026-02-02,2026-02-08,False,PA,DIESEL S10,R$ / litro,6.313,6.31,5.45,7.95,78,78
2026-02-02,2026-02-08,False,PA,ETANOL,R$ / litro,4.959,4.99,3.99,5.55,47,47
2026-02-02,2026-02-08,False,PA,GASOLINA,R$ / litro,6.402,6.49,5.33,7.09,100,100
2026-02-02,2026-02-08,False,PA,GASOLINA ADITIVADA,R$ / litro,6.652,6.7,5.89,7.59,70,70
2026-02-02,2026-02-08,False,PB,DIESEL,R$ / litro,5.954,5.88,5.59,6.49,25,25
2026-02-02,2026-02-08,False,PB,DIESEL S10,R$ / litro,5.932,5.89,5.69,6.59,47,47
2026-02-02,2026-02-08,False,PB,ETANOL,R$ / litro,4.498,4.465,4.37,4.99,56,56
2026-02-02,2026-02-08,False,PB,GASOLINA,R$ / litro,5.986,5.99,5.73,6.19,66,66
2026-02-02,2026-02-08,False,PB,GASOLINA ADITIVADA,R$ / litro,6.157,6.15,5.86,6.39,39,39
2026-02-02,2026-02-08,False,PB,GNV,R$ / m³,4.973,4.86,4.85,5.21,6,6
2026-02-02,2026-02-08,False,PE,DIESEL,R$ / litro,6.1,6.09,5.99,6.29,8,8
2026-02-02,2026-02-08,False,PE,DIESEL S10,R$ / litro,5.879,5.87,5.59,6.89,141,141
2026-02-02,2026-02-08,False,PE,ETANOL,R$ / litro,4.939,4.95,4.2,6.49,147,147
2026-02-02,2026-02-08,False,PE,GASOLINA,R$ / litro,6.469,6.65,5.85,7.59,171,171
2026-02-02,2026-02-08,False,PE,GASOLINA ADITIVADA,R$ / litro,6.624,6.78,5.96,6.99,130,130
2026-02-02,2026-02-08,False,PI,DIESEL,R$ / litro,5.995,5.95,5.73,6.54,26,26
2026-02-02,2026-02-08,False,PI,DIESEL S10,R$ / litro,6.051,5.99,5.75,6.89,35,35
2026-02-02,2026-02-08,False,PI,ETANOL,R$ / litro,4.658,4.59,4.34,5.2,38,38
2026-02-02,2026-02-08,False,PI,GASOLINA,R$ / litro,5.931,5.89,5.69,6.39,55,55
2026-02-02,2026-02-08,False,PI,GASOLINA ADITIVADA,R$ / litro,6.147,6.18,5.76,6.49,40,40
2026-02-02,2026-02-08,False,PR,DIESEL,R$ / litro,5.946,5.915,5.49,6.87,130,130
2026-02-02,2026-02-08,False,PR,DIESEL S10,R$ / litro,6.062,5.99,5.59,6.99,185,185
2026-02-02,2026-02-08,False,PR,ETANOL,R$ / litro,4.687,4.69,4.07,5.19,257,257
2026-02-02,2026-02-08,False,PR,GASOLINA,R$ / litro,6.534,6.58,5.69,7.09,259,259
2026-02-02,2026-02-08,False,PR,GASOLINA ADITIVADA,R$ / litro,6.66,6.69,5.79,7.39,209,209
2026-02-02,2026-02-08,False,PR,GNV,R$ / m³,4.74,4.74,4.74,4.74,1,1
2026-02-02,2026-02-08,False,RJ,DIESEL,R$ / litro,6.211,6.15,5.54,7.72,115,115
2026-02-02,2026-02-08,False,RJ,DIESEL S10,R$ / litro,6.264,6.19,5.49,7.97,215,215
2026-02-02,2026-02-08,False,RJ,ETANOL,R$ / litro,5.007,4.99,4.09,5.69,282,282
2026-02-02,2026-02-08,False,RJ,GASOLINA,R$ / litro,6.27,6.19,5.67,7.79,323,323
2026-02-02,2026-02-08,False,RJ,GASOLINA ADITIVADA,R$ / litro,6.456,6.45,5.79,7.79,292,292
2026-02-02,2026-02-08,False,RJ,GNV,R$ / m³,4.692,4.59,3.99,5.99,25,25
2026-02-02,2026-02-08,False,RN,DIESEL,R$ / litro,6.443,6.29,6.19,6.99,24,24
2026-02-02,2026-02-08,False,RN,DIESEL S10,R$ / litro,6.426,6.38,6.07,6.99,43,43
2026-02-02,2026-02-08,False,RN,ETANOL,R$ / litro,5.425,5.54,4.89,5.6,49,49
2026-02-02,2026-02-08,False,RN,GASOLINA,R$ / litro,6.601,6.59,6.44,6.79,50,50
2026-02-02,2026-02-08,False,RN,GASOLINA ADITIVADA,R$ / litro,6.645,6.615,6.45,6.99,46,46
2026-02-02,2026-02-08,False,RN,GNV,R$ / m³,5.09,5.09,5.09,5.09,1,1
2026-02-02,2026-02-08,False,RO,DIESEL,R$ / litro,6.472,6.48,5.98,6.95,32,32
2026-02-02,2026-02-08,False,RO,DIESEL S10,R$ / litro,6.5,6.49,6.02,7.2,37,37
2026-02-02,2026-02-08,False,RO,ETANOL,R$ / litro,5.438,5.49,4.99,5.99,27,27
2026-02-02,2026-02-08,False,RO,GASOLINA,R$ / litro,6.911,6.97,6.54,7.2,48,48
2026-02-02,2026-02-08,False,RO,GASOLINA ADITIVADA,R$ / litro,7.029,6.99,6.71,7.24,45,45
2026-02-02,2026-02-08,False,RR,DIESEL,R$ / litro,6.829,6.85,6.6,6.92,12,12
2026-02-02,2026-02-08,False,RR,DIESEL S10,R$ / litro,6.835,6.85,6.6,6.92,12,12
2026-02-02,2026-02-08,False,RR,ETANOL,R$ / litro,5.297,5.29,5.29,5.34,7,7
2026-02-02,2026-02-08,False,RR,GASOLINA,R$ / litro,6.95,6.95,6.95,6.95,13,13
2026-02-02,2026-02-08,False,RR,GASOLINA ADITIVADA,R$ / litro,7.062,7.05,7.04,7.11,13,13
2026-02-02,2026-02-08,False,RS,DIESEL,R$ / litro,6.11,6.09,5.09,7.29,183,183
2026-02-02,2026-02-08,False,RS,DIESEL S10,R$ / litro,6.183,6.19,5.59,7.43,212,212
2026-02-02,2026-02-08,False,RS,ETANOL,R$ / litro,5.09,4.99,4.55,6.83,137,137
2026-02-02,2026-02-08,False,RS,GASOLINA,R$ / litro,6.3,6.29,5.85,7.39,317,317
2026-02-02,2026-02-08,False,RS,GASOLINA ADITIVADA,R$ / litro,6.493,6.49,5.85,7.69,302,302
2026-02-02,2026-02-08,False,RS,GNV,R$ / m³,5.32,5.32,4.99,5.65,2,2
2026-02-02,2026-02-08,False,SC,DIESEL,R$ / litro,6.112,6.145,5.59,6.73,60,60
2026-02-02,2026-02-08,False,SC,DIESEL S10,R$ / litro,6.171,6.19,5.69,6.89,110,110
2026-02-02,2026-02-08,False,SC,ETANOL,R$ / litro,4.969,4.97,4.54,5.55,110,110
2026-02-02,2026-02-08,False,SC,GASOLINA,R$ / litro,6.506,6.47,5.99,6.89,163,163
2026-02-02,2026-02-08,False,SC,GASOLINA ADITIVADA,R$ / litro,6.627,6.59,6.09,7.04,152,152
2026-02-02,2026-02-08,False,SC,GNV,R$ / m³,4.641,4.59,4.56,4.84,7,7
2026-02-02,2026-02-08,False,SE,DIESEL,R$ / litro,5.699,5.58,5.58,6.25,15,15
2026-02-02,2026-02-08,False,SE,DIESEL S10,R$ / litro,5.854,5.76,5.76,6.29,21,21
2026-02-02,2026-02-08,False,SE,ETANOL,R$ / litro,4.847,4.85,4.7,4.99,13,13
2026-02-02,2026-02-08,False,SE,GASOLINA,R$ / litro,6.434,6.41,6.32,6.58,25,25
2026-02-02,2026-02-08,False,SE,GASOLINA ADITIVADA,R$ / litro,6.476,6.42,6.32,6.66,21,21
2026-02-02,2026-02-08,False,SP,DIESEL,R$ / litro,6.064,5.99,5.39,8.09,403,403
2026-02-02,2026-02-08,False,SP,DIESEL S10,R$ / litro,6.185,6.09,5.47,9.99,749,749
2026-02-02,2026-02-08,False,SP,ETANOL,R$ / litro,4.486,4.48,3.89,5.99,1159,1159
2026-02-02,2026-02-08,False,SP,GASOLINA,R$ / litro,6.206,6.19,5.28,9.29,1172,1172
2026-02-02,2026-02-08,False,SP,GASOLINA ADITIVADA,R$ / litro,6.483,6.48,5.59,9.69,935,935
2026-02-02,2026-02-08,False,SP,GNV,R$ / m³,3.812,3.99,3.29,3.99,9,9
2026-02-02,2026-02-08,False,TO,DIESEL,R$ / litro,6.067,5.99,5.61,6.79,24,24
2026-02-02,2026-02-08,False,TO,DIESEL S10,R$ / litro,6.1,5.99,5.75,6.59,27,27
2026-02-02,2026-02-08,False,TO,ETANOL,R$ / litro,5.229,5.29,4.75,5.9,29,29
2026-02-02,2026-02-08,False,TO,GASOLINA,R$ / litro,6.533,6.59,5.81,6.79,34,34
2026-02-02,2026-02-08,False,TO,GASOLINA ADITIVADA,R$ / litro,6.595,6.59,6.09,6.89,23,23
2026-02-09,2026-02-15,False,AC,DIESEL,R$ / litro,7.28,7.35,6.95,7.49,8,8
2026-02-09,2026-02-15,False,AC,DIESEL S10,R$ / litro,7.329,7.39,6.99,7.54,8,8
2026-02-09,2026-02-15,False,AC,ETANOL,R$ / litro,5.168,5.17,5.08,5.29,8,8
2026-02-09,2026-02-15,False,AC,GASOLINA,R$ / litro,7.162,7.28,6.79,7.39,9,9
2026-02-09,2026-02-15,False,AC,GASOLINA ADITIVADA,R$ / litro,7.262,7.33,6.89,7.45,9,9
2026-02-09,2026-02-15,False,AL,DIESEL,R$ / litro,6.402,6.34,5.84,6.98,8,8
2026-02-09,2026-02-15,False,AL,DIESEL S10,R$ / litro,6.238,6.19,5.78,6.98,32,32
2026-02-09,2026-02-15,False,AL,ETANOL,R$ / litro,4.99,4.99,4.39,5.59,52,52
2026-02-09,2026-02-15,False,AL,GASOLINA,R$ / litro,6.257,6.37,5.44,6.99,59,59
2026-02-09,2026-02-15,False,AL,GASOLINA ADITIVADA,R$ / litro,6.388,6.39,5.44,7.28,41,41
2026-02-09,2026-02-15,False,AL,GNV,R$ / m³,4.507,4.59,3.99,5.19,9,9
2026-02-09,2026-02-15,False,AM,DIESEL,R$ / litro,6.526,6.49,6.38,6.65,22,22
2026-02-09,2026-02-15,False,AM,DIESEL S10,R$ / litro,6.864,6.49,6.38,8.39,43,43
2026-02-09,2026-02-15,False,AM,ETANOL,R$ / litro,5.476,5.49,5.39,5.59,39,39
2026-02-09,2026-02-15,False,AM,GASOLINA,R$ / litro,7.143,6.99,6.77,8.29,55,55
2026-02-09,2026-02-15,False,AM,GASOLINA ADITIVADA,R$ / litro,7.176,6.99,6.77,8.39,48,48
2026-02-09,2026-02-15,False,AM,GNV,R$ / m³,3.99,3.99,3.99,3.99,1,1
2026-02-09,2026-02-15,False,AP,DIESEL,R$ / litro,6.438,6.43,6.35,6.54,4,4
2026-02-09,2026-02-15,False,AP,DIESEL S10,R$ / litro,6.52,6.56,6.4,6.59,5,5
2026-02-09,2026-02-15,False,AP,GASOLINA,R$ / litro,6.082,6.115,5.95,6.25,8,8
2026-02-09,2026-02-15,False,BA,DIESEL,R$ / litro,6.115,6.09,5.54,6.9,141,141
2026-02-09,2026-02-15,False,BA,DIESEL S10,R$ / litro,6.205,6.19,5.64,6.99,174,174
2026-02-09,2026-02-15,False,BA,ETANOL,R$ / litro,5.035,4.99,4.35,5.89,205,205
2026-02-09,2026-02-15,False,BA,GASOLINA,R$ / litro,6.493,6.62,5.85,6.99,236,236
2026-02-09,2026-02-15,False,BA,GASOLINA ADITIVADA,R$ / litro,6.586,6.69,5.85,7.29,165,165
2026-02-09,2026-02-15,False,BA,GNV,R$ / m³,4.5,4.39,3.99,5.79,13,13
2026-02-09,2026-02-15,False,CE,DIESEL,R$ / litro,6.144,6.09,5.75,6.55,16,16
2026-02-09,2026-02-15,False,CE,DIESEL S10,R$ / litro,6.149,5.99,5.49,6.79,103,103
2026-02-09,2026-02-15,False,CE,ETANOL,R$ / litro,5.159,5.09,4.57,5.62,107,107
2026-02-09,2026-02-15,False,CE,GASOLINA,R$ / litro,6.452,6.49,5.7,6.77,119,119
2026-02-09,2026-02-15,False,CE,GASOLINA ADITIVADA,R$ / litro,6.556,6.59,5.7,6.99,103,103
2026-02-09,2026-02-15,False,CE,GNV,R$ / m³,5.15,5.15,5.15,5.15,7,7
2026-02-09,2026-02-15,False,DF,DIESEL,R$ / litro,6.179,6.27,5.84,6.45,22,22
2026-02-09,2026-02-15,False,DF,DIESEL S10,R$ / litro,6.175,6.15,5.89,6.47,19,19
2026-02-09,2026-02-15,False,DF,ETANOL,R$ / litro,5.109,5.15,4.74,5.17,20,20
2026-02-09,2026-02-15,False,DF,GASOLINA,R$ / litro,6.447,6.45,6.14,6.89,49,49
2026-02-09,2026-02-15,False,DF,GASOLINA ADITIVADA,R$ / litro,6.479,6.45,6.14,7.29,47,47
2026-02-09,2026-02-15,False,ES,DIESEL,R$ / litro,6.006,5.99,5.79,6.69,32,32
2026-02-09,2026-02-15,False,ES,DIESEL S10,R$ / litro,6.068,6.02,5.89,6.79,48,48
2026-02-09,2026-02-15,False,ES,ETANOL,R$ / litro,4.803,4.79,4.45,5.19,55,55
2026-02-09,2026-02-15,False,ES,GASOLINA,R$ / litro,6.272,6.19,5.87,7.29,83,83
2026-02-09,2026-02-15,False,ES,GASOLINA ADITIVADA,R$ / litro,6.453,6.39,5.99,7.39,71,71
2026-02-09,2026-02-15,False,ES,GNV,R$ / m³,4.089,3.99,3.98,4.49,7,7
2026-02-09,2026-02-15,False,GO,DIESEL,R$ / litro,5.886,5.88,5.45,7.06,86,86
2026-02-09,2026-02-15,False,GO,DIESEL S10,R$ / litro,5.987,5.99,5.55,7.17,124,124
2026-02-09,2026-02-15,False,GO,ETANOL,R$ / litro,4.956,5.09,4.15,5.39,154,154
2026-02-09,2026-02-15,False,GO,GASOLINA,R$ / litro,6.374,6.47,5.39,6.69,160,160
2026-02-09,2026-02-15,False,GO,GASOLINA ADITIVADA,R$ / litro,6.541,6.59,5.49,7.19,102,102
2026-02-09,2026-02-15,False,MA,DIESEL,R$ / litro,6.058,5.995,5.45,6.82,40,40
2026-02-09,2026-02-15,False,MA,DIESEL S10,R$ / litro,6.007,5.89,5.47,6.82,72,72
2026-02-09,2026-02-15,False,MA,ETANOL,R$ / litro,5.058,5.09,4.69,5.69,54,54
2026-02-09,2026-02-15,False,MA,GASOLINA,R$ / litro,6.03,5.99,5.45,6.99,84,84
2026-02-09,2026-02-15,False,MA,GASOLINA ADITIVADA,R$ / litro,6.209,6.12,5.58,7.19,52,52
2026-02-09,2026-02-15,False,MG,DIESEL,R$ / litro,5.959,5.89,5.57,6.76,239,239
2026-02-09,2026-02-15,False,MG,DIESEL S10,R$ / litro,6.049,5.99,5.57,6.85,309,309
2026-02-09,2026-02-15,False,MG,ETANOL,R$ / litro,4.678,4.69,4.19,5.29,429,429
2026-02-09,2026-02-15,False,MG,GASOLINA,R$ / litro,6.175,6.15,5.59,6.76,455,455
2026-02-09,2026-02-15,False,MG,GASOLINA ADITIVADA,R$ / litro,6.409,6.39,5.68,7.18,284,284
2026-02-09,2026-02-15,False,MG,GNV,R$ / m³,4.985,4.87,4.74,5.45,6,6
2026-02-09,2026-02-15,False,MS,DIESEL,R$ / litro,6.081,5.99,5.69,7.17,21,21
2026-02-09,2026-02-15,False,MS,DIESEL S10,R$ / litro,6.17,6.09,5.78,7.27,23,23
2026-02-09,2026-02-15,False,MS,ETANOL,R$ / litro,4.33,4.29,4.03,5.07,26,26
2026-02-09,2026-02-15,False,MS,GASOLINA,R$ / litro,6.215,6.265,5.65,6.95,48,48
2026-02-09,2026-02-15,False,MS,GASOLINA ADITIVADA,R$ / litro,6.372,6.29,5.67,7.02,41,41
2026-02-09,2026-02-15,False,MS,GNV,R$ / m³,4.59,4.59,4.59,4.59,1,1
2026-02-09,2026-02-15,False,MT,DIESEL,R$ / litro,6.36,6.39,5.79,6.9,49,49
2026-02-09,2026-02-15,False,MT,DIESEL S10,R$ / litro,6.416,6.47,5.85,6.97,54,54
2026-02-09,2026-02-15,False,MT,ETANOL,R$ / litro,4.631,4.69,3.95,4.79,77,77
2026-02-09,2026-02-15,False,MT,GASOLINA,R$ / litro,6.439,6.39,5.79,6.89,77,77
2026-02-09,2026-02-15,False,MT,GASOLINA ADITIVADA,R$ / litro,6.618,6.59,6.25,6.99,44,44
2026-02-09,2026-02-15,False,MT,GNV,R$ / m³,3.99,3.99,3.99,3.99,1,1
2026-02-09,2026-02-15,False,PA,DIESEL,R$ / litro,6.402,6.39,5.75,7.2,39,39
2026-02-09,2026-02-15,False,PA,DIESEL S10,R$ / litro,6.275,6.29,5.45,7.22,64,64
2026-02-09,2026-02-15,False,PA,ETANOL,R$ / litro,5.001,4.99,4.49,5.55,45,45
2026-02-09,2026-02-15,False,PA,GASOLINA,R$ / litro,6.372,6.45,5.6,7.09,91,91
2026-02-09,2026-02-15,False,PA,GASOLINA ADITIVADA,R$ / litro,6.605,6.7,5.78,7.59,60,60
2026-02-09,2026-02-15,False,PB,DIESEL,R$ / litro,5.934,5.95,5.59,6.49,25,25
2026-02-09,2026-02-15,False,PB,DIESEL S10,R$ / litro,5.935,5.89,5.69,6.59,42,42
2026-02-09,2026-02-15,False,PB,ETANOL,R$ / litro,4.509,4.45,4.31,4.99,53,53
2026-02-09,2026-02-15,False,PB,GASOLINA,R$ / litro,5.958,5.89,5.67,6.19,64,64
2026-02-09,2026-02-15,False,PB,GASOLINA ADITIVADA,R$ / litro,6.111,6.14,5.86,6.39,45,45
2026-02-09,2026-02-15,False,PB,GNV,R$ / m³,4.857,4.86,4.85,4.86,6,6
2026-02-09,2026-02-15,False,PE,DIESEL,R$ / litro,6.076,6.09,5.97,6.29,10,10
2026-02-09,2026-02-15,False,PE,DIESEL S10,R$ / litro,5.877,5.89,5.44,6.99,159,159
2026-02-09,2026-02-15,False,PE,ETANOL,R$ / litro,5.066,5.23,4.2,6.49,157,157
2026-02-09,2026-02-15,False,PE,GASOLINA,R$ / litro,6.475,6.65,5.85,7.69,185,185
2026-02-09,2026-02-15,False,PE,GASOLINA ADITIVADA,R$ / litro,6.637,6.785,5.96,6.99,136,136
2026-02-09,2026-02-15,False,PE,GNV,R$ / m³,4.19,4.19,4.19,4.19,27,27
2026-02-09,2026-02-15,False,PI,DIESEL,R$ / litro,5.947,5.89,5.63,6.54,24,24
2026-02-09,2026-02-15,False,PI,DIESEL S10,R$ / litro,5.986,5.97,5.65,6.39,29,29
2026-02-09,2026-02-15,False,PI,ETANOL,R$ / litro,4.675,4.59,4.44,5.22,36,36
2026-02-09,2026-02-15,False,PI,GASOLINA,R$ / litro,5.932,5.97,5.69,6.39,51,51
2026-02-09,2026-02-15,False,PI,GASOLINA ADITIVADA,R$ / litro,6.139,6.19,5.76,6.49,39,39
2026-02-09,2026-02-15,False,PR,DIESEL,R$ / litro,5.954,5.94,5.49,6.87,134,134
2026-02-09,2026-02-15,False,PR,DIESEL S10,R$ / litro,6.063,5.99,5.59,6.99,201,201
2026-02-09,2026-02-15,False,PR,ETANOL,R$ / litro,4.689,4.69,4.07,5.19,279,279
2026-02-09,2026-02-15,False,PR,GASOLINA,R$ / litro,6.489,6.53,5.69,7.09,282,282
2026-02-09,2026-02-15,False,PR,GASOLINA ADITIVADA,R$ / litro,6.621,6.64,5.69,7.39,221,221
2026-02-09,2026-02-15,False,PR,GNV,R$ / m³,4.648,4.54,4.49,4.99,5,5
2026-02-09,2026-02-15,False,RJ,DIESEL,R$ / litro,6.219,6.18,5.54,7.72,115,115
2026-02-09,2026-02-15,False,RJ,DIESEL S10,R$ / litro,6.277,6.19,5.49,7.97,214,214
2026-02-09,2026-02-15,False,RJ,ETANOL,R$ / litro,5.036,4.99,4.19,5.75,283,283
2026-02-09,2026-02-15,False,RJ,GASOLINA,R$ / litro,6.281,6.19,5.59,7.79,328,328
2026-02-09,2026-02-15,False,RJ,GASOLINA ADITIVADA,R$ / litro,6.471,6.49,5.79,7.79,295,295
2026-02-09,2026-02-15,False,RJ,GNV,R$ / m³,4.407,4.19,3.79,6.49,162,162
2026-02-09,2026-02-15,False,RN,DIESEL,R$ / litro,6.395,6.29,6.18,6.99,25,25
2026-02-09,2026-02-15,False,RN,DIESEL S10,R$ / litro,6.426,6.335,5.79,6.99,36,36
2026-02-09,2026-02-15,False,RN,ETANOL,R$ / litro,5.382,5.515,4.99,5.6,44,44
2026-02-09,2026-02-15,False,RN,GASOLINA,R$ / litro,6.588,6.57,6.39,6.79,45,45
2026-02-09,2026-02-15,False,RN,GASOLINA ADITIVADA,R$ / litro,6.645,6.67,6.39,6.99,42,42
2026-02-09,2026-02-15,False,RN,GNV,R$ / m³,5.06,5.09,4.95,5.19,6,6
2026-02-09,2026-02-15,False,RO,DIESEL,R$ / litro,6.488,6.46,5.98,7.84,37,37
2026-02-09,2026-02-15,False,RO,DIESEL S10,R$ / litro,6.533,6.49,6.02,7.89,40,40
2026-02-09,2026-02-15,False,RO,ETANOL,R$ / litro,5.463,5.49,5.13,5.99,28,28
2026-02-09,2026-02-15,False,RO,GASOLINA,R$ / litro,6.939,6.97,6.48,7.89,50,50
2026-02-09,2026-02-15,False,RO,GASOLINA ADITIVADA,R$ / litro,7.056,7.02,6.71,8.04,45,45
2026-02-09,2026-02-15,False,RR,DIESEL,R$ / litro,6.829,6.85,6.6,6.92,12,12
2026-02-09,2026-02-15,False,RR,DIESEL S10,R$ / litro,6.835,6.85,6.6,6.92,12,12
2026-02-09,2026-02-15,False,RR,ETANOL,R$ / litro,5.297,5.29,5.29,5.34,7,7
2026-02-09,2026-02-15,False,RR,GASOLINA,R$ / litro,6.942,6.95,6.85,6.95,13,13
2026-02-09,2026-02-15,False,RR,GASOLINA ADITIVADA,R$ / litro,7.055,7.05,6.95,7.11,13,13
2026-02-09,2026-02-15,False,RS,DIESEL,R$ / litro,6.114,6.09,5.49,7.29,195,195
2026-02-09,2026-02-15,False,RS,DIESEL S10,R$ / litro,6.198,6.19,5.54,7.39,216,216
2026-02-09,2026-02-15,False,RS,ETANOL,R$ / litro,5.09,4.99,4.57,6.83,143,143
2026-02-09,2026-02-15,False,RS,GASOLINA,R$ / litro,6.298,6.29,5.69,7.39,319,319
2026-02-09,2026-02-15,False,RS,GASOLINA ADITIVADA,R$ / litro,6.492,6.49,5.83,7.69,303,303
2026-02-09,2026-02-15,False,RS,GNV,R$ / m³,4.956,4.99,4.69,5.65,17,17
2026-02-09,2026-02-15,False,SC,DIESEL,R$ / litro,6.147,6.18,5.69,6.73,51,51
2026-02-09,2026-02-15,False,SC,DIESEL S10,R$ / litro,6.189,6.19,5.7,6.83,101,101
2026-02-09,2026-02-15,False,SC,ETANOL,R$ / litro,4.961,4.97,4.54,5.54,100,100
2026-02-09,2026-02-15,False,SC,GASOLINA,R$ / litro,6.497,6.475,5.59,6.89,148,148
2026-02-09,2026-02-15,False,SC,GASOLINA ADITIVADA,R$ / litro,6.614,6.59,5.59,6.99,138,138
2026-02-09,2026-02-15,False,SC,GNV,R$ / m³,4.687,4.59,4.53,5.29,27,27
2026-02-09,2026-02-15,False,SE,DIESEL,R$ / litro,5.719,5.58,5.58,6.25,17,17
2026-02-09,2026-02-15,False,SE,DIESEL S10,R$ / litro,5.866,5.76,5.76,6.29,24,24
2026-02-09,2026-02-15,False,SE,ETANOL,R$ / litro,4.888,4.9,4.7,4.99,25,25
2026-02-09,2026-02-15,False,SE,GASOLINA,R$ / litro,6.49,6.52,6.39,6.59,40,40
2026-02-09,2026-02-15,False,SE,GASOLINA ADITIVADA,R$ / litro,6.58,6.565,6.39,6.91,32,32
2026-02-09,2026-02-15,False,SE,GNV,R$ / m³,4.61,4.61,4.61,4.61,4,4
2026-02-09,2026-02-15,False,SP,DIESEL,R$ / litro,6.068,5.99,5.39,8.09,395,395
2026-02-09,2026-02-15,False,SP,DIESEL S10,R$ / litro,6.17,6.09,5.39,9.99,778,778
2026-02-09,2026-02-15,False,SP,ETANOL,R$ / litro,4.481,4.49,3.86,5.99,1186,1186
2026-02-09,2026-02-15,False,SP,GASOLINA,R$ / litro,6.184,6.19,5.28,9.29,1198,1198
2026-02-09,2026-02-15,False,SP,GASOLINA ADITIVADA,R$ / litro,6.466,6.39,5.47,9.49,944,944
2026-02-09,2026-02-15,False,SP,GNV,R$ / m³,3.976,3.99,3.28,5.29,44,44
2026-02-09,2026-02-15,False,TO,DIESEL,R$ / litro,6.091,5.99,5.73,6.79,21,21
2026-02-09,2026-02-15,False,TO,DIESEL S10,R$ / litro,6.082,5.99,5.75,6.64,21,21
2026-02-09,2026-02-15,False,TO,ETANOL,R$ / litro,5.247,5.295,4.75,5.9,22,22
2026-02-09,2026-02-15,False,TO,GASOLINA,R$ / litro,6.555,6.59,5.81,6.79,28,28
2026-02-09,2026-02-15,False,TO,GASOLINA ADITIVADA,R$ / litro,6.617,6.69,6.09,6.89,19,19
2026-02-16,2026-02-22,False,AC,DIESEL,R$ / litro,7.537,7.35,6.95,8.15,13,13
2026-02-16,2026-02-22,False,AC,DIESEL S10,R$ / litro,7.548,7.45,6.99,8.17,11,11
2026-02-16,2026-02-22,False,AC,ETANOL,R$ / litro,5.384,5.19,5.08,6.08,12,12
2026-02-16,2026-02-22,False,AC,GASOLINA,R$ / litro,7.396,7.305,6.79,7.99,14,14
2026-02-16,2026-02-22,False,AC,GASOLINA ADITIVADA,R$ / litro,7.502,7.38,6.89,8.17,14,14
2026-02-16,2026-02-22,False,AL,DIESEL,R$ / litro,6.496,6.69,5.79,6.98,7,7
2026-02-16,2026-02-22,False,AL,DIESEL S10,R$ / litro,6.269,6.23,5.33,6.98,27,27
2026-02-16,2026-02-22,False,AL,ETANOL,R$ / litro,5.16,5.14,4.69,5.59,49,49
2026-02-16,2026-02-22,False,AL,GASOLINA,R$ / litro,6.353,6.29,5.89,6.99,59,59
2026-02-16,2026-02-22,False,AL,GASOLINA ADITIVADA,R$ / litro,6.582,6.49,5.94,7.28,37,37
2026-02-16,2026-02-22,False,AL,GNV,R$ / m³,4.654,4.59,4.39,5.19,7,7
2026-02-16,2026-02-22,False,AM,DIESEL,R$ / litro,6.615,6.49,6.38,8.33,21,21
2026-02-16,2026-02-22,False,AM,DIESEL S10,R$ / litro,6.802,6.49,6.29,8.39,39,39
2026-02-16,2026-02-22,False,AM,ETANOL,R$ / litro,5.468,5.49,5.19,5.59,41,41
2026-02-16,2026-02-22,False,AM,GASOLINA,R$ / litro,7.14,6.99,6.69,8.29,55,55
2026-02-16,2026-02-22,False,AM,GASOLINA ADITIVADA,R$ / litro,7.174,6.99,6.69,8.39,49,49
2026-02-16,2026-02-22,False,AM,GNV,R$ / m³,3.99,3.99,3.99,3.99,2,2
2026-02-16,2026-02-22,False,AP,DIESEL,R$ / litro,6.438,6.43,6.35,6.54,4,4
2026-02-16,2026-02-22,False,AP,DIESEL S10,R$ / litro,6.527,6.56,6.4,6.59,6,6
2026-02-16,2026-02-22,False,AP,GASOLINA,R$ / litro,6.084,6.105,5.95,6.25,10,10
2026-02-16,2026-02-22,False,AP,GASOLINA ADITIVADA,R$ / litro,6.52,6.52,6.52,6.52,1,1
2026-02-16,2026-02-22,False,BA,DIESEL,R$ / litro,6.104,6.09,5.52,6.9,138,138
2026-02-16,2026-02-22,False,BA,DIESEL S10,R$ / litro,6.194,6.19,5.62,6.99,176,176
2026-02-16,2026-02-22,False,BA,ETANOL,R$ / litro,5.024,4.99,4.39,5.89,201,201
2026-02-16,2026-02-22,False,BA,GASOLINA,R$ / litro,6.481,6.62,5.74,6.99,231,231
2026-02-16,2026-02-22,False,BA,GASOLINA ADITIVADA,R$ / litro,6.57,6.69,5.74,7.29,163,163
2026-02-16,2026-02-22,False,BA,GNV,R$ / m³,4.477,4.44,3.99,5.79,14,14
2026-02-16,2026-02-22,False,CE,DIESEL,R$ / litro,6.109,5.99,5.49,6.55,18,18
2026-02-16,2026-02-22,False,CE,DIESEL S10,R$ / litro,6.155,6.09,5.75,6.79,111,111
2026-02-16,2026-02-22,False,CE,ETANOL,R$ / litro,5.155,5.09,4.57,5.62,112,112
2026-02-16,2026-02-22,False,CE,GASOLINA,R$ / litro,6.436,6.48,5.7,6.69,131,131
2026-02-16,2026-02-22,False,CE,GASOLINA ADITIVADA,R$ / litro,6.557,6.59,5.7,6.99,110,110
2026-02-16,2026-02-22,False,CE,GNV,R$ / m³,5.244,5.15,5.15,6.09,10,10
2026-02-16,2026-02-22,False,DF,DIESEL,R$ / litro,6.059,5.89,5.83,7.02,21,21
2026-02-16,2026-02-22,False,DF,DIESEL S10,R$ / litro,6.079,5.99,5.84,6.79,21,21
2026-02-16,2026-02-22,False,DF,ETANOL,R$ / litro,5.005,4.99,4.47,5.17,33,33
2026-02-16,2026-02-22,False,DF,GASOLINA,R$ / litro,6.326,6.36,5.99,6.46,49,49
2026-02-16,2026-02-22,False,DF,GASOLINA ADITIVADA,R$ / litro,6.396,6.38,5.99,6.99,40,40
2026-02-16,2026-02-22,False,ES,DIESEL,R$ / litro,5.996,5.99,5.79,6.39,30,30
2026-02-16,2026-02-22,False,ES,DIESEL S10,R$ / litro,6.089,6.09,5.89,6.59,47,47
2026-02-16,2026-02-22,False,ES,ETANOL,R$ / litro,4.808,4.79,4.45,5.49,60,60
2026-02-16,2026-02-22,False,ES,GASOLINA,R$ / litro,6.245,6.19,5.88,6.79,88,88
2026-02-16,2026-02-22,False,ES,GASOLINA ADITIVADA,R$ / litro,6.434,6.39,5.99,7.09,74,74
2026-02-16,2026-02-22,False,ES,GNV,R$ / m³,4.017,3.99,3.98,4.09,7,7
2026-02-16,2026-02-22,False,GO,DIESEL,R$ / litro,5.872,5.89,5.4,7.06,99,99
2026-02-16,2026-02-22,False,GO,DIESEL S10,R$ / litro,5.971,5.99,5.45,7.17,135,135
2026-02-16,2026-02-22,False,GO,ETANOL,R$ / litro,4.892,4.95,4.04,5.29,163,163
2026-02-16,2026-02-22,False,GO,GASOLINA,R$ / litro,6.338,6.39,5.44,6.69,169,169
2026-02-16,2026-02-22,False,GO,GASOLINA ADITIVADA,R$ / litro,6.509,6.54,5.55,7.14,102,102
2026-02-16,2026-02-22,False,MA,DIESEL,R$ / litro,5.975,5.96,5.45,6.82,52,52
2026-02-16,2026-02-22,False,MA,DIESEL S10,R$ / litro,5.991,5.89,5.47,6.92,81,81
2026-02-16,2026-02-22,False,MA,ETANOL,R$ / litro,5.069,5.09,4.19,5.69,47,47
2026-02-16,2026-02-22,False,MA,GASOLINA,R$ / litro,6.037,5.99,5.47,6.99,92,92
2026-02-16,2026-02-22,False,MA,GASOLINA ADITIVADA,R$ / litro,6.178,6.185,5.57,7.09,62,62
2026-02-16,2026-02-22,False,MG,DIESEL,R$ / litro,5.939,5.89,5.39,6.69,230,230
2026-02-16,2026-02-22,False,MG,DIESEL S10,R$ / litro,6.032,5.99,5.49,6.79,313,313
2026-02-16,2026-02-22,False,MG,ETANOL,R$ / litro,4.688,4.69,4.19,5.29,420,420
2026-02-16,2026-02-22,False,MG,GASOLINA,R$ / litro,6.188,6.18,5.39,6.88,444,444
2026-02-16,2026-02-22,False,MG,GASOLINA ADITIVADA,R$ / litro,6.424,6.39,5.68,7.18,284,284
2026-02-16,2026-02-22,False,MG,GNV,R$ / m³,4.944,4.95,4.69,5.45,7,7
2026-02-16,2026-02-22,False,MS,DIESEL,R$ / litro,6.076,5.99,5.69,7.17,20,20
2026-02-16,2026-02-22,False,MS,DIESEL S10,R$ / litro,6.207,6.15,5.79,7.27,22,22
2026-02-16,2026-02-22,False,MS,ETANOL,R$ / litro,4.328,4.29,4.03,5.07,29,29
2026-02-16,2026-02-22,False,MS,GASOLINA,R$ / litro,6.215,6.29,5.69,6.95,50,50
2026-02-16,2026-02-22,False,MS,GASOLINA ADITIVADA,R$ / litro,6.387,6.33,5.69,6.99,41,41
2026-02-16,2026-02-22,False,MT,DIESEL,R$ / litro,6.319,6.38,5.79,6.89,50,50
2026-02-16,2026-02-22,False,MT,DIESEL S10,R$ / litro,6.361,6.47,5.85,6.97,53,53
2026-02-16,2026-02-22,False,MT,ETANOL,R$ / litro,4.628,4.69,4.09,4.79,77,77
2026-02-16,2026-02-22,False,MT,GASOLINA,R$ / litro,6.44,6.39,5.79,6.89,77,77
2026-02-16,2026-02-22,False,MT,GASOLINA ADITIVADA,R$ / litro,6.629,6.59,6.25,6.99,43,43
2026-02-16,2026-02-22,False,MT,GNV,R$ / m³,3.99,3.99,3.99,3.99,1,1
2026-02-16,2026-02-22,False,PA,DIESEL,R$ / litro,6.517,6.47,5.74,7.39,40,40
2026-02-16,2026-02-22,False,PA,DIESEL S10,R$ / litro,6.34,6.32,5.42,7.39,62,62
2026-02-16,2026-02-22,False,PA,ETANOL,R$ / litro,5.021,4.99,4.49,5.55,32,32
2026-02-16,2026-02-22,False,PA,GASOLINA,R$ / litro,6.393,6.465,5.33,7.1,80,80
2026-02-16,2026-02-22,False,PA,GASOLINA ADITIVADA,R$ / litro,6.624,6.71,5.78,7.59,59,59
2026-02-16,2026-02-22,False,PB,DIESEL,R$ / litro,5.963,5.99,5.59,6.49,21,21
2026-02-16,2026-02-22,False,PB,DIESEL S10,R$ / litro,5.941,5.89,5.69,6.59,41,41
2026-02-16,2026-02-22,False,PB,ETANOL,R$ / litro,4.501,4.49,4.37,4.99,50,50
2026-02-16,2026-02-22,False,PB,GASOLINA,R$ / litro,5.974,5.955,5.77,6.14,58,58
2026-02-16,2026-02-22,False,PB,GASOLINA ADITIVADA,R$ / litro,6.161,6.17,5.89,6.39,42,42
2026-02-16,2026-02-22,False,PB,GNV,R$ / m³,4.934,4.86,4.85,5.21,9,9
2026-02-16,2026-02-22,False,PE,DIESEL,R$ / litro,6.068,6.09,5.73,6.29,8,8
2026-02-16,2026-02-22,False,PE,DIESEL S10,R$ / litro,5.875,5.86,5.44,6.99,150,150
2026-02-16,2026-02-22,False,PE,ETANOL,R$ / litro,5.074,5.23,4.49,6.49,159,159
2026-02-16,2026-02-22,False,PE,GASOLINA,R$ / litro,6.481,6.65,5.85,7.69,181,181
2026-02-16,2026-02-22,False,PE,GASOLINA ADITIVADA,R$ / litro,6.619,6.77,5.96,6.99,133,133
2026-02-16,2026-02-22,False,PE,GNV,R$ / m³,4.19,4.19,4.19,4.19,27,27
2026-02-16,2026-02-22,False,PI,DIESEL,R$ / litro,6.004,5.95,5.66,6.61,25,25
2026-02-16,2026-02-22,False,PI,DIESEL S10,R$ / litro,6.04,5.99,5.68,6.79,40,40
2026-02-16,2026-02-22,False,PI,ETANOL,R$ / litro,4.689,4.59,4.45,5.2,43,43
2026-02-16,2026-02-22,False,PI,GASOLINA,R$ / litro,5.936,5.98,5.69,6.25,59,59
2026-02-16,2026-02-22,False,PI,GASOLINA ADITIVADA,R$ / litro,6.145,6.19,5.75,6.49,45,45
2026-02-16,2026-02-22,False,PR,DIESEL,R$ / litro,5.971,5.965,5.49,6.87,132,132
2026-02-16,2026-02-22,False,PR,DIESEL S10,R$ / litro,6.068,5.99,5.55,6.99,204,204
2026-02-16,2026-02-22,False,PR,ETANOL,R$ / litro,4.675,4.69,4.07,5.19,278,278
2026-02-16,2026-02-22,False,PR,GASOLINA,R$ / litro,6.474,6.49,5.45,7.09,279,279
2026-02-16,2026-02-22,False,PR,GASOLINA ADITIVADA,R$ / litro,6.599,6.59,5.45,7.39,227,227
2026-02-16,2026-02-22,False,PR,GNV,R$ / m³,4.74,4.74,4.49,4.99,3,3
2026-02-16,2026-02-22,False,RJ,DIESEL,R$ / litro,6.232,6.15,5.54,7.72,112,112
2026-02-16,2026-02-22,False,RJ,DIESEL S10,R$ / litro,6.272,6.19,5.49,7.97,217,217
2026-02-16,2026-02-22,False,RJ,ETANOL,R$ / litro,5.038,4.99,4.49,5.77,276,276
2026-02-16,2026-02-22,False,RJ,GASOLINA,R$ / litro,6.287,6.19,5.59,7.79,327,327
2026-02-16,2026-02-22,False,RJ,GASOLINA ADITIVADA,R$ / litro,6.469,6.485,5.79,7.99,300,300
2026-02-16,2026-02-22,False,RJ,GNV,R$ / m³,4.394,4.25,3.79,6.49,155,155
2026-02-16,2026-02-22,False,RN,DIESEL,R$ / litro,6.432,6.29,6.19,6.99,21,21
2026-02-16,2026-02-22,False,RN,DIESEL S10,R$ / litro,6.482,6.29,6.19,6.99,25,25
2026-02-16,2026-02-22,False,RN,ETANOL,R$ / litro,5.325,5.37,4.99,5.6,30,30
2026-02-16,2026-02-22,False,RN,GASOLINA,R$ / litro,6.617,6.58,6.45,6.79,31,31
2026-02-16,2026-02-22,False,RN,GASOLINA ADITIVADA,R$ / litro,6.676,6.67,6.45,6.99,27,27
2026-02-16,2026-02-22,False,RN,GNV,R$ / m³,5.14,5.14,5.09,5.19,2,2
2026-02-16,2026-02-22,False,RO,DIESEL,R$ / litro,6.482,6.455,5.98,7.84,38,38
2026-02-16,2026-02-22,False,RO,DIESEL S10,R$ / litro,6.519,6.49,6.02,7.89,40,40
2026-02-16,2026-02-22,False,RO,ETANOL,R$ / litro,5.44,5.49,4.89,5.99,30,30
2026-02-16,2026-02-22,False,RO,GASOLINA,R$ / litro,6.917,6.965,6.48,7.89,52,52
2026-02-16,2026-02-22,False,RO,GASOLINA ADITIVADA,R$ / litro,7.038,6.99,6.59,8.04,47,47
2026-02-16,2026-02-22,False,RR,DIESEL,R$ / litro,6.829,6.85,6.6,6.92,12,12
2026-02-16,2026-02-22,False,RR,DIESEL S10,R$ / litro,6.843,6.85,6.6,6.95,12,12
2026-02-16,2026-02-22,False,RR,ETANOL,R$ / litro,5.297,5.29,5.29,5.34,7,7
2026-02-16,2026-02-22,False,RR,GASOLINA,R$ / litro,6.95,6.95,6.95,6.95,13,13
2026-02-16,2026-02-22,False,RR,GASOLINA ADITIVADA,R$ / litro,7.062,7.05,7.04,7.11,13,13
2026-02-16,2026-02-22,False,RS,DIESEL,R$ / litro,6.131,6.09,5.49,7.29,195,195
2026-02-16,2026-02-22,False,RS,DIESEL S10,R$ / litro,6.202,6.19,5.54,7.39,223,222
2026-02-16,2026-02-22,False,RS,ETANOL,R$ / litro,5.115,4.99,4.55,6.83,152,151
2026-02-16,2026-02-22,False,RS,GASOLINA,R$ / litro,6.302,6.29,5.58,7.39,329,328
2026-02-16,2026-02-22,False,RS,GASOLINA ADITIVADA,R$ / litro,6.491,6.49,5.58,7.69,315,315
2026-02-16,2026-02-22,False,RS,GNV,R$ / m³,4.917,4.96,4.49,5.65,19,19
2026-02-16,2026-02-22,False,SC,DIESEL,R$ / litro,6.087,6.12,5.58,6.73,59,59
2026-02-16,2026-02-22,False,SC,DIESEL S10,R$ / litro,6.176,6.19,5.64,6.89,103,103
2026-02-16,2026-02-22,False,SC,ETANOL,R$ / litro,4.975,4.98,4.49,5.79,101,101
2026-02-16,2026-02-22,False,SC,GASOLINA,R$ / litro,6.457,6.46,5.59,6.89,150,150
2026-02-16,2026-02-22,False,SC,GASOLINA ADITIVADA,R$ / litro,6.593,6.59,5.59,6.99,143,143
2026-02-16,2026-02-22,False,SC,GNV,R$ / m³,4.725,4.59,4.55,5.46,20,20
2026-02-16,2026-02-22,False,SE,DIESEL,R$ / litro,5.714,5.58,5.58,6.25,17,17
2026-02-16,2026-02-22,False,SE,DIESEL S10,R$ / litro,5.853,5.76,5.76,6.29,20,20
2026-02-16,2026-02-22,False,SE,ETANOL,R$ / litro,4.904,4.9,4.7,4.99,13,13
2026-02-16,2026-02-22,False,SE,GASOLINA,R$ / litro,6.449,6.41,6.39,6.58,23,23
2026-02-16,2026-02-22,False,SE,GASOLINA ADITIVADA,R$ / litro,6.503,6.49,6.39,6.73,20,20
2026-02-16,2026-02-22,False,SE,GNV,R$ / m³,4.8,4.8,4.61,4.99,2,2
2026-02-16,2026-02-22,False,SP,DIESEL,R$ / litro,6.046,5.99,5.38,8.09,415,415
2026-02-16,2026-02-22,False,SP,DIESEL S10,R$ / litro,6.152,6.09,5.44,8.99,766,766
2026-02-16,2026-02-22,False,SP,ETANOL,R$ / litro,4.486,4.49,3.59,5.99,1193,1193
2026-02-16,2026-02-22,False,SP,GASOLINA,R$ / litro,6.183,6.19,5.28,9.29,1198,1198
2026-02-16,2026-02-22,False,SP,GASOLINA ADITIVADA,R$ / litro,6.47,6.39,5.39,9.49,931,931
2026-02-16,2026-02-22,False,SP,GNV,R$ / m³,3.929,3.99,3.29,4.89,43,43
2026-02-16,2026-02-22,False,TO,DIESEL,R$ / litro,6.055,5.98,5.73,6.79,17,17
2026-02-16,2026-02-22,False,TO,DIESEL S10,R$ / litro,6.047,5.99,5.75,6.49,22,22
2026-02-16,2026-02-22,False,TO,ETANOL,R$ / litro,5.21,5.29,4.75,5.9,22,22
2026-02-16,2026-02-22,False,TO,GASOLINA,R$ / litro,6.491,6.59,5.81,6.79,28,28
2026-02-16,2026-02-22,False,TO,GASOLINA ADITIVADA,R$ / litro,6.583,6.66,5.99,6.89,18,18
2026-02-23,2026-03-01,False,AC,DIESEL,R$ / litro,8.145,8.15,8.13,8.15,4,4
2026-02-23,2026-03-01,False,AC,DIESEL S10,R$ / litro,8.163,8.17,8.15,8.17,3,3
2026-02-23,2026-03-01,False,AC,ETANOL,R$ / litro,5.993,5.95,5.95,6.08,3,3
2026-02-23,2026-03-01,False,AC,GASOLINA,R$ / litro,7.975,7.97,7.97,7.99,4,4
2026-02-23,2026-03-01,False,AC,GASOLINA ADITIVADA,R$ / litro,8.095,8.11,7.99,8.17,4,4
2026-02-23,2026-03-01,False,AL,DIESEL,R$ / litro,6.555,6.69,5.79,6.98,11,11
2026-02-23,2026-03-01,False,AL,DIESEL S10,R$ / litro,6.36,6.28,5.33,7.03,28,28
2026-02-23,2026-03-01,False,AL,ETANOL,R$ / litro,5.143,5.09,4.69,5.59,49,49
2026-02-23,2026-03-01,False,AL,GASOLINA,R$ / litro,6.422,6.37,6.09,6.99,59,59
2026-02-23,2026-03-01,False,AL,GASOLINA ADITIVADA,R$ / litro,6.571,6.49,6.29,7.28,39,39
2026-02-23,2026-03-01,False,AL,GNV,R$ / m³,4.654,4.59,4.39,5.19,7,7
2026-02-23,2026-03-01,False,AM,DIESEL,R$ / litro,6.525,6.49,6.38,6.65,21,21
2026-02-23,2026-03-01,False,AM,DIESEL S10,R$ / litro,6.874,6.49,6.47,8.39,43,43
2026-02-23,2026-03-01,False,AM,ETANOL,R$ / litro,5.473,5.49,5.35,5.59,38,38
2026-02-23,2026-03-01,False,AM,GASOLINA,R$ / litro,7.119,6.99,6.59,8.29,55,55
2026-02-23,2026-03-01,False,AM,GASOLINA ADITIVADA,R$ / litro,7.16,6.99,6.69,8.39,47,47
2026-02-23,2026-03-01,False,AM,GNV,R$ / m³,3.99,3.99,3.99,3.99,1,1
2026-02-23,2026-03-01,False,AP,DIESEL,R$ / litro,6.428,6.4,6.35,6.54,5,5
2026-02-23,2026-03-01,False,AP,DIESEL S10,R$ / litro,6.514,6.56,6.4,6.59,7,7
2026-02-23,2026-03-01,False,AP,ETANOL,R$ / litro,5.89,5.89,5.89,5.89,1,1
2026-02-23,2026-03-01,False,AP,GASOLINA,R$ / litro,6.085,6.09,5.95,6.25,11,11
2026-02-23,2026-03-01,False,AP,GASOLINA ADITIVADA,R$ / litro,6.405,6.405,6.29,6.52,2,2
2026-02-23,2026-03-01,False,BA,DIESEL,R$ / litro,6.084,6.08,5.52,6.9,138,138
2026-02-23,2026-03-01,False,BA,DIESEL S10,R$ / litro,6.19,6.19,5.62,6.99,176,176
2026-02-23,2026-03-01,False,BA,ETANOL,R$ / litro,5.006,4.99,4.35,5.89,204,204
2026-02-23,2026-03-01,False,BA,GASOLINA,R$ / litro,6.468,6.59,5.74,6.99,233,233
2026-02-23,2026-03-01,False,BA,GASOLINA ADITIVADA,R$ / litro,6.553,6.68,5.74,7.29,170,170
2026-02-23,2026-03-01,False,BA,GNV,R$ / m³,4.476,4.385,3.99,5.79,12,12
2026-02-23,2026-03-01,False,CE,DIESEL,R$ / litro,6.129,6.04,5.75,6.55,16,16
2026-02-23,2026-03-01,False,CE,DIESEL S10,R$ / litro,6.119,5.99,5.57,6.79,115,115
2026-02-23,2026-03-01,False,CE,ETANOL,R$ / litro,5.112,4.99,4.57,5.69,121,121
2026-02-23,2026-03-01,False,CE,GASOLINA,R$ / litro,6.388,6.43,5.7,6.69,137,137
2026-02-23,2026-03-01,False,CE,GASOLINA ADITIVADA,R$ / litro,6.516,6.56,5.7,6.99,116,116
2026-02-23,2026-03-01,False,CE,GNV,R$ / m³,5.23,5.15,5.09,6.09,11,11
2026-02-23,2026-03-01,False,DF,DIESEL,R$ / litro,6.05,5.98,5.83,6.45,21,21
2026-02-23,2026-03-01,False,DF,DIESEL S10,R$ / litro,6.084,5.99,5.84,6.47,21,21
2026-02-23,2026-03-01,False,DF,ETANOL,R$ / litro,4.932,4.97,4.6,5.15,23,23
2026-02-23,2026-03-01,False,DF,GASOLINA,R$ / litro,6.217,6.28,5.85,6.47,49,49
2026-02-23,2026-03-01,False,DF,GASOLINA ADITIVADA,R$ / litro,6.255,6.285,5.85,6.99,46,46
2026-02-23,2026-03-01,False,ES,DIESEL,R$ / litro,5.983,5.97,5.79,6.25,24,24
2026-02-23,2026-03-01,False,ES,DIESEL S10,R$ / litro,6.033,5.99,5.79,6.39,44,44
2026-02-23,2026-03-01,False,ES,ETANOL,R$ / litro,4.764,4.79,4.49,5.18,50,50
2026-02-23,2026-03-01,False,ES,GASOLINA,R$ / litro,6.19,6.15,5.87,6.79,77,77
2026-02-23,2026-03-01,False,ES,GASOLINA ADITIVADA,R$ / litro,6.402,6.39,5.89,7.09,64,64
2026-02-23,2026-03-01,False,ES,GNV,R$ / m³,4.143,3.99,3.98,4.98,11,11
2026-02-23,2026-03-01,False,GO,DIESEL,R$ / litro,5.898,5.89,5.4,7.06,93,93
2026-02-23,2026-03-01,False,GO,DIESEL S10,R$ / litro,5.973,5.99,5.49,7.17,128,128
2026-02-23,2026-03-01,False,GO,ETANOL,R$ / litro,4.892,4.95,4.04,5.34,160,160
2026-02-23,2026-03-01,False,GO,GASOLINA,R$ / litro,6.344,6.39,5.44,6.69,166,166
2026-02-23,2026-03-01,False,GO,GASOLINA ADITIVADA,R$ / litro,6.508,6.52,5.55,7.14,111,111
2026-02-23,2026-03-01,False,MA,DIESEL,R$ / litro,5.979,5.94,5.47,6.65,51,51
2026-02-23,2026-03-01,False,MA,DIESEL S10,R$ / litro,5.981,5.89,5.47,6.89,88,88
2026-02-23,2026-03-01,False,MA,ETANOL,R$ / litro,5.041,5.09,4.59,5.99,56,56
2026-02-23,2026-03-01,False,MA,GASOLINA,R$ / litro,6.017,5.99,5.45,6.99,102,102
2026-02-23,2026-03-01,False,MA,GASOLINA ADITIVADA,R$ / litro,6.189,6.09,5.58,7.19,64,64
2026-02-23,2026-03-01,False,MG,DIESEL,R$ / litro,5.948,5.89,5.55,6.75,242,242
2026-02-23,2026-03-01,False,MG,DIESEL S10,R$ / litro,6.038,5.99,5.55,6.85,313,313
2026-02-23,2026-03-01,False,MG,ETANOL,R$ / litro,4.663,4.67,4.17,5.19,416,416
2026-02-23,2026-03-01,False,MG,GASOLINA,R$ / litro,6.148,6.14,5.57,6.76,441,441
2026-02-23,2026-03-01,False,MG,GASOLINA ADITIVADA,R$ / litro,6.38,6.35,5.68,7.91,278,278
2026-02-23,2026-03-01,False,MG,GNV,R$ / m³,4.987,4.95,4.79,5.45,7,7
2026-02-23,2026-03-01,False,MS,DIESEL,R$ / litro,6.099,6.085,5.69,7.17,24,24
2026-02-23,2026-03-01,False,MS,DIESEL S10,R$ / litro,6.134,6.12,5.79,6.59,20,20
2026-02-23,2026-03-01,False,MS,ETANOL,R$ / litro,4.316,4.29,4.03,5.07,26,26
2026-02-23,2026-03-01,False,MS,GASOLINA,R$ / litro,6.217,6.24,5.65,6.95,49,49
2026-02-23,2026-03-01,False,MS,GASOLINA ADITIVADA,R$ / litro,6.375,6.29,5.67,6.99,42,42
2026-02-23,2026-03-01,False,MS,GNV,R$ / m³,4.59,4.59,4.59,4.59,1,1
2026-02-23,2026-03-01,False,MT,DIESEL,R$ / litro,6.343,6.39,5.79,6.89,47,47
2026-02-23,2026-03-01,False,MT,DIESEL S10,R$ / litro,6.369,6.39,5.85,6.97,50,50
2026-02-23,2026-03-01,False,MT,ETANOL,R$ / litro,4.634,4.69,4.09,4.79,77,77
2026-02-23,2026-03-01,False,MT,GASOLINA,R$ / litro,6.445,6.39,5.79,6.89,77,77
2026-02-23,2026-03-01,False,MT,GASOLINA ADITIVADA,R$ / litro,6.603,6.59,6.25,6.99,46,46
2026-02-23,2026-03-01,False,MT,GNV,R$ / m³,3.99,3.99,3.99,3.99,3,3
2026-02-23,2026-03-01,False,PA,DIESEL,R$ / litro,6.482,6.425,5.74,7.39,40,40
2026-02-23,2026-03-01,False,PA,DIESEL S10,R$ / litro,6.236,6.25,5.42,7.22,64,64
2026-02-23,2026-03-01,False,PA,ETANOL,R$ / litro,4.986,4.99,4.49,5.55,41,41
2026-02-23,2026-03-01,False,PA,GASOLINA,R$ / litro,6.318,6.4,5.33,7.1,95,95
2026-02-23,2026-03-01,False,PA,GASOLINA ADITIVADA,R$ / litro,6.598,6.71,5.69,7.59,64,64
2026-02-23,2026-03-01,False,PB,DIESEL,R$ / litro,5.931,5.88,5.59,6.49,27,27
2026-02-23,2026-03-01,False,PB,DIESEL S10,R$ / litro,5.938,5.89,5.69,6.59,40,40
2026-02-23,2026-03-01,False,PB,ETANOL,R$ / litro,4.501,4.49,4.36,4.99,52,52
2026-02-23,2026-03-01,False,PB,GASOLINA,R$ / litro,5.969,5.89,5.77,6.14,58,58
2026-02-23,2026-03-01,False,PB,GASOLINA ADITIVADA,R$ / litro,6.132,6.14,5.86,6.29,37,37
2026-02-23,2026-03-01,False,PB,GNV,R$ / m³,4.849,4.86,4.79,4.86,9,9
2026-02-23,2026-03-01,False,PE,DIESEL,R$ / litro,5.994,6.09,5.44,6.09,7,7
2026-02-23,2026-03-01,False,PE,DIESEL S10,R$ / litro,5.877,5.88,5.55,6.99,162,162
2026-02-23,2026-03-01,False,PE,ETANOL,R$ / litro,5.066,5.22,4.2,6.49,162,162
2026-02-23,2026-03-01,False,PE,GASOLINA,R$ / litro,6.47,6.64,5.78,7.69,185,185
2026-02-23,2026-03-01,False,PE,GASOLINA ADITIVADA,R$ / litro,6.617,6.75,5.96,6.99,135,135
2026-02-23,2026-03-01,False,PE,GNV,R$ / m³,4.19,4.19,4.19,4.19,29,29
2026-02-23,2026-03-01,False,PI,DIESEL,R$ / litro,5.979,5.95,5.63,6.54,28,28
2026-02-23,2026-03-01,False,PI,DIESEL S10,R$ / litro,6.011,5.99,5.65,6.49,39,39
2026-02-23,2026-03-01,False,PI,ETANOL,R$ / litro,4.688,4.66,4.44,5.2,40,40
2026-02-23,2026-03-01,False,PI,GASOLINA,R$ / litro,5.971,5.99,5.69,6.39,59,59
2026-02-23,2026-03-01,False,PI,GASOLINA ADITIVADA,R$ / litro,6.185,6.27,5.76,6.49,41,41
2026-02-23,2026-03-01,False,PR,DIESEL,R$ / litro,5.961,5.95,5.49,6.87,139,139
2026-02-23,2026-03-01,False,PR,DIESEL S10,R$ / litro,6.053,5.99,5.55,6.99,208,208
2026-02-23,2026-03-01,False,PR,ETANOL,R$ / litro,4.678,4.69,4.05,5.19,280,280
2026-02-23,2026-03-01,False,PR,GASOLINA,R$ / litro,6.488,6.535,5.39,7.09,280,280
2026-02-23,2026-03-01,False,PR,GASOLINA ADITIVADA,R$ / litro,6.628,6.69,5.39,7.39,227,227
2026-02-23,2026-03-01,False,PR,GNV,R$ / m³,4.698,4.73,4.49,4.99,5,5
2026-02-23,2026-03-01,False,RJ,DIESEL,R$ / litro,6.223,6.19,5.54,7.72,117,117
2026-02-23,2026-03-01,False,RJ,DIESEL S10,R$ / litro,6.26,6.19,5.49,7.97,213,213
2026-02-23,2026-03-01,False,RJ,ETANOL,R$ / litro,5.049,4.99,4.29,5.69,283,283
2026-02-23,2026-03-01,False,RJ,GASOLINA,R$ / litro,6.288,6.19,5.49,7.79,329,329
2026-02-23,2026-03-01,False,RJ,GASOLINA ADITIVADA,R$ / litro,6.481,6.49,5.79,7.99,298,298
2026-02-23,2026-03-01,False,RJ,GNV,R$ / m³,4.408,4.19,3.79,6.49,157,157
2026-02-23,2026-03-01,False,RN,DIESEL,R$ / litro,6.44,6.29,6.19,6.99,23,23
2026-02-23,2026-03-01,False,RN,DIESEL S10,R$ / litro,6.417,6.38,5.79,6.99,37,37
2026-02-23,2026-03-01,False,RN,ETANOL,R$ / litro,5.432,5.59,4.99,5.59,39,39
2026-02-23,2026-03-01,False,RN,GASOLINA,R$ / litro,6.61,6.59,6.4,6.79,42,42
2026-02-23,2026-03-01,False,RN,GASOLINA ADITIVADA,R$ / litro,6.684,6.685,6.49,7.02,36,36
2026-02-23,2026-03-01,False,RN,GNV,R$ / m³,4.995,4.95,4.94,5.09,6,6
2026-02-23,2026-03-01,False,RO,DIESEL,R$ / litro,6.486,6.465,5.98,7.84,38,38
2026-02-23,2026-03-01,False,RO,DIESEL S10,R$ / litro,6.501,6.48,5.99,7.89,41,41
2026-02-23,2026-03-01,False,RO,ETANOL,R$ / litro,5.437,5.49,4.89,5.99,28,28
2026-02-23,2026-03-01,False,RO,GASOLINA,R$ / litro,6.916,6.96,6.48,7.89,51,51
2026-02-23,2026-03-01,False,RO,GASOLINA ADITIVADA,R$ / litro,7.035,7.005,6.59,8.04,48,48
2026-02-23,2026-03-01,False,RR,DIESEL,R$ / litro,6.829,6.85,6.6,6.92,12,12
2026-02-23,2026-03-01,False,RR,DIESEL S10,R$ / litro,6.835,6.85,6.6,6.92,12,12
2026-02-23,2026-03-01,False,RR,ETANOL,R$ / litro,5.297,5.29,5.29,5.34,7,7
2026-02-23,2026-03-01,False,RR,GASOLINA,R$ / litro,6.95,6.95,6.95,6.95,13,13
2026-02-23,2026-03-01,False,RR,GASOLINA ADITIVADA,R$ / litro,7.062,7.05,7.04,7.11,13,13
2026-02-23,2026-03-01,False,RS,DIESEL,R$ / litro,6.1,6.09,5.49,7.39,187,187
2026-02-23,2026-03-01,False,RS,DIESEL S10,R$ / litro,6.187,6.15,5.59,7.54,233,233
2026-02-23,2026-03-01,False,RS,ETANOL,R$ / litro,5.095,4.99,4.37,6.83,151,151
2026-02-23,2026-03-01,False,RS,GASOLINA,R$ / litro,6.285,6.275,5.68,7.39,334,334
2026-02-23,2026-03-01,False,RS,GASOLINA ADITIVADA,R$ / litro,6.478,6.46,5.68,7.69,323,323
2026-02-23,2026-03-01,False,RS,GNV,R$ / m³,4.922,4.99,4.49,5.65,21,21
2026-02-23,2026-03-01,False,SC,DIESEL,R$ / litro,6.094,6.09,5.59,6.73,62,62
2026-02-23,2026-03-01,False,SC,DIESEL S10,R$ / litro,6.194,6.19,5.39,6.83,103,103
2026-02-23,2026-03-01,False,SC,ETANOL,R$ / litro,4.991,4.99,4.59,5.79,104,104
2026-02-23,2026-03-01,False,SC,GASOLINA,R$ / litro,6.463,6.45,5.59,6.89,154,154
2026-02-23,2026-03-01,False,SC,GASOLINA ADITIVADA,R$ / litro,6.592,6.59,5.59,6.99,147,147
2026-02-23,2026-03-01,False,SC,GNV,R$ / m³,4.717,4.59,4.53,5.46,20,20
2026-02-23,2026-03-01,False,SE,DIESEL,R$ / litro,5.717,5.635,5.58,6.25,18,18
2026-02-23,2026-03-01,False,SE,DIESEL S10,R$ / litro,5.888,5.76,5.76,6.29,26,26
2026-02-23,2026-03-01,False,SE,ETANOL,R$ / litro,4.902,4.9,4.7,4.99,24,24
2026-02-23,2026-03-01,False,SE,GASOLINA,R$ / litro,6.49,6.52,6.39,6.59,38,38
2026-02-23,2026-03-01,False,SE,GASOLINA ADITIVADA,R$ / litro,6.556,6.52,6.39,6.88,30,30
2026-02-23,2026-03-01,False,SE,GNV,R$ / m³,4.686,4.61,4.61,4.99,5,5
2026-02-23,2026-03-01,False,SP,DIESEL,R$ / litro,6.058,5.99,5.45,8.09,402,402
2026-02-23,2026-03-01,False,SP,DIESEL S10,R$ / litro,6.147,6.09,5.39,9.39,780,780
2026-02-23,2026-03-01,False,SP,ETANOL,R$ / litro,4.476,4.49,3.69,5.99,1196,1196
2026-02-23,2026-03-01,False,SP,GASOLINA,R$ / litro,6.183,6.19,5.29,9.29,1208,1208
2026-02-23,2026-03-01,False,SP,GASOLINA ADITIVADA,R$ / litro,6.453,6.39,5.36,9.49,960,960
2026-02-23,2026-03-01,False,SP,GNV,R$ / m³,3.997,3.99,3.29,5.29,42,42
2026-02-23,2026-03-01,False,TO,DIESEL,R$ / litro,6.034,5.99,5.61,6.79,19,19
2026-02-23,2026-03-01,False,TO,DIESEL S10,R$ / litro,6.044,5.99,5.64,6.59,23,23
2026-02-23,2026-03-01,False,TO,ETANOL,R$ / litro,5.229,5.29,4.75,5.9,23,23
2026-02-23,2026-03-01,False,TO,GASOLINA,R$ / litro,6.518,6.59,5.81,6.79,28,28
2026-02-23,2026-03-01,False,TO,GASOLINA ADITIVADA,R$ / litro,6.576,6.67,5.99,6.89,18,18
2026-03-02,2026-03-08,False,AC,DIESEL,R$ / litro,8.145,8.15,8.13,8.15,4,4
2026-03-02,2026-03-08,False,AC,DIESEL S10,R$ / litro,8.165,8.17,8.15,8.17,4,4
2026-03-02,2026-03-08,False,AC,ETANOL,R$ / litro,5.993,5.95,5.95,6.08,3,3
2026-03-02,2026-03-08,False,AC,GASOLINA,R$ / litro,7.975,7.97,7.97,7.99,4,4
2026-03-02,2026-03-08,False,AC,GASOLINA ADITIVADA,R$ / litro,8.095,8.11,7.99,8.17,4,4
2026-03-02,2026-03-08,False,AL,DIESEL,R$ / litro,6.695,6.935,5.79,6.98,10,10
2026-03-02,2026-03-08,False,AL,DIESEL S10,R$ / litro,6.33,6.265,5.78,6.98,34,34
2026-03-02,2026-03-08,False,AL,ETANOL,R$ / litro,5.147,5.11,4.68,5.59,50,50
2026-03-02,2026-03-08,False,AL,GASOLINA,R$ / litro,6.438,6.39,6.09,6.99,59,59
2026-03-02,2026-03-08,False,AL,GASOLINA ADITIVADA,R$ / litro,6.573,6.49,6.19,7.28,41,41
2026-03-02,2026-03-08,False,AL,GNV,R$ / m³,4.646,4.59,4.39,5.19,8,8
2026-03-02,2026-03-08,False,AM,DIESEL,R$ / litro,6.547,6.49,6.49,6.89,20,20
2026-03-02,2026-03-08,False,AM,DIESEL S10,R$ / litro,6.86,6.49,6.38,8.39,41,41
2026-03-02,2026-03-08,False,AM,ETANOL,R$ / litro,5.472,5.49,5.35,5.59,38,38
2026-03-02,2026-03-08,False,AM,GASOLINA,R$ / litro,7.132,6.99,6.69,8.29,55,55
2026-03-02,2026-03-08,False,AM,GASOLINA ADITIVADA,R$ / litro,7.147,6.99,6.69,8.29,47,47
2026-03-02,2026-03-08,False,AM,GNV,R$ / m³,3.99,3.99,3.99,3.99,1,1
2026-03-02,2026-03-08,False,AP,DIESEL,R$ / litro,6.428,6.4,6.35,6.54,5,5
2026-03-02,2026-03-08,False,AP,DIESEL S10,R$ / litro,6.514,6.56,6.4,6.59,7,7
2026-03-02,2026-03-08,False,AP,ETANOL,R$ / litro,5.89,5.89,5.89,5.89,1,1
2026-03-02,2026-03-08,False,AP,GASOLINA,R$ / litro,6.092,6.09,5.95,6.25,11,11
2026-03-02,2026-03-08,False,AP,GASOLINA ADITIVADA,R$ / litro,6.405,6.405,6.29,6.52,2,2
2026-03-02,2026-03-08,False,BA,DIESEL,R$ / litro,6.353,6.26,5.59,8.04,140,140
2026-03-02,2026-03-08,False,BA,DIESEL S10,R$ / litro,6.421,6.35,5.69,8.14,180,180
2026-03-02,2026-03-08,False,BA,ETANOL,R$ / litro,5.084,4.99,4.44,5.99,208,208
2026-03-02,2026-03-08,False,BA,GASOLINA,R$ / litro,6.579,6.59,5.79,7.39,234,234
2026-03-02,2026-03-08,False,BA,GASOLINA ADITIVADA,R$ / litro,6.674,6.69,5.79,7.44,170,170
2026-03-02,2026-03-08,False,BA,GNV,R$ / m³,4.435,4.385,3.99,5.79,12,12
2026-03-02,2026-03-08,False,CE,DIESEL,R$ / litro,6.099,5.99,5.49,6.55,19,19
2026-03-02,2026-03-08,False,CE,DIESEL S10,R$ / litro,6.133,5.99,5.59,6.79,110,110
2026-03-02,2026-03-08,False,CE,ETANOL,R$ / litro,5.127,4.99,4.57,5.62,102,102
2026-03-02,2026-03-08,False,CE,GASOLINA,R$ / litro,6.403,6.43,5.87,6.69,117,117
2026-03-02,2026-03-08,False,CE,GASOLINA ADITIVADA,R$ / litro,6.52,6.58,5.9,6.99,99,99
2026-03-02,2026-03-08,False,CE,GNV,R$ / m³,5.15,5.15,5.15,5.15,5,5
2026-03-02,2026-03-08,False,DF,DIESEL,R$ / litro,6.023,5.98,5.83,6.45,21,21
2026-03-02,2026-03-08,False,DF,DIESEL S10,R$ / litro,6.072,5.99,5.84,6.47,20,20
2026-03-02,2026-03-08,False,DF,ETANOL,R$ / litro,5.077,5.15,4.55,5.15,23,23
2026-03-02,2026-03-08,False,DF,GASOLINA,R$ / litro,6.424,6.46,5.7,6.49,49,49
2026-03-02,2026-03-08,False,DF,GASOLINA ADITIVADA,R$ / litro,6.463,6.46,5.99,6.99,45,45
2026-03-02,2026-03-08,False,ES,DIESEL,R$ / litro,6.002,5.99,5.79,6.64,30,30
2026-03-02,2026-03-08,False,ES,DIESEL S10,R$ / litro,6.068,6.06,5.79,6.74,50,50
2026-03-02,2026-03-08,False,ES,ETANOL,R$ / litro,4.792,4.79,4.45,5.3,57,57
2026-03-02,2026-03-08,False,ES,GASOLINA,R$ / litro,6.244,6.09,5.89,7.09,85,85
2026-03-02,2026-03-08,False,ES,GASOLINA ADITIVADA,R$ / litro,6.419,6.39,5.89,7.39,74,74
2026-03-02,2026-03-08,False,ES,GNV,R$ / m³,4.076,3.99,3.98,4.49,8,8
2026-03-02,2026-03-08,False,GO,DIESEL,R$ / litro,5.994,5.89,5.39,7.06,83,83
2026-03-02,2026-03-08,False,GO,DIESEL S10,R$ / litro,6.039,5.99,5.39,7.17,119,119
2026-03-02,2026-03-08,False,GO,ETANOL,R$ / litro,4.74,4.86,3.97,5.29,142,142
2026-03-02,2026-03-08,False,GO,GASOLINA,R$ / litro,6.235,6.29,5.69,6.69,149,149
2026-03-02,2026-03-08,False,GO,GASOLINA ADITIVADA,R$ / litro,6.422,6.45,5.69,7.04,97,97
2026-03-02,2026-03-08,False,MA,DIESEL,R$ / litro,6.011,5.98,5.49,6.65,57,57
2026-03-02,2026-03-08,False,MA,DIESEL S10,R$ / litro,6.009,5.9,5.5,6.79,91,91
2026-03-02,2026-03-08,False,MA,ETANOL,R$ / litro,5.063,5.09,4.19,5.99,53,53
2026-03-02,2026-03-08,False,MA,GASOLINA,R$ / litro,6.054,5.99,5.48,6.99,103,103
2026-03-02,2026-03-08,False,MA,GASOLINA ADITIVADA,R$ / litro,6.207,6.12,5.58,7.19,60,60
2026-03-02,2026-03-08,False,MG,DIESEL,R$ / litro,5.957,5.89,5.55,6.75,240,240
2026-03-02,2026-03-08,False,MG,DIESEL S10,R$ / litro,6.058,5.99,5.55,6.88,323,323
2026-03-02,2026-03-08,False,MG,ETANOL,R$ / litro,4.651,4.64,4.25,5.19,437,437
2026-03-02,2026-03-08,False,MG,GASOLINA,R$ / litro,6.135,6.14,5.55,6.76,461,461
2026-03-02,2026-03-08,False,MG,GASOLINA ADITIVADA,R$ / litro,6.371,6.34,5.59,7.91,289,289
2026-03-02,2026-03-08,False,MG,GNV,R$ / m³,4.931,4.92,4.69,5.45,8,8
2026-03-02,2026-03-08,False,MS,DIESEL,R$ / litro,6.078,5.99,5.69,7.17,20,20
2026-03-02,2026-03-08,False,MS,DIESEL S10,R$ / litro,6.2,6.155,5.78,7.27,24,24
2026-03-02,2026-03-08,False,MS,ETANOL,R$ / litro,4.342,4.29,4.03,5.07,29,29
2026-03-02,2026-03-08,False,MS,GASOLINA,R$ / litro,6.218,6.26,5.65,6.95,50,50
2026-03-02,2026-03-08,False,MS,GASOLINA ADITIVADA,R$ / litro,6.361,6.29,5.67,6.99,43,43
2026-03-02,2026-03-08,False,MS,GNV,R$ / m³,4.59,4.59,4.59,4.59,1,1
2026-03-02,2026-03-08,False,MT,DIESEL,R$ / litro,6.345,6.38,5.74,6.98,46,46
2026-03-02,2026-03-08,False,MT,DIESEL S10,R$ / litro,6.41,6.39,5.79,6.94,51,51
2026-03-02,2026-03-08,False,MT,ETANOL,R$ / litro,4.617,4.67,3.99,4.79,78,78
2026-03-02,2026-03-08,False,MT,GASOLINA,R$ / litro,6.453,6.39,5.79,6.89,79,79
2026-03-02,2026-03-08,False,MT,GASOLINA ADITIVADA,R$ / litro,6.651,6.62,6.23,7.09,42,42
2026-03-02,2026-03-08,False,MT,GNV,R$ / m³,3.99,3.99,3.99,3.99,1,1
2026-03-02,2026-03-08,False,PA,DIESEL,R$ / litro,6.53,6.47,5.74,7.82,38,38
2026-03-02,2026-03-08,False,PA,DIESEL S10,R$ / litro,6.364,6.39,5.69,7.59,68,68
2026-03-02,2026-03-08,False,PA,ETANOL,R$ / litro,4.988,4.99,4.49,5.55,37,37
2026-03-02,2026-03-08,False,PA,GASOLINA,R$ / litro,6.374,6.49,5.52,7.37,91,91
2026-03-02,2026-03-08,False,PA,GASOLINA ADITIVADA,R$ / litro,6.605,6.68,5.69,7.59,60,60
2026-03-02,2026-03-08,False,PB,DIESEL,R$ / litro,5.943,5.97,5.59,6.49,28,28
2026-03-02,2026-03-08,False,PB,DIESEL S10,R$ / litro,5.97,5.89,5.69,6.59,44,44
2026-03-02,2026-03-08,False,PB,ETANOL,R$ / litro,4.517,4.49,4.36,4.99,55,55
2026-03-02,2026-03-08,False,PB,GASOLINA,R$ / litro,5.976,5.94,5.77,6.19,65,65
2026-03-02,2026-03-08,False,PB,GASOLINA ADITIVADA,R$ / litro,6.136,6.15,5.86,6.39,45,45
2026-03-02,2026-03-08,False,PB,GNV,R$ / m³,4.846,4.85,4.79,4.86,7,7
2026-03-02,2026-03-08,False,PE,DIESEL,R$ / litro,6.086,6.09,5.97,6.29,9,9
2026-03-02,2026-03-08,False,PE,DIESEL S10,R$ / litro,5.94,5.89,5.62,6.99,151,151
2026-03-02,2026-03-08,False,PE,ETANOL,R$ / litro,5.088,5.185,4.2,6.49,162,162
2026-03-02,2026-03-08,False,PE,GASOLINA,R$ / litro,6.503,6.61,5.89,7.69,183,183
2026-03-02,2026-03-08,False,PE,GASOLINA ADITIVADA,R$ / litro,6.663,6.77,5.96,6.99,136,136
2026-03-02,2026-03-08,False,PE,GNV,R$ / m³,4.19,4.19,4.19,4.19,31,31
2026-03-02,2026-03-08,False,PI,DIESEL,R$ / litro,5.971,5.945,5.63,6.54,24,24
2026-03-02,2026-03-08,False,PI,DIESEL S10,R$ / litro,6.008,5.98,5.65,6.49,36,36
2026-03-02,2026-03-08,False,PI,ETANOL,R$ / litro,4.667,4.62,4.45,4.95,40,40
2026-03-02,2026-03-08,False,PI,GASOLINA,R$ / litro,5.962,5.99,5.69,6.39,56,56
2026-03-02,2026-03-08,False,PI,GASOLINA ADITIVADA,R$ / litro,6.184,6.215,5.69,6.79,42,42
2026-03-02,2026-03-08,False,PR,DIESEL,R$ / litro,6.033,5.99,5.54,6.87,140,140
2026-03-02,2026-03-08,False,PR,DIESEL S10,R$ / litro,6.135,6.09,5.57,6.99,198,198
2026-03-02,2026-03-08,False,PR,ETANOL,R$ / litro,4.683,4.69,3.95,5.19,281,281
2026-03-02,2026-03-08,False,PR,GASOLINA,R$ / litro,6.498,6.53,5.39,7.09,280,280
2026-03-02,2026-03-08,False,PR,GASOLINA ADITIVADA,R$ / litro,6.613,6.59,5.39,7.39,222,222
2026-03-02,2026-03-08,False,PR,GNV,R$ / m³,4.663,4.635,4.49,4.99,6,6
2026-03-02,2026-03-08,False,RJ,DIESEL,R$ / litro,6.215,6.13,5.54,7.72,112,112
2026-03-02,2026-03-08,False,RJ,DIESEL S10,R$ / litro,6.271,6.19,5.64,7.97,211,211
2026-03-02,2026-03-08,False,RJ,ETANOL,R$ / litro,5.042,4.99,4.19,5.77,273,273
2026-03-02,2026-03-08,False,RJ,GASOLINA,R$ / litro,6.277,6.19,5.49,7.79,322,322
2026-03-02,2026-03-08,False,RJ,GASOLINA ADITIVADA,R$ / litro,6.461,6.49,5.79,7.99,293,293
2026-03-02,2026-03-08,False,RJ,GNV,R$ / m³,4.356,4.19,3.89,6.28,152,152
2026-03-02,2026-03-08,False,RN,DIESEL,R$ / litro,6.474,6.39,6.18,6.99,25,25
2026-03-02,2026-03-08,False,RN,DIESEL S10,R$ / litro,6.477,6.39,5.89,6.99,37,37
2026-03-02,2026-03-08,False,RN,ETANOL,R$ / litro,5.507,5.54,5.07,6.0,40,40
2026-03-02,2026-03-08,False,RN,GASOLINA,R$ / litro,6.663,6.59,6.4,6.99,44,44
2026-03-02,2026-03-08,False,RN,GASOLINA ADITIVADA,R$ / litro,6.705,6.67,6.44,7.2,38,38
2026-03-02,2026-03-08,False,RN,GNV,R$ / m³,5.07,5.02,4.95,5.29,4,4
2026-03-02,2026-03-08,False,RO,DIESEL,R$ / litro,6.513,6.48,5.98,7.84,36,36
2026-03-02,2026-03-08,False,RO,DIESEL S10,R$ / litro,6.524,6.49,6.02,7.89,43,43
2026-03-02,2026-03-08,False,RO,ETANOL,R$ / litro,5.438,5.49,4.89,5.99,31,31
2026-03-02,2026-03-08,False,RO,GASOLINA,R$ / litro,6.945,6.97,6.48,7.89,52,52
2026-03-02,2026-03-08,False,RO,GASOLINA ADITIVADA,R$ / litro,7.054,7.06,6.59,8.04,47,47
2026-03-02,2026-03-08,False,RR,DIESEL,R$ / litro,6.812,6.85,6.4,6.92,12,12
2026-03-02,2026-03-08,False,RR,DIESEL S10,R$ / litro,6.818,6.85,6.4,6.92,12,12
2026-03-02,2026-03-08,False,RR,ETANOL,R$ / litro,5.297,5.29,5.29,5.34,7,7
2026-03-02,2026-03-08,False,RR,GASOLINA,R$ / litro,6.95,6.95,6.95,6.95,13,13
2026-03-02,2026-03-08,False,RR,GASOLINA ADITIVADA,R$ / litro,7.062,7.05,7.04,7.11,13,13
2026-03-02,2026-03-08,False,RS,DIESEL,R$ / litro,6.148,6.14,5.49,7.49,177,177
2026-03-02,2026-03-08,False,RS,DIESEL S10,R$ / litro,6.218,6.19,5.59,7.59,211,211
2026-03-02,2026-03-08,False,RS,ETANOL,R$ / litro,5.113,4.99,4.57,6.59,147,147
2026-03-02,2026-03-08,False,RS,GASOLINA,R$ / litro,6.279,6.26,5.73,7.34,322,322
2026-03-02,2026-03-08,False,RS,GASOLINA ADITIVADA,R$ / litro,6.472,6.46,5.74,7.58,311,311
2026-03-02,2026-03-08,False,RS,GNV,R$ / m³,4.931,4.99,4.49,5.65,18,18
2026-03-02,2026-03-08,False,SC,DIESEL,R$ / litro,6.194,6.19,5.69,6.73,57,57
2026-03-02,2026-03-08,False,SC,DIESEL S10,R$ / litro,6.253,6.22,5.7,6.89,100,100
2026-03-02,2026-03-08,False,SC,ETANOL,R$ / litro,4.959,4.975,4.59,5.55,94,94
2026-03-02,2026-03-08,False,SC,GASOLINA,R$ / litro,6.464,6.47,5.59,6.89,148,148
2026-03-02,2026-03-08,False,SC,GASOLINA ADITIVADA,R$ / litro,6.59,6.59,5.59,6.99,139,139
2026-03-02,2026-03-08,False,SC,GNV,R$ / m³,4.678,4.59,4.53,5.29,22,22
2026-03-02,2026-03-08,False,SE,DIESEL,R$ / litro,5.675,5.58,5.58,5.99,15,15
2026-03-02,2026-03-08,False,SE,DIESEL S10,R$ / litro,5.911,5.89,5.76,6.29,29,29
2026-03-02,2026-03-08,False,SE,ETANOL,R$ / litro,4.893,4.9,4.7,4.99,25,25
2026-03-02,2026-03-08,False,SE,GASOLINA,R$ / litro,6.49,6.52,6.39,6.59,38,38
2026-03-02,2026-03-08,False,SE,GASOLINA ADITIVADA,R$ / litro,6.571,6.57,6.39,6.88,32,32
2026-03-02,2026-03-08,False,SE,GNV,R$ / m³,4.705,4.61,4.61,4.99,4,4
2026-03-02,2026-03-08,False,SP,DIESEL,R$ / litro,6.066,5.99,5.45,7.69,403,403
2026-03-02,2026-03-08,False,SP,DIESEL S10,R$ / litro,6.158,6.09,5.39,9.99,778,778
2026-03-02,2026-03-08,False,SP,ETANOL,R$ / litro,4.459,4.45,3.69,5.99,1199,1199
2026-03-02,2026-03-08,False,SP,GASOLINA,R$ / litro,6.177,6.19,5.36,9.29,1210,1210
2026-03-02,2026-03-08,False,SP,GASOLINA ADITIVADA,R$ / litro,6.453,6.39,5.36,9.49,953,953
2026-03-02,2026-03-08,False,SP,GNV,R$ / m³,3.929,3.99,3.29,4.99,49,49
2026-03-02,2026-03-08,False,TO,DIESEL,R$ / litro,6.177,6.19,5.85,6.79,14,14
2026-03-02,2026-03-08,False,TO,DIESEL S10,R$ / litro,6.245,6.19,5.75,6.79,23,23
2026-03-02,2026-03-08,False,TO,ETANOL,R$ / litro,5.331,5.29,4.99,5.9,25,25
2026-03-02,2026-03-08,False,TO,GASOLINA,R$ / litro,6.678,6.67,6.4,6.89,30,30
2026-03-02,2026-03-08,False,TO,GASOLINA ADITIVADA,R$ / litro,6.758,6.78,6.4,6.99,19,19
2026-03-09,2026-03-15,False,AC,DIESEL,R$ / litro,8.343,8.34,8.34,8.35,3,3
2026-03-09,2026-03-15,False,AC,DIESEL S10,R$ / litro,8.87,8.87,8.87,8.87,1,1
2026-03-09,2026-03-15,False,AC,ETANOL,R$ / litro,6.203,6.21,6.1,6.3,3,3
2026-03-09,2026-03-15,False,AC,GASOLINA,R$ / litro,8.193,8.19,8.19,8.2,3,3
2026-03-09,2026-03-15,False,AC,GASOLINA ADITIVADA,R$ / litro,8.26,8.29,8.2,8.29,3,3
2026-03-09,2026-03-15,False,AL,DIESEL,R$ / litro,7.386,7.47,6.69,7.89,5,5
2026-03-09,2026-03-15,False,AL,DIESEL S10,R$ / litro,6.69,6.69,5.99,7.59,31,31
2026-03-09,2026-03-15,False,AL,ETANOL,R$ / litro,5.221,5.19,4.89,5.89,51,51
2026-03-09,2026-03-15,False,AL,GASOLINA,R$ / litro,6.692,6.65,6.35,7.19,59,59
2026-03-09,2026-03-15,False,AL,GASOLINA ADITIVADA,R$ / litro,6.779,6.78,6.37,7.28,39,39
2026-03-09,2026-03-15,False,AL,GNV,R$ / m³,4.657,4.59,4.59,5.19,9,9
2026-03-09,2026-03-15,False,AM,DIESEL,R$ / litro,7.011,6.99,6.6,7.28,19,19
2026-03-09,2026-03-15,False,AM,DIESEL S10,R$ / litro,7.319,6.99,6.38,8.79,42,42
2026-03-09,2026-03-15,False,AM,ETANOL,R$ / litro,5.529,5.59,4.99,5.59,36,36
2026-03-09,2026-03-15,False,AM,GASOLINA,R$ / litro,7.486,7.29,6.69,8.79,55,55
2026-03-09,2026-03-15,False,AM,GASOLINA ADITIVADA,R$ / litro,7.537,7.29,6.69,8.89,50,50
2026-03-09,2026-03-15,False,AM,GNV,R$ / m³,3.99,3.99,3.99,3.99,1,1
2026-03-09,2026-03-15,False,AP,DIESEL,R$ / litro,6.643,6.58,6.4,6.95,3,3
2026-03-09,2026-03-15,False,AP,DIESEL S10,R$ / litro,7.033,6.98,6.95,7.17,3,3
2026-03-09,2026-03-15,False,AP,GASOLINA,R$ / litro,6.282,6.31,6.09,6.42,4,4
2026-03-09,2026-03-15,False,BA,DIESEL,R$ / litro,7.135,6.9,6.38,8.39,139,139
2026-03-09,2026-03-15,False,BA,DIESEL S10,R$ / litro,7.27,7.09,6.5,8.88,178,178
2026-03-09,2026-03-15,False,BA,ETANOL,R$ / litro,5.332,5.25,4.65,6.25,207,207
2026-03-09,2026-03-15,False,BA,GASOLINA,R$ / litro,6.969,6.94,6.31,8.88,227,227
2026-03-09,2026-03-15,False,BA,GASOLINA ADITIVADA,R$ / litro,7.061,6.99,6.39,7.69,165,165
2026-03-09,2026-03-15,False,BA,GNV,R$ / m³,4.525,4.44,3.99,5.79,12,12
2026-03-09,2026-03-15,False,CE,DIESEL,R$ / litro,6.779,6.69,5.79,7.59,17,17
2026-03-09,2026-03-15,False,CE,DIESEL S10,R$ / litro,6.689,6.6,5.69,7.7,117,117
2026-03-09,2026-03-15,False,CE,ETANOL,R$ / litro,5.291,5.29,4.67,6.89,115,115
2026-03-09,2026-03-15,False,CE,GASOLINA,R$ / litro,6.666,6.69,5.99,7.19,128,128
2026-03-09,2026-03-15,False,CE,GASOLINA ADITIVADA,R$ / litro,6.771,6.78,6.09,7.39,109,109
2026-03-09,2026-03-15,False,CE,GNV,R$ / m³,5.284,5.15,5.15,6.09,7,7
2026-03-09,2026-03-15,False,DF,DIESEL,R$ / litro,6.617,6.53,6.48,6.77,19,19
2026-03-09,2026-03-15,False,DF,DIESEL S10,R$ / litro,6.633,6.675,6.49,6.78,20,20
2026-03-09,2026-03-15,False,DF,ETANOL,R$ / litro,5.193,5.21,4.97,5.29,23,23
2026-03-09,2026-03-15,False,DF,GASOLINA,R$ / litro,6.549,6.55,6.23,6.59,49,49
2026-03-09,2026-03-15,False,DF,GASOLINA ADITIVADA,R$ / litro,6.578,6.56,6.53,6.95,44,44
2026-03-09,2026-03-15,False,ES,DIESEL,R$ / litro,6.447,6.4,5.89,7.69,23,23
2026-03-09,2026-03-15,False,ES,DIESEL S10,R$ / litro,6.386,6.39,5.99,7.89,41,41
2026-03-09,2026-03-15,False,ES,ETANOL,R$ / litro,4.835,4.89,4.45,5.19,47,47
2026-03-09,2026-03-15,False,ES,GASOLINA,R$ / litro,6.291,6.19,5.88,6.79,71,71
2026-03-09,2026-03-15,False,ES,GASOLINA ADITIVADA,R$ / litro,6.481,6.49,5.89,7.08,63,63
2026-03-09,2026-03-15,False,ES,GNV,R$ / m³,4.067,3.99,3.98,4.49,9,9
2026-03-09,2026-03-15,False,GO,DIESEL,R$ / litro,7.138,6.99,6.08,8.49,71,71
2026-03-09,2026-03-15,False,GO,DIESEL S10,R$ / litro,7.112,6.99,5.99,8.49,115,115
2026-03-09,2026-03-15,False,GO,ETANOL,R$ / litro,4.683,4.79,3.95,5.29,138,138
2026-03-09,2026-03-15,False,GO,GASOLINA,R$ / litro,6.292,6.39,5.39,7.09,143,143
2026-03-09,2026-03-15,False,GO,GASOLINA ADITIVADA,R$ / litro,6.489,6.575,5.59,7.09,96,96
2026-03-09,2026-03-15,False,MA,DIESEL,R$ / litro,6.767,6.75,5.85,7.59,44,44
2026-03-09,2026-03-15,False,MA,DIESEL S10,R$ / litro,6.735,6.75,5.79,7.79,80,80
2026-03-09,2026-03-15,False,MA,ETANOL,R$ / litro,5.337,5.34,4.79,6.19,49,49
2026-03-09,2026-03-15,False,MA,GASOLINA,R$ / litro,6.441,6.49,5.68,7.29,93,93
2026-03-09,2026-03-15,False,MA,GASOLINA ADITIVADA,R$ / litro,6.575,6.5,5.88,7.39,57,57
2026-03-09,2026-03-15,False,MG,DIESEL,R$ / litro,6.662,6.59,5.64,8.3,230,230
2026-03-09,2026-03-15,False,MG,DIESEL S10,R$ / litro,6.778,6.61,5.64,8.41,304,304
2026-03-09,2026-03-15,False,MG,ETANOL,R$ / litro,4.725,4.69,4.09,5.29,405,405
2026-03-09,2026-03-15,False,MG,GASOLINA,R$ / litro,6.298,6.29,5.69,6.99,422,422
2026-03-09,2026-03-15,False,MG,GASOLINA ADITIVADA,R$ / litro,6.51,6.49,5.99,7.91,266,266
2026-03-09,2026-03-15,False,MG,GNV,R$ / m³,4.968,4.92,4.74,5.45,6,6
2026-03-09,2026-03-15,False,MS,DIESEL,R$ / litro,6.41,6.38,6.09,7.17,18,18
2026-03-09,2026-03-15,False,MS,DIESEL S10,R$ / litro,6.576,6.49,6.29,7.25,22,22
2026-03-09,2026-03-15,False,MS,ETANOL,R$ / litro,4.341,4.29,4.08,4.89,28,28
2026-03-09,2026-03-15,False,MS,GASOLINA,R$ / litro,6.307,6.29,5.89,6.94,49,49
2026-03-09,2026-03-15,False,MS,GASOLINA ADITIVADA,R$ / litro,6.464,6.39,5.94,7.03,43,43
2026-03-09,2026-03-15,False,MS,GNV,R$ / m³,4.59,4.59,4.59,4.59,1,1
2026-03-09,2026-03-15,False,MT,DIESEL,R$ / litro,7.167,7.26,6.55,7.78,32,32
2026-03-09,2026-03-15,False,MT,DIESEL S10,R$ / litro,7.324,7.49,6.59,7.88,40,40
2026-03-09,2026-03-15,False,MT,ETANOL,R$ / litro,4.639,4.67,3.99,4.89,64,64
2026-03-09,2026-03-15,False,MT,GASOLINA,R$ / litro,6.606,6.59,6.25,6.96,64,64
2026-03-09,2026-03-15,False,MT,GASOLINA ADITIVADA,R$ / litro,6.762,6.79,6.45,7.19,37,37
2026-03-09,2026-03-15,False,MT,GNV,R$ / m³,3.99,3.99,3.99,3.99,1,1
2026-03-09,2026-03-15,False,PA,DIESEL,R$ / litro,7.203,7.28,6.25,8.12,36,36
2026-03-09,2026-03-15,False,PA,DIESEL S10,R$ / litro,6.982,6.935,6.05,8.13,60,60
2026-03-09,2026-03-15,False,PA,ETANOL,R$ / litro,5.103,4.99,4.62,5.76,30,30
2026-03-09,2026-03-15,False,PA,GASOLINA,R$ / litro,6.682,6.59,5.94,7.52,84,84
2026-03-09,2026-03-15,False,PA,GASOLINA ADITIVADA,R$ / litro,6.845,6.8,5.99,7.75,58,58
2026-03-09,2026-03-15,False,PB,DIESEL,R$ / litro,6.324,6.285,5.59,7.19,24,24
2026-03-09,2026-03-15,False,PB,DIESEL S10,R$ / litro,6.458,6.43,5.69,7.29,45,45
2026-03-09,2026-03-15,False,PB,ETANOL,R$ / litro,4.594,4.59,4.36,5.09,56,56
2026-03-09,2026-03-15,False,PB,GASOLINA,R$ / litro,6.184,6.19,5.39,6.79,66,66
2026-03-09,2026-03-15,False,PB,GASOLINA ADITIVADA,R$ / litro,6.329,6.33,5.99,6.79,45,45
2026-03-09,2026-03-15,False,PB,GNV,R$ / m³,4.891,4.855,4.79,5.21,8,8
2026-03-09,2026-03-15,False,PE,DIESEL,R$ / litro,7.065,7.09,6.89,7.29,8,8
2026-03-09,2026-03-15,False,PE,DIESEL S10,R$ / litro,6.782,6.79,5.79,7.99,157,157
2026-03-09,2026-03-15,False,PE,ETANOL,R$ / litro,5.351,5.24,4.2,6.59,162,162
2026-03-09,2026-03-15,False,PE,GASOLINA,R$ / litro,6.873,6.69,6.07,7.99,183,183
2026-03-09,2026-03-15,False,PE,GASOLINA ADITIVADA,R$ / litro,7.009,6.89,6.29,7.78,131,131
2026-03-09,2026-03-15,False,PE,GNV,R$ / m³,4.19,4.19,4.19,4.19,29,29
2026-03-09,2026-03-15,False,PI,DIESEL,R$ / litro,6.589,6.65,5.79,7.31,29,29
2026-03-09,2026-03-15,False,PI,DIESEL S10,R$ / litro,6.694,6.72,5.79,7.45,39,39
2026-03-09,2026-03-15,False,PI,ETANOL,R$ / litro,4.877,4.79,4.49,5.25,41,41
2026-03-09,2026-03-15,False,PI,GASOLINA,R$ / litro,6.31,6.34,5.97,6.75,59,59
2026-03-09,2026-03-15,False,PI,GASOLINA ADITIVADA,R$ / litro,6.494,6.475,6.13,6.85,42,42
2026-03-09,2026-03-15,False,PR,DIESEL,R$ / litro,6.831,6.89,5.99,7.89,125,125
2026-03-09,2026-03-15,False,PR,DIESEL S10,R$ / litro,7.006,6.99,5.79,7.99,186,186
2026-03-09,2026-03-15,False,PR,ETANOL,R$ / litro,4.693,4.69,3.95,5.25,273,273
2026-03-09,2026-03-15,False,PR,GASOLINA,R$ / litro,6.562,6.59,5.59,7.19,273,273
2026-03-09,2026-03-15,False,PR,GASOLINA ADITIVADA,R$ / litro,6.703,6.74,5.59,7.39,225,225
2026-03-09,2026-03-15,False,PR,GNV,R$ / m³,4.638,4.66,4.49,4.74,4,4
2026-03-09,2026-03-15,False,RJ,DIESEL,R$ / litro,6.562,6.49,5.74,7.92,115,115
2026-03-09,2026-03-15,False,RJ,DIESEL S10,R$ / litro,6.604,6.59,5.69,8.17,205,205
2026-03-09,2026-03-15,False,RJ,ETANOL,R$ / litro,5.08,5.06,4.19,5.79,270,270
2026-03-09,2026-03-15,False,RJ,GASOLINA,R$ / litro,6.359,6.29,5.64,7.79,315,315
2026-03-09,2026-03-15,False,RJ,GASOLINA ADITIVADA,R$ / litro,6.546,6.49,5.94,7.99,283,283
2026-03-09,2026-03-15,False,RJ,GNV,R$ / m³,4.37,4.19,3.79,6.49,146,146
2026-03-09,2026-03-15,False,RN,DIESEL,R$ / litro,6.841,6.89,6.19,7.49,21,21
2026-03-09,2026-03-15,False,RN,DIESEL S10,R$ / litro,6.852,6.69,6.49,7.3,36,36
2026-03-09,2026-03-15,False,RN,ETANOL,R$ / litro,5.867,5.98,5.32,6.0,38,38
2026-03-09,2026-03-15,False,RN,GASOLINA,R$ / litro,6.97,6.99,6.77,7.49,43,43
2026-03-09,2026-03-15,False,RN,GASOLINA ADITIVADA,R$ / litro,7.013,6.99,6.79,7.49,35,35
2026-03-09,2026-03-15,False,RN,GNV,R$ / m³,5.082,5.09,4.95,5.29,5,5
2026-03-09,2026-03-15,False,RO,DIESEL,R$ / litro,6.928,6.855,6.41,7.65,36,36
2026-03-09,2026-03-15,False,RO,DIESEL S10,R$ / litro,6.985,6.89,6.09,7.75,45,45
2026-03-09,2026-03-15,False,RO,ETANOL,R$ / litro,5.544,5.59,5.19,5.99,29,29
2026-03-09,2026-03-15,False,RO,GASOLINA,R$ / litro,7.132,7.12,6.75,7.5,51,51
2026-03-09,2026-03-15,False,RO,GASOLINA ADITIVADA,R$ / litro,7.233,7.2,6.98,7.59,43,43
2026-03-09,2026-03-15,False,RR,DIESEL,R$ / litro,7.1,7.05,7.0,7.72,12,12
2026-03-09,2026-03-15,False,RR,DIESEL S10,R$ / litro,7.113,7.05,7.05,7.72,12,12
2026-03-09,2026-03-15,False,RR,ETANOL,R$ / litro,5.323,5.29,5.29,5.39,6,6
2026-03-09,2026-03-15,False,RR,GASOLINA,R$ / litro,7.181,7.15,7.15,7.55,13,13
2026-03-09,2026-03-15,False,RR,GASOLINA ADITIVADA,R$ / litro,7.283,7.25,7.23,7.65,13,13
2026-03-09,2026-03-15,False,RS,DIESEL,R$ / litro,6.687,6.63,5.64,7.99,176,176
2026-03-09,2026-03-15,False,RS,DIESEL S10,R$ / litro,6.757,6.69,5.69,8.39,221,221
2026-03-09,2026-03-15,False,RS,ETANOL,R$ / litro,5.127,4.99,4.59,6.59,146,146
2026-03-09,2026-03-15,False,RS,GASOLINA,R$ / litro,6.387,6.39,5.73,7.39,330,330
2026-03-09,2026-03-15,False,RS,GASOLINA ADITIVADA,R$ / litro,6.58,6.59,5.95,7.64,316,316
2026-03-09,2026-03-15,False,RS,GNV,R$ / m³,4.91,4.99,4.49,5.19,21,21
2026-03-09,2026-03-15,False,SC,DIESEL,R$ / litro,6.69,6.67,5.89,7.39,65,65
2026-03-09,2026-03-15,False,SC,DIESEL S10,R$ / litro,6.758,6.74,5.99,7.49,105,105
2026-03-09,2026-03-15,False,SC,ETANOL,R$ / litro,4.986,4.99,4.56,5.55,103,103
2026-03-09,2026-03-15,False,SC,GASOLINA,R$ / litro,6.476,6.47,5.59,6.89,160,160
2026-03-09,2026-03-15,False,SC,GASOLINA ADITIVADA,R$ / litro,6.609,6.59,5.59,7.19,151,151
2026-03-09,2026-03-15,False,SC,GNV,R$ / m³,4.705,4.59,4.53,5.46,22,22
2026-03-09,2026-03-15,False,SE,DIESEL,R$ / litro,6.6,6.39,6.32,7.49,14,14
2026-03-09,2026-03-15,False,SE,DIESEL S10,R$ / litro,6.575,6.5,6.28,7.29,24,24
2026-03-09,2026-03-15,False,SE,ETANOL,R$ / litro,5.0,4.99,4.8,5.29,22,22
2026-03-09,2026-03-15,False,SE,GASOLINA,R$ / litro,6.802,6.82,6.62,6.99,40,40
2026-03-09,2026-03-15,False,SE,GASOLINA ADITIVADA,R$ / litro,6.881,6.88,6.62,7.18,34,34
2026-03-09,2026-03-15,False,SE,GNV,R$ / m³,4.61,4.61,4.61,4.61,5,5
2026-03-09,2026-03-15,False,SP,DIESEL,R$ / litro,6.817,6.79,5.47,8.49,374,374
2026-03-09,2026-03-15,False,SP,DIESEL S10,R$ / litro,6.9,6.815,5.59,9.99,736,736
2026-03-09,2026-03-15,False,SP,ETANOL,R$ / litro,4.486,4.49,3.77,5.99,1133,1133
2026-03-09,2026-03-15,False,SP,GASOLINA,R$ / litro,6.313,6.29,5.29,9.29,1150,1150
2026-03-09,2026-03-15,False,SP,GASOLINA ADITIVADA,R$ / litro,6.574,6.57,5.59,9.49,897,897
2026-03-09,2026-03-15,False,SP,GNV,R$ / m³,4.173,3.99,3.41,5.29,42,42
2026-03-09,2026-03-15,False,TO,DIESEL,R$ / litro,7.127,7.14,6.15,7.69,31,31
2026-03-09,2026-03-15,False,TO,DIESEL S10,R$ / litro,7.303,7.49,6.5,7.99,37,37
2026-03-09,2026-03-15,False,TO,ETANOL,R$ / litro,5.399,5.39,4.75,6.03,38,38
2026-03-09,2026-03-15,False,TO,GASOLINA,R$ / litro,6.944,6.98,6.35,7.29,48,48
2026-03-09,2026-03-15,False,TO,GASOLINA ADITIVADA,R$ / litro,7.079,7.14,6.35,7.39,33,33
2026-03-16,2026-03-22,False,AC,DIESEL,R$ / litro,8.018,8.115,7.49,8.35,4,4
2026-03-16,2026-03-22,False,AC,DIESEL S10,R$ / litro,8.062,7.92,7.54,8.87,4,4
2026-03-16,2026-03-22,False,AC,ETANOL,R$ / litro,5.818,6.04,5.08,6.3,6,6
2026-03-16,2026-03-22,False,AC,GASOLINA,R$ / litro,7.816,8.17,6.94,8.2,7,7
2026-03-16,2026-03-22,False,AC,GASOLINA ADITIVADA,R$ / litro,7.926,8.2,6.99,8.37,7,7
2026-03-16,2026-03-22,False,AL,DIESEL,R$ / litro,7.436,7.47,6.99,7.89,7,7
2026-03-16,2026-03-22,False,AL,DIESEL S10,R$ / litro,6.966,6.99,6.29,8.23,28,28
2026-03-16,2026-03-22,False,AL,ETANOL,R$ / litro,5.236,5.19,4.89,5.7,48,48
2026-03-16,2026-03-22,False,AL,GASOLINA,R$ / litro,6.808,6.79,6.54,7.39,59,59
2026-03-16,2026-03-22,False,AL,GASOLINA ADITIVADA,R$ / litro,6.96,6.89,6.65,7.68,38,38
2026-03-16,2026-03-22,False,AL,GNV,R$ / m³,4.676,4.59,4.59,5.19,7,7
2026-03-16,2026-03-22,False,AM,DIESEL,R$ / litro,7.051,6.99,6.99,7.49,21,21
2026-03-16,2026-03-22,False,AM,DIESEL S10,R$ / litro,7.436,6.99,6.6,8.99,42,42
2026-03-16,2026-03-22,False,AM,ETANOL,R$ / litro,5.538,5.59,5.35,5.59,38,38
2026-03-16,2026-03-22,False,AM,GASOLINA,R$ / litro,7.493,7.29,7.19,8.99,55,55
2026-03-16,2026-03-22,False,AM,GASOLINA ADITIVADA,R$ / litro,7.548,7.35,7.19,8.99,45,45
2026-03-16,2026-03-22,False,AM,GNV,R$ / m³,3.99,3.99,3.99,3.99,2,2
2026-03-16,2026-03-22,False,AP,DIESEL,R$ / litro,6.48,6.48,6.48,6.48,1,1
2026-03-16,2026-03-22,False,AP,DIESEL S10,R$ / litro,7.17,7.17,7.17,7.17,1,1
2026-03-16,2026-03-22,False,AP,GASOLINA,R$ / litro,6.59,6.59,6.59,6.59,1,1
2026-03-16,2026-03-22,False,BA,DIESEL,R$ / litro,7.943,7.89,6.75,8.99,133,133
2026-03-16,2026-03-22,False,BA,DIESEL S10,R$ / litro,8.009,7.99,6.92,9.09,165,165
2026-03-16,2026-03-22,False,BA,ETANOL,R$ / litro,5.446,5.29,4.7,6.29,205,205
2026-03-16,2026-03-22,False,BA,GASOLINA,R$ / litro,7.258,7.29,6.59,7.79,232,232
2026-03-16,2026-03-22,False,BA,GASOLINA ADITIVADA,R$ / litro,7.352,7.39,6.73,7.99,169,169
2026-03-16,2026-03-22,False,BA,GNV,R$ / m³,4.378,4.385,3.99,5.49,14,14
2026-03-16,2026-03-22,False,CE,DIESEL,R$ / litro,7.126,7.16,6.86,7.59,16,16
2026-03-16,2026-03-22,False,CE,DIESEL S10,R$ / litro,6.972,6.87,6.15,7.99,113,113
2026-03-16,2026-03-22,False,CE,ETANOL,R$ / litro,5.316,5.29,4.79,6.19,108,108
2026-03-16,2026-03-22,False,CE,GASOLINA,R$ / litro,6.73,6.69,6.29,7.29,118,118
2026-03-16,2026-03-22,False,CE,GASOLINA ADITIVADA,R$ / litro,6.844,6.875,6.39,7.45,106,106
2026-03-16,2026-03-22,False,CE,GNV,R$ / m³,5.15,5.15,5.15,5.15,8,8
2026-03-16,2026-03-22,False,DF,DIESEL,R$ / litro,7.021,6.99,6.74,7.45,19,19
2026-03-16,2026-03-22,False,DF,DIESEL S10,R$ / litro,7.681,7.39,6.76,8.6,17,17
2026-03-16,2026-03-22,False,DF,ETANOL,R$ / litro,5.195,5.21,5.1,5.21,23,23
2026-03-16,2026-03-22,False,DF,GASOLINA,R$ / litro,6.581,6.58,6.39,6.69,49,49
2026-03-16,2026-03-22,False,DF,GASOLINA ADITIVADA,R$ / litro,6.692,6.68,6.53,7.09,44,44
2026-03-16,2026-03-22,False,ES,DIESEL,R$ / litro,6.627,6.59,6.15,7.09,21,21
2026-03-16,2026-03-22,False,ES,DIESEL S10,R$ / litro,6.687,6.59,6.39,7.49,42,42
2026-03-16,2026-03-22,False,ES,ETANOL,R$ / litro,5.0,4.99,4.5,5.89,49,49
2026-03-16,2026-03-22,False,ES,GASOLINA,R$ / litro,6.606,6.59,6.17,7.19,72,72
2026-03-16,2026-03-22,False,ES,GASOLINA ADITIVADA,R$ / litro,6.809,6.79,6.17,7.49,64,64
2026-03-16,2026-03-22,False,ES,GNV,R$ / m³,4.014,3.99,3.98,4.09,8,8
2026-03-16,2026-03-22,False,GO,DIESEL,R$ / litro,7.651,7.69,6.79,8.5,87,87
2026-03-16,2026-03-22,False,GO,DIESEL S10,R$ / litro,7.592,7.59,6.59,8.5,133,133
2026-03-16,2026-03-22,False,GO,ETANOL,R$ / litro,4.697,4.74,3.95,5.29,164,164
2026-03-16,2026-03-22,False,GO,GASOLINA,R$ / litro,6.409,6.49,5.79,6.99,165,165
2026-03-16,2026-03-22,False,GO,GASOLINA ADITIVADA,R$ / litro,6.592,6.59,6.0,7.28,105,105
2026-03-16,2026-03-22,False,MA,DIESEL,R$ / litro,7.169,7.16,6.7,7.79,49,49
2026-03-16,2026-03-22,False,MA,DIESEL S10,R$ / litro,7.219,7.19,6.35,7.98,89,89
2026-03-16,2026-03-22,False,MA,ETANOL,R$ / litro,5.417,5.295,4.94,6.19,58,58
2026-03-16,2026-03-22,False,MA,GASOLINA,R$ / litro,6.768,6.785,6.18,7.39,104,104
2026-03-16,2026-03-22,False,MA,GASOLINA ADITIVADA,R$ / litro,6.909,6.89,6.3,7.49,65,65
2026-03-16,2026-03-22,False,MG,DIESEL,R$ / litro,7.234,7.19,6.24,8.09,241,241
2026-03-16,2026-03-22,False,MG,DIESEL S10,R$ / litro,7.361,7.39,6.3,9.08,306,306
2026-03-16,2026-03-22,False,MG,ETANOL,R$ / litro,4.79,4.79,4.27,5.5,432,432
2026-03-16,2026-03-22,False,MG,GASOLINA,R$ / litro,6.455,6.43,5.89,7.19,459,459
2026-03-16,2026-03-22,False,MG,GASOLINA ADITIVADA,R$ / litro,6.67,6.665,6.07,7.48,286,286
2026-03-16,2026-03-22,False,MG,GNV,R$ / m³,5.193,4.99,4.79,5.79,7,7
2026-03-16,2026-03-22,False,MS,DIESEL,R$ / litro,6.795,6.69,6.32,7.59,20,20
2026-03-16,2026-03-22,False,MS,DIESEL S10,R$ / litro,6.873,6.79,6.67,7.69,19,19
2026-03-16,2026-03-22,False,MS,ETANOL,R$ / litro,4.394,4.39,4.15,5.07,29,29
2026-03-16,2026-03-22,False,MS,GASOLINA,R$ / litro,6.415,6.33,5.95,6.99,50,50
2026-03-16,2026-03-22,False,MS,GASOLINA ADITIVADA,R$ / litro,6.58,6.54,5.97,7.1,42,42
2026-03-16,2026-03-22,False,MS,GNV,R$ / m³,4.59,4.59,4.59,4.59,1,1
2026-03-16,2026-03-22,False,MT,DIESEL,R$ / litro,7.29,7.38,6.69,7.78,44,44
2026-03-16,2026-03-22,False,MT,DIESEL S10,R$ / litro,7.455,7.49,6.79,8.15,50,50
2026-03-16,2026-03-22,False,MT,ETANOL,R$ / litro,4.659,4.67,3.99,4.89,75,75
2026-03-16,2026-03-22,False,MT,GASOLINA,R$ / litro,6.68,6.59,6.3,6.99,75,75
2026-03-16,2026-03-22,False,MT,GASOLINA ADITIVADA,R$ / litro,6.89,6.79,6.45,7.39,41,41
2026-03-16,2026-03-22,False,MT,GNV,R$ / m³,3.99,3.99,3.99,3.99,1,1
2026-03-16,2026-03-22,False,PA,DIESEL,R$ / litro,7.416,7.43,6.49,8.29,34,34
2026-03-16,2026-03-22,False,PA,DIESEL S10,R$ / litro,7.313,7.24,6.49,8.5,63,63
2026-03-16,2026-03-22,False,PA,ETANOL,R$ / litro,5.217,5.19,4.67,5.99,37,37
2026-03-16,2026-03-22,False,PA,GASOLINA,R$ / litro,6.791,6.77,6.08,7.75,89,89
2026-03-16,2026-03-22,False,PA,GASOLINA ADITIVADA,R$ / litro,6.98,6.99,6.29,7.75,58,58
2026-03-16,2026-03-22,False,PB,DIESEL,R$ / litro,6.632,6.64,5.79,7.3,26,26
2026-03-16,2026-03-22,False,PB,DIESEL S10,R$ / litro,6.832,6.89,6.19,7.3,46,46
2026-03-16,2026-03-22,False,PB,ETANOL,R$ / litro,4.659,4.59,4.39,5.3,56,56
2026-03-16,2026-03-22,False,PB,GASOLINA,R$ / litro,6.444,6.45,6.04,6.94,66,66
2026-03-16,2026-03-22,False,PB,GASOLINA ADITIVADA,R$ / litro,6.571,6.59,6.18,6.9,45,45
2026-03-16,2026-03-22,False,PB,GNV,R$ / m³,4.967,4.86,4.79,5.21,9,9
2026-03-16,2026-03-22,False,PE,DIESEL,R$ / litro,7.343,7.29,6.79,7.99,11,11
2026-03-16,2026-03-22,False,PE,DIESEL S10,R$ / litro,6.988,6.89,6.49,8.19,147,147
2026-03-16,2026-03-22,False,PE,ETANOL,R$ / litro,5.559,5.79,4.2,6.59,150,150
2026-03-16,2026-03-22,False,PE,GASOLINA,R$ / litro,7.174,7.39,6.44,7.99,173,173
2026-03-16,2026-03-22,False,PE,GASOLINA ADITIVADA,R$ / litro,7.323,7.47,6.49,7.89,131,131
2026-03-16,2026-03-22,False,PE,GNV,R$ / m³,4.19,4.19,4.19,4.19,26,26
2026-03-16,2026-03-22,False,PI,DIESEL,R$ / litro,7.089,7.065,6.34,7.55,30,30
2026-03-16,2026-03-22,False,PI,DIESEL S10,R$ / litro,7.169,7.19,5.9,7.69,42,42
2026-03-16,2026-03-22,False,PI,ETANOL,R$ / litro,5.027,4.99,4.59,5.35,41,41
2026-03-16,2026-03-22,False,PI,GASOLINA,R$ / litro,6.582,6.59,6.22,7.05,59,59
2026-03-16,2026-03-22,False,PI,GASOLINA ADITIVADA,R$ / litro,6.762,6.76,6.43,7.2,43,43
2026-03-16,2026-03-22,False,PR,DIESEL,R$ / litro,7.214,7.19,6.39,8.6,131,131
2026-03-16,2026-03-22,False,PR,DIESEL S10,R$ / litro,7.49,7.49,6.38,8.99,190,190
2026-03-16,2026-03-22,False,PR,ETANOL,R$ / litro,4.766,4.79,4.09,5.25,270,270
2026-03-16,2026-03-22,False,PR,GASOLINA,R$ / litro,6.711,6.75,5.89,7.49,268,268
2026-03-16,2026-03-22,False,PR,GASOLINA ADITIVADA,R$ / litro,6.861,6.89,5.99,7.89,211,211
2026-03-16,2026-03-22,False,PR,GNV,R$ / m³,4.672,4.64,4.49,4.99,6,6
2026-03-16,2026-03-22,False,RJ,DIESEL,R$ / litro,6.986,6.99,6.18,8.05,113,113
2026-03-16,2026-03-22,False,RJ,DIESEL S10,R$ / litro,7.076,6.99,5.69,8.99,209,209
2026-03-16,2026-03-22,False,RJ,ETANOL,R$ / litro,5.144,5.09,4.49,5.89,277,277
2026-03-16,2026-03-22,False,RJ,GASOLINA,R$ / litro,6.581,6.49,5.69,7.79,329,329
2026-03-16,2026-03-22,False,RJ,GASOLINA ADITIVADA,R$ / litro,6.759,6.69,6.09,7.99,297,297
2026-03-16,2026-03-22,False,RJ,GNV,R$ / m³,4.377,4.19,3.87,6.28,153,153
2026-03-16,2026-03-22,False,RN,DIESEL,R$ / litro,7.267,7.29,6.78,7.59,26,26
2026-03-16,2026-03-22,False,RN,DIESEL S10,R$ / litro,7.345,7.39,6.97,7.59,41,41
2026-03-16,2026-03-22,False,RN,ETANOL,R$ / litro,5.879,5.99,5.32,6.29,43,43
2026-03-16,2026-03-22,False,RN,GASOLINA,R$ / litro,7.206,7.29,6.85,7.59,45,45
2026-03-16,2026-03-22,False,RN,GASOLINA ADITIVADA,R$ / litro,7.278,7.32,6.89,7.69,39,39
2026-03-16,2026-03-22,False,RN,GNV,R$ / m³,5.25,5.29,5.09,5.29,5,5
2026-03-16,2026-03-22,False,RO,DIESEL,R$ / litro,7.225,7.385,6.6,7.84,40,40
2026-03-16,2026-03-22,False,RO,DIESEL S10,R$ / litro,7.286,7.39,6.49,7.89,48,48
2026-03-16,2026-03-22,False,RO,ETANOL,R$ / litro,5.571,5.6,5.19,5.99,30,30
2026-03-16,2026-03-22,False,RO,GASOLINA,R$ / litro,7.265,7.355,6.84,7.89,54,54
2026-03-16,2026-03-22,False,RO,GASOLINA ADITIVADA,R$ / litro,7.37,7.39,6.99,7.99,47,47
2026-03-16,2026-03-22,False,RR,DIESEL,R$ / litro,7.638,7.65,7.6,7.72,12,12
2026-03-16,2026-03-22,False,RR,DIESEL S10,R$ / litro,7.663,7.65,7.65,7.73,12,12
2026-03-16,2026-03-22,False,RR,ETANOL,R$ / litro,5.519,5.49,5.49,5.59,7,7
2026-03-16,2026-03-22,False,RR,GASOLINA,R$ / litro,7.55,7.55,7.55,7.55,13,13
2026-03-16,2026-03-22,False,RR,GASOLINA ADITIVADA,R$ / litro,7.658,7.65,7.64,7.71,13,13
2026-03-16,2026-03-22,False,RS,DIESEL,R$ / litro,7.213,7.19,6.32,8.59,191,191
2026-03-16,2026-03-22,False,RS,DIESEL S10,R$ / litro,7.308,7.29,6.19,8.59,220,220
2026-03-16,2026-03-22,False,RS,ETANOL,R$ / litro,5.218,5.09,4.67,6.99,148,148
2026-03-16,2026-03-22,False,RS,GASOLINA,R$ / litro,6.507,6.49,5.69,7.47,333,333
2026-03-16,2026-03-22,False,RS,GASOLINA ADITIVADA,R$ / litro,6.698,6.69,5.94,7.62,312,312
2026-03-16,2026-03-22,False,RS,GNV,R$ / m³,4.938,4.99,4.49,5.65,17,17
2026-03-16,2026-03-22,False,SC,DIESEL,R$ / litro,7.296,7.29,6.39,8.24,56,56
2026-03-16,2026-03-22,False,SC,DIESEL S10,R$ / litro,7.388,7.39,5.95,8.54,103,103
2026-03-16,2026-03-22,False,SC,ETANOL,R$ / litro,5.058,4.99,4.56,5.79,119,119
2026-03-16,2026-03-22,False,SC,GASOLINA,R$ / litro,6.59,6.58,5.59,7.09,166,166
2026-03-16,2026-03-22,False,SC,GASOLINA ADITIVADA,R$ / litro,6.724,6.705,5.59,7.29,156,156
2026-03-16,2026-03-22,False,SC,GNV,R$ / m³,4.676,4.59,4.49,5.29,27,27
2026-03-16,2026-03-22,False,SE,DIESEL,R$ / litro,7.182,7.19,6.7,7.49,15,15
2026-03-16,2026-03-22,False,SE,DIESEL S10,R$ / litro,6.883,6.79,6.79,7.2,11,11
2026-03-16,2026-03-22,False,SE,ETANOL,R$ / litro,5.015,4.95,4.95,5.32,21,21
2026-03-16,2026-03-22,False,SE,GASOLINA,R$ / litro,6.977,6.92,6.8,7.69,33,33
2026-03-16,2026-03-22,False,SE,GASOLINA ADITIVADA,R$ / litro,7.019,6.97,6.8,7.89,28,28
2026-03-16,2026-03-22,False,SE,GNV,R$ / m³,4.61,4.61,4.61,4.61,3,3
2026-03-16,2026-03-22,False,SP,DIESEL,R$ / litro,7.278,7.29,5.99,8.5,408,408
2026-03-16,2026-03-22,False,SP,DIESEL S10,R$ / litro,7.398,7.39,5.89,9.29,766,766
2026-03-16,2026-03-22,False,SP,ETANOL,R$ / litro,4.531,4.49,3.86,5.99,1196,1196
2026-03-16,2026-03-22,False,SP,GASOLINA,R$ / litro,6.547,6.49,5.49,9.39,1208,1208
2026-03-16,2026-03-22,False,SP,GASOLINA ADITIVADA,R$ / litro,6.8,6.79,5.84,9.59,945,945
2026-03-16,2026-03-22,False,SP,GNV,R$ / m³,4.275,4.34,3.41,4.99,44,44
2026-03-16,2026-03-22,False,TO,DIESEL,R$ / litro,7.606,7.6,6.69,8.14,21,21
2026-03-16,2026-03-22,False,TO,DIESEL S10,R$ / litro,7.721,7.79,6.39,8.14,29,29
2026-03-16,2026-03-22,False,TO,ETANOL,R$ / litro,5.513,5.49,4.75,6.03,30,30
2026-03-16,2026-03-22,False,TO,GASOLINA,R$ / litro,7.138,7.18,6.68,7.44,37,37
2026-03-16,2026-03-22,False,TO,GASOLINA ADITIVADA,R$ / litro,7.227,7.19,6.68,7.69,23,23
2026-03-23,2026-03-29,False,AC,DIESEL,R$ / litro,7.885,7.89,7.39,8.75,15,15
2026-03-23,2026-03-29,False,AC,DIESEL S10,R$ / litro,7.974,7.97,7.44,9.27,12,12
2026-03-23,2026-03-29,False,AC,ETANOL,R$ / litro,5.476,5.29,5.07,6.3,14,14
2026-03-23,2026-03-29,False,AC,GASOLINA,R$ / litro,7.469,7.53,6.79,8.5,16,16
2026-03-23,2026-03-29,False,AC,GASOLINA ADITIVADA,R$ / litro,7.577,7.57,6.99,8.5,15,15
2026-03-23,2026-03-29,False,AL,DIESEL,R$ / litro,8.052,8.19,6.79,8.88,8,8
2026-03-23,2026-03-29,False,AL,DIESEL S10,R$ / litro,7.25,7.19,6.49,8.23,21,21
2026-03-23,2026-03-29,False,AL,ETANOL,R$ / litro,5.247,5.19,4.99,5.7,45,45
2026-03-23,2026-03-29,False,AL,GASOLINA,R$ / litro,6.941,6.845,6.59,7.39,54,54
2026-03-23,2026-03-29,False,AL,GASOLINA ADITIVADA,R$ / litro,7.059,6.99,6.74,7.68,37,37
2026-03-23,2026-03-29,False,AL,GNV,R$ / m³,4.657,4.59,4.59,5.19,9,9
2026-03-23,2026-03-29,False,AM,DIESEL,R$ / litro,7.552,7.59,6.99,7.59,16,16
2026-03-23,2026-03-29,False,AM,DIESEL S10,R$ / litro,7.83,7.59,6.99,9.29,43,43
2026-03-23,2026-03-29,False,AM,ETANOL,R$ / litro,5.592,5.59,5.35,5.79,38,38
2026-03-23,2026-03-29,False,AM,GASOLINA,R$ / litro,7.778,7.59,7.24,9.29,55,55
2026-03-23,2026-03-29,False,AM,GASOLINA ADITIVADA,R$ / litro,7.839,7.65,7.24,9.29,47,47
2026-03-23,2026-03-29,False,AM,GNV,R$ / m³,3.99,3.99,3.99,3.99,2,2
2026-03-23,2026-03-29,False,AP,DIESEL,R$ / litro,6.48,6.48,6.48,6.48,1,1
2026-03-23,2026-03-29,False,AP,DIESEL S10,R$ / litro,7.32,7.32,7.12,7.52,2,2
2026-03-23,2026-03-29,False,AP,GASOLINA,R$ / litro,6.487,6.49,6.38,6.59,3,3
2026-03-23,2026-03-29,False,BA,DIESEL,R$ / litro,8.227,8.25,7.52,9.35,145,145
2026-03-23,2026-03-29,False,BA,DIESEL S10,R$ / litro,8.294,8.29,6.99,9.35,178,178
2026-03-23,2026-03-29,False,BA,ETANOL,R$ / litro,5.599,5.59,4.9,6.39,213,213
2026-03-23,2026-03-29,False,BA,GASOLINA,R$ / litro,7.503,7.49,6.57,7.99,244,244
2026-03-23,2026-03-29,False,BA,GASOLINA ADITIVADA,R$ / litro,7.605,7.59,6.79,8.25,172,172
2026-03-23,2026-03-29,False,BA,GNV,R$ / m³,4.397,4.39,3.95,5.79,13,13
2026-03-23,2026-03-29,False,CE,DIESEL,R$ / litro,7.132,7.07,5.61,7.99,20,20
2026-03-23,2026-03-29,False,CE,DIESEL S10,R$ / litro,7.191,6.99,6.1,7.99,132,132
2026-03-23,2026-03-29,False,CE,ETANOL,R$ / litro,5.501,5.49,4.87,6.19,128,128
2026-03-23,2026-03-29,False,CE,GASOLINA,R$ / litro,6.952,6.99,6.33,7.39,140,140
2026-03-23,2026-03-29,False,CE,GASOLINA ADITIVADA,R$ / litro,7.086,7.09,6.45,7.49,122,122
2026-03-23,2026-03-29,False,CE,GNV,R$ / m³,5.268,5.15,5.15,6.09,8,8
2026-03-23,2026-03-29,False,DF,DIESEL,R$ / litro,7.214,7.28,6.48,7.87,18,18
2026-03-23,2026-03-29,False,DF,DIESEL S10,R$ / litro,7.64,7.49,6.75,8.73,19,19
2026-03-23,2026-03-29,False,DF,ETANOL,R$ / litro,5.153,5.19,4.55,5.22,23,23
2026-03-23,2026-03-29,False,DF,GASOLINA,R$ / litro,6.528,6.62,6.15,6.79,49,49
2026-03-23,2026-03-29,False,DF,GASOLINA ADITIVADA,R$ / litro,6.644,6.705,6.15,7.79,42,42
2026-03-23,2026-03-29,False,ES,DIESEL,R$ / litro,6.833,6.87,6.15,7.59,23,23
2026-03-23,2026-03-29,False,ES,DIESEL S10,R$ / litro,6.886,6.89,6.39,7.69,42,42
2026-03-23,2026-03-29,False,ES,ETANOL,R$ / litro,4.998,4.99,4.59,5.89,52,52
2026-03-23,2026-03-29,False,ES,GASOLINA,R$ / litro,6.602,6.59,6.27,7.19,74,74
2026-03-23,2026-03-29,False,ES,GASOLINA ADITIVADA,R$ / litro,6.798,6.79,6.27,7.49,64,64
2026-03-23,2026-03-29,False,ES,GNV,R$ / m³,4.097,3.99,3.98,4.98,11,11
2026-03-23,2026-03-29,False,GO,DIESEL,R$ / litro,7.636,7.59,6.99,8.25,90,90
2026-03-23,2026-03-29,False,GO,DIESEL S10,R$ / litro,7.622,7.59,6.59,8.5,131,131
2026-03-23,2026-03-29,False,GO,ETANOL,R$ / litro,4.644,4.685,3.95,5.29,158,158
2026-03-23,2026-03-29,False,GO,GASOLINA,R$ / litro,6.417,6.49,5.89,6.89,163,163
2026-03-23,2026-03-29,False,GO,GASOLINA ADITIVADA,R$ / litro,6.606,6.59,6.09,7.28,103,103
2026-03-23,2026-03-29,False,MA,DIESEL,R$ / litro,7.32,7.29,6.85,7.78,41,41
2026-03-23,2026-03-29,False,MA,DIESEL S10,R$ / litro,7.43,7.29,6.96,8.09,76,76
2026-03-23,2026-03-29,False,MA,ETANOL,R$ / litro,5.417,5.29,4.98,6.19,51,51
2026-03-23,2026-03-29,False,MA,GASOLINA,R$ / litro,6.771,6.75,6.09,7.59,95,95
2026-03-23,2026-03-29,False,MA,GASOLINA ADITIVADA,R$ / litro,6.916,6.88,6.35,7.79,59,59
2026-03-23,2026-03-29,False,MG,DIESEL,R$ / litro,7.339,7.29,6.49,7.99,236,236
2026-03-23,2026-03-29,False,MG,DIESEL S10,R$ / litro,7.517,7.495,6.49,8.29,336,336
2026-03-23,2026-03-29,False,MG,ETANOL,R$ / litro,4.805,4.79,4.19,5.55,448,448
2026-03-23,2026-03-29,False,MG,GASOLINA,R$ / litro,6.538,6.49,5.9,7.29,472,472
2026-03-23,2026-03-29,False,MG,GASOLINA ADITIVADA,R$ / litro,6.736,6.7,6.19,7.99,298,298
2026-03-23,2026-03-29,False,MG,GNV,R$ / m³,4.985,4.97,4.74,5.45,6,6
2026-03-23,2026-03-29,False,MS,DIESEL,R$ / litro,7.209,7.19,6.59,7.89,24,24
2026-03-23,2026-03-29,False,MS,DIESEL S10,R$ / litro,7.336,7.29,6.21,8.09,25,25
2026-03-23,2026-03-29,False,MS,ETANOL,R$ / litro,4.52,4.55,4.15,5.17,35,35
2026-03-23,2026-03-29,False,MS,GASOLINA,R$ / litro,6.626,6.665,6.15,7.19,58,58
2026-03-23,2026-03-29,False,MS,GASOLINA ADITIVADA,R$ / litro,6.774,6.79,6.17,7.39,45,45
2026-03-23,2026-03-29,False,MS,GNV,R$ / m³,4.59,4.59,4.59,4.59,1,1
2026-03-23,2026-03-29,False,MT,DIESEL,R$ / litro,7.528,7.49,6.94,8.89,40,40
2026-03-23,2026-03-29,False,MT,DIESEL S10,R$ / litro,7.659,7.67,7.19,8.91,44,44
2026-03-23,2026-03-29,False,MT,ETANOL,R$ / litro,4.62,4.67,3.99,4.89,68,68
2026-03-23,2026-03-29,False,MT,GASOLINA,R$ / litro,6.806,6.79,6.49,7.23,69,69
2026-03-23,2026-03-29,False,MT,GASOLINA ADITIVADA,R$ / litro,6.993,6.99,6.53,7.49,34,34
2026-03-23,2026-03-29,False,MT,GNV,R$ / m³,3.99,3.99,3.99,3.99,1,1
2026-03-23,2026-03-29,False,PA,DIESEL,R$ / litro,7.52,7.48,6.85,8.29,47,47
2026-03-23,2026-03-29,False,PA,DIESEL S10,R$ / litro,7.512,7.49,6.75,8.63,69,69
2026-03-23,2026-03-29,False,PA,ETANOL,R$ / litro,5.248,5.19,4.61,5.85,37,37
2026-03-23,2026-03-29,False,PA,GASOLINA,R$ / litro,6.984,6.99,6.45,7.99,99,99
2026-03-23,2026-03-29,False,PA,GASOLINA ADITIVADA,R$ / litro,7.111,7.13,6.29,7.79,69,69
2026-03-23,2026-03-29,False,PB,DIESEL,R$ / litro,6.947,6.97,6.39,7.3,25,25
2026-03-23,2026-03-29,False,PB,DIESEL S10,R$ / litro,7.068,7.115,6.29,7.85,44,44
2026-03-23,2026-03-29,False,PB,ETANOL,R$ / litro,4.738,4.69,4.45,5.3,56,56
2026-03-23,2026-03-29,False,PB,GASOLINA,R$ / litro,6.561,6.55,6.24,6.98,66,66
2026-03-23,2026-03-29,False,PB,GASOLINA ADITIVADA,R$ / litro,6.698,6.69,6.36,6.99,42,42
2026-03-23,2026-03-29,False,PB,GNV,R$ / m³,4.936,4.86,4.79,5.21,8,8
2026-03-23,2026-03-29,False,PE,DIESEL,R$ / litro,7.77,7.87,7.49,7.99,7,7
2026-03-23,2026-03-29,False,PE,DIESEL S10,R$ / litro,7.106,6.99,6.68,8.28,169,169
2026-03-23,2026-03-29,False,PE,ETANOL,R$ / litro,5.464,5.69,4.2,6.59,170,170
2026-03-23,2026-03-29,False,PE,GASOLINA,R$ / litro,7.131,7.37,6.09,7.99,193,193
2026-03-23,2026-03-29,False,PE,GASOLINA ADITIVADA,R$ / litro,7.294,7.39,6.19,7.79,142,142
2026-03-23,2026-03-29,False,PE,GNV,R$ / m³,4.197,4.19,4.19,4.39,27,27
2026-03-23,2026-03-29,False,PI,DIESEL,R$ / litro,7.396,7.39,6.89,7.79,18,18
2026-03-23,2026-03-29,False,PI,DIESEL S10,R$ / litro,7.568,7.665,5.9,7.99,42,42
2026-03-23,2026-03-29,False,PI,ETANOL,R$ / litro,5.069,4.99,4.65,5.49,42,42
2026-03-23,2026-03-29,False,PI,GASOLINA,R$ / litro,6.697,6.69,6.3,6.99,59,59
2026-03-23,2026-03-29,False,PI,GASOLINA ADITIVADA,R$ / litro,6.894,6.99,6.39,7.39,44,44
2026-03-23,2026-03-29,False,PR,DIESEL,R$ / litro,7.437,7.445,6.19,8.6,128,128
2026-03-23,2026-03-29,False,PR,DIESEL S10,R$ / litro,7.72,7.79,6.29,8.9,188,188
2026-03-23,2026-03-29,False,PR,ETANOL,R$ / litro,4.834,4.89,4.09,5.29,271,271
2026-03-23,2026-03-29,False,PR,GASOLINA,R$ / litro,6.912,6.99,6.09,7.99,269,269
2026-03-23,2026-03-29,False,PR,GASOLINA ADITIVADA,R$ / litro,7.043,7.09,6.09,7.79,215,215
2026-03-23,2026-03-29,False,PR,GNV,R$ / m³,4.622,4.64,4.19,4.99,6,6
2026-03-23,2026-03-29,False,RJ,DIESEL,R$ / litro,7.292,7.19,5.99,8.62,106,106
2026-03-23,2026-03-29,False,RJ,DIESEL S10,R$ / litro,7.411,7.34,5.69,8.99,193,193
2026-03-23,2026-03-29,False,RJ,ETANOL,R$ / litro,5.209,5.19,3.99,5.89,257,257
2026-03-23,2026-03-29,False,RJ,GASOLINA,R$ / litro,6.798,6.79,5.69,7.99,301,301
2026-03-23,2026-03-29,False,RJ,GASOLINA ADITIVADA,R$ / litro,6.98,6.99,6.19,8.19,271,271
2026-03-23,2026-03-29,False,RJ,GNV,R$ / m³,4.395,4.25,3.79,6.49,148,148
2026-03-23,2026-03-29,False,RN,DIESEL,R$ / litro,7.367,7.39,6.99,7.59,22,22
2026-03-23,2026-03-29,False,RN,DIESEL S10,R$ / litro,7.42,7.48,6.99,7.77,38,38
2026-03-23,2026-03-29,False,RN,ETANOL,R$ / litro,5.871,5.93,5.29,6.32,41,41
2026-03-23,2026-03-29,False,RN,GASOLINA,R$ / litro,7.151,7.29,6.49,7.59,41,41
2026-03-23,2026-03-29,False,RN,GASOLINA ADITIVADA,R$ / litro,7.247,7.36,6.49,7.69,37,37
2026-03-23,2026-03-29,False,RN,GNV,R$ / m³,5.223,5.29,5.09,5.29,3,3
2026-03-23,2026-03-29,False,RO,DIESEL,R$ / litro,7.375,7.405,6.73,7.94,32,32
2026-03-23,2026-03-29,False,RO,DIESEL S10,R$ / litro,7.499,7.52,6.86,7.99,41,41
2026-03-23,2026-03-29,False,RO,ETANOL,R$ / litro,5.675,5.68,5.34,5.99,29,29
2026-03-23,2026-03-29,False,RO,GASOLINA,R$ / litro,7.408,7.38,7.09,7.96,46,46
2026-03-23,2026-03-29,False,RO,GASOLINA ADITIVADA,R$ / litro,7.482,7.48,7.34,7.98,43,43
2026-03-23,2026-03-29,False,RR,DIESEL,R$ / litro,7.765,7.75,7.65,7.82,11,11
2026-03-23,2026-03-29,False,RR,DIESEL S10,R$ / litro,7.815,7.8,7.8,7.9,11,11
2026-03-23,2026-03-29,False,RR,ETANOL,R$ / litro,5.533,5.49,5.49,5.59,7,7
2026-03-23,2026-03-29,False,RR,GASOLINA,R$ / litro,7.9,7.9,7.9,7.9,12,12
2026-03-23,2026-03-29,False,RR,GASOLINA ADITIVADA,R$ / litro,7.985,7.98,7.95,8.05,12,12
2026-03-23,2026-03-29,False,RS,DIESEL,R$ / litro,7.412,7.39,6.76,8.84,185,185
2026-03-23,2026-03-29,False,RS,DIESEL S10,R$ / litro,7.509,7.49,6.69,8.84,219,219
2026-03-23,2026-03-29,False,RS,ETANOL,R$ / litro,5.279,5.19,4.68,6.56,145,145
2026-03-23,2026-03-29,False,RS,GASOLINA,R$ / litro,6.674,6.64,5.93,7.57,323,323
2026-03-23,2026-03-29,False,RS,GASOLINA ADITIVADA,R$ / litro,6.849,6.84,6.27,7.79,307,307
2026-03-23,2026-03-29,False,RS,GNV,R$ / m³,4.979,4.99,4.59,5.81,19,19
2026-03-23,2026-03-29,False,SC,DIESEL,R$ / litro,7.529,7.43,6.99,8.27,54,54
2026-03-23,2026-03-29,False,SC,DIESEL S10,R$ / litro,7.669,7.69,6.98,8.39,104,104
2026-03-23,2026-03-29,False,SC,ETANOL,R$ / litro,5.096,5.05,4.53,5.79,108,108
2026-03-23,2026-03-29,False,SC,GASOLINA,R$ / litro,6.772,6.79,6.26,7.29,163,163
2026-03-23,2026-03-29,False,SC,GASOLINA ADITIVADA,R$ / litro,6.904,6.89,6.26,7.49,151,151
2026-03-23,2026-03-29,False,SC,GNV,R$ / m³,4.705,4.59,4.49,5.46,22,22
2026-03-23,2026-03-29,False,SE,DIESEL,R$ / litro,7.411,7.29,7.13,7.99,17,17
2026-03-23,2026-03-29,False,SE,DIESEL S10,R$ / litro,7.235,7.16,7.13,7.69,10,10
2026-03-23,2026-03-29,False,SE,ETANOL,R$ / litro,5.098,5.05,5.05,5.29,23,23
2026-03-23,2026-03-29,False,SE,GASOLINA,R$ / litro,7.199,7.22,7.1,7.29,40,40
2026-03-23,2026-03-29,False,SE,GASOLINA ADITIVADA,R$ / litro,7.286,7.29,7.1,7.58,33,33
2026-03-23,2026-03-29,False,SE,GNV,R$ / m³,4.686,4.61,4.61,4.99,5,5
2026-03-23,2026-03-29,False,SP,DIESEL,R$ / litro,7.465,7.49,5.47,8.79,406,406
2026-03-23,2026-03-29,False,SP,DIESEL S10,R$ / litro,7.67,7.64,6.19,9.99,789,789
2026-03-23,2026-03-29,False,SP,ETANOL,R$ / litro,4.555,4.57,3.79,5.99,1226,1226
2026-03-23,2026-03-29,False,SP,GASOLINA,R$ / litro,6.695,6.69,5.77,9.39,1241,1241
2026-03-23,2026-03-29,False,SP,GASOLINA ADITIVADA,R$ / litro,6.955,6.89,6.13,9.59,972,972
2026-03-23,2026-03-29,False,SP,GNV,R$ / m³,4.328,4.29,3.77,5.29,43,43
2026-03-23,2026-03-29,False,TO,DIESEL,R$ / litro,7.738,7.69,7.34,8.49,25,25
2026-03-23,2026-03-29,False,TO,DIESEL S10,R$ / litro,7.857,7.89,7.48,8.49,38,38
2026-03-23,2026-03-29,False,TO,ETANOL,R$ / litro,5.485,5.49,4.85,6.03,37,37
2026-03-23,2026-03-29,False,TO,GASOLINA,R$ / litro,7.155,7.18,6.46,7.79,44,44
2026-03-23,2026-03-29,False,TO,GASOLINA ADITIVADA,R$ / litro,7.266,7.27,6.85,7.69,28,28
2026-03-30,2026-04-05,False,AC,DIESEL,R$ / litro,8.115,7.95,7.49,8.77,15,15
2026-03-30,2026-04-05,False,AC,DIESEL S10,R$ / litro,8.247,7.99,7.54,9.27,11,11
2026-03-30,2026-04-05,False,AC,ETANOL,R$ / litro,5.654,5.59,5.08,6.6,13,13
2026-03-30,2026-04-05,False,AC,GASOLINA,R$ / litro,7.671,7.58,7.09,8.47,16,16
2026-03-30,2026-04-05,False,AC,GASOLINA ADITIVADA,R$ / litro,7.766,7.59,7.24,8.59,16,16
2026-03-30,2026-04-05,False,AL,DIESEL,R$ / litro,8.001,8.19,6.79,8.88,8,8
2026-03-30,2026-04-05,False,AL,DIESEL S10,R$ / litro,7.178,7.02,6.79,7.88,26,26
2026-03-30,2026-04-05,False,AL,ETANOL,R$ / litro,5.238,5.19,4.99,5.7,52,52
2026-03-30,2026-04-05,False,AL,GASOLINA,R$ / litro,6.932,6.8,6.59,7.39,59,59
2026-03-30,2026-04-05,False,AL,GASOLINA ADITIVADA,R$ / litro,7.058,6.99,6.69,7.68,45,45
2026-03-30,2026-04-05,False,AL,GNV,R$ / m³,4.719,4.59,4.59,5.19,7,7
2026-03-30,2026-04-05,False,AM,DIESEL,R$ / litro,7.59,7.59,7.59,7.59,21,21
2026-03-30,2026-04-05,False,AM,DIESEL S10,R$ / litro,7.872,7.59,7.55,9.29,46,46
2026-03-30,2026-04-05,False,AM,ETANOL,R$ / litro,5.578,5.59,5.35,5.79,38,38
2026-03-30,2026-04-05,False,AM,GASOLINA,R$ / litro,7.727,7.59,7.29,9.29,53,53
2026-03-30,2026-04-05,False,AM,GASOLINA ADITIVADA,R$ / litro,7.814,7.64,7.29,9.29,46,46
2026-03-30,2026-04-05,False,AP,DIESEL S10,R$ / litro,7.367,7.29,7.29,7.52,3,3
2026-03-30,2026-04-05,False,AP,GASOLINA,R$ / litro,6.504,6.52,6.38,6.59,5,5
2026-03-30,2026-04-05,False,AP,GASOLINA ADITIVADA,R$ / litro,6.88,6.88,6.88,6.88,1,1
2026-03-30,2026-04-05,False,BA,DIESEL,R$ / litro,8.262,8.29,7.09,9.45,127,127
2026-03-30,2026-04-05,False,BA,DIESEL S10,R$ / litro,8.362,8.39,7.29,9.55,148,148
2026-03-30,2026-04-05,False,BA,ETANOL,R$ / litro,5.594,5.59,4.93,6.48,181,181
2026-03-30,2026-04-05,False,BA,GASOLINA,R$ / litro,7.568,7.59,6.97,8.09,205,205
2026-03-30,2026-04-05,False,BA,GASOLINA ADITIVADA,R$ / litro,7.645,7.64,7.11,8.25,150,150
2026-03-30,2026-04-05,False,BA,GNV,R$ / m³,4.417,4.38,3.95,5.79,11,11
2026-03-30,2026-04-05,False,CE,DIESEL,R$ / litro,7.179,7.07,6.19,7.89,20,20
2026-03-30,2026-04-05,False,CE,DIESEL S10,R$ / litro,7.221,6.99,6.15,7.99,126,126
2026-03-30,2026-04-05,False,CE,ETANOL,R$ / litro,5.519,5.49,4.89,6.19,127,127
2026-03-30,2026-04-05,False,CE,GASOLINA,R$ / litro,6.977,6.99,6.35,7.44,139,139
2026-03-30,2026-04-05,False,CE,GASOLINA ADITIVADA,R$ / litro,7.108,7.1,6.35,7.5,117,117
2026-03-30,2026-04-05,False,CE,GNV,R$ / m³,5.244,5.15,5.15,6.09,10,10
2026-03-30,2026-04-05,False,DF,DIESEL,R$ / litro,7.326,7.35,6.81,7.87,17,17
2026-03-30,2026-04-05,False,DF,DIESEL S10,R$ / litro,7.588,7.45,6.75,8.73,21,21
2026-03-30,2026-04-05,False,DF,ETANOL,R$ / litro,5.136,5.19,4.55,5.29,25,25
2026-03-30,2026-04-05,False,DF,GASOLINA,R$ / litro,6.45,6.47,5.98,6.79,50,50
2026-03-30,2026-04-05,False,DF,GASOLINA ADITIVADA,R$ / litro,6.568,6.57,6.18,6.79,44,44
2026-03-30,2026-04-05,False,ES,DIESEL,R$ / litro,6.876,6.89,6.49,7.29,28,28
2026-03-30,2026-04-05,False,ES,DIESEL S10,R$ / litro,6.971,6.89,6.49,7.59,45,45
2026-03-30,2026-04-05,False,ES,ETANOL,R$ / litro,5.052,4.99,4.72,5.89,55,55
2026-03-30,2026-04-05,False,ES,GASOLINA,R$ / litro,6.616,6.59,6.34,7.19,81,81
2026-03-30,2026-04-05,False,ES,GASOLINA ADITIVADA,R$ / litro,6.786,6.79,6.34,7.49,73,73
2026-03-30,2026-04-05,False,ES,GNV,R$ / m³,4.064,3.99,3.98,4.49,8,8
2026-03-30,2026-04-05,False,GO,DIESEL,R$ / litro,7.522,7.49,6.39,8.17,97,97
2026-03-30,2026-04-05,False,GO,DIESEL S10,R$ / litro,7.564,7.5,6.59,8.09,139,139
2026-03-30,2026-04-05,False,GO,ETANOL,R$ / litro,4.612,4.6,3.95,5.29,177,177
2026-03-30,2026-04-05,False,GO,GASOLINA,R$ / litro,6.397,6.45,5.89,6.89,181,181
2026-03-30,2026-04-05,False,GO,GASOLINA ADITIVADA,R$ / litro,6.583,6.58,5.99,7.28,110,110
2026-03-30,2026-04-05,False,MA,DIESEL,R$ / litro,7.396,7.35,6.85,7.89,49,49
2026-03-30,2026-04-05,False,MA,DIESEL S10,R$ / litro,7.481,7.49,6.98,8.09,88,88
2026-03-30,2026-04-05,False,MA,ETANOL,R$ / litro,5.51,5.445,4.99,6.19,54,54
2026-03-30,2026-04-05,False,MA,GASOLINA,R$ / litro,6.785,6.79,6.1,7.79,99,99
2026-03-30,2026-04-05,False,MA,GASOLINA ADITIVADA,R$ / litro,6.914,6.88,6.35,7.49,57,57
2026-03-30,2026-04-05,False,MG,DIESEL,R$ / litro,7.303,7.29,6.39,8.39,248,248
2026-03-30,2026-04-05,False,MG,DIESEL S10,R$ / litro,7.493,7.49,5.97,8.49,340,340
2026-03-30,2026-04-05,False,MG,ETANOL,R$ / litro,4.789,4.79,4.19,5.55,454,454
2026-03-30,2026-04-05,False,MG,GASOLINA,R$ / litro,6.53,6.49,5.9,7.06,480,480
2026-03-30,2026-04-05,False,MG,GASOLINA ADITIVADA,R$ / litro,6.741,6.7,6.15,7.99,308,308
2026-03-30,2026-04-05,False,MG,GNV,R$ / m³,4.979,4.96,4.74,5.45,8,8
2026-03-30,2026-04-05,False,MS,DIESEL,R$ / litro,7.309,7.29,6.59,7.99,27,27
2026-03-30,2026-04-05,False,MS,DIESEL S10,R$ / litro,7.406,7.39,6.21,7.99,30,30
2026-03-30,2026-04-05,False,MS,ETANOL,R$ / litro,4.523,4.55,4.15,5.17,37,37
2026-03-30,2026-04-05,False,MS,GASOLINA,R$ / litro,6.637,6.65,6.25,7.17,59,59
2026-03-30,2026-04-05,False,MS,GASOLINA ADITIVADA,R$ / litro,6.807,6.79,6.26,7.39,46,46
2026-03-30,2026-04-05,False,MS,GNV,R$ / m³,4.59,4.59,4.59,4.59,1,1
2026-03-30,2026-04-05,False,MT,DIESEL,R$ / litro,7.56,7.49,6.72,8.89,43,43
2026-03-30,2026-04-05,False,MT,DIESEL S10,R$ / litro,7.692,7.69,7.19,8.91,55,55
2026-03-30,2026-04-05,False,MT,ETANOL,R$ / litro,4.648,4.67,3.99,4.89,76,76
2026-03-30,2026-04-05,False,MT,GASOLINA,R$ / litro,6.803,6.79,6.3,7.26,78,78
2026-03-30,2026-04-05,False,MT,GASOLINA ADITIVADA,R$ / litro,6.989,6.99,6.35,7.49,41,41
2026-03-30,2026-04-05,False,MT,GNV,R$ / m³,3.99,3.99,3.99,3.99,1,1
2026-03-30,2026-04-05,False,PA,DIESEL,R$ / litro,7.636,7.58,6.99,8.75,45,45
2026-03-30,2026-04-05,False,PA,DIESEL S10,R$ / litro,7.629,7.59,6.7,8.8,65,65
2026-03-30,2026-04-05,False,PA,ETANOL,R$ / litro,5.224,5.19,4.61,5.79,35,35
2026-03-30,2026-04-05,False,PA,GASOLINA,R$ / litro,6.978,6.98,6.19,7.85,92,92
2026-03-30,2026-04-05,False,PA,GASOLINA ADITIVADA,R$ / litro,7.154,7.17,6.49,7.99,67,67
2026-03-30,2026-04-05,False,PB,DIESEL,R$ / litro,6.976,6.985,6.49,7.3,26,26
2026-03-30,2026-04-05,False,PB,DIESEL S10,R$ / litro,7.175,7.19,6.69,7.85,46,46
2026-03-30,2026-04-05,False,PB,ETANOL,R$ / litro,4.798,4.79,4.55,5.3,57,57
2026-03-30,2026-04-05,False,PB,GASOLINA,R$ / litro,6.584,6.585,6.29,6.99,66,66
2026-03-30,2026-04-05,False,PB,GASOLINA ADITIVADA,R$ / litro,6.72,6.72,6.45,7.09,43,43
2026-03-30,2026-04-05,False,PB,GNV,R$ / m³,4.927,4.86,4.79,5.21,9,9
2026-03-30,2026-04-05,False,PE,DIESEL,R$ / litro,7.801,7.89,7.49,7.99,7,7
2026-03-30,2026-04-05,False,PE,DIESEL S10,R$ / litro,7.138,6.99,5.99,8.28,156,156
2026-03-30,2026-04-05,False,PE,ETANOL,R$ / litro,5.471,5.68,4.59,6.59,160,160
2026-03-30,2026-04-05,False,PE,GASOLINA,R$ / litro,7.117,7.22,6.04,7.99,185,185
2026-03-30,2026-04-05,False,PE,GASOLINA ADITIVADA,R$ / litro,7.259,7.39,6.14,7.89,140,140
2026-03-30,2026-04-05,False,PE,GNV,R$ / m³,4.19,4.19,4.19,4.19,30,30
2026-03-30,2026-04-05,False,PI,DIESEL,R$ / litro,7.436,7.39,6.94,7.99,23,23
2026-03-30,2026-04-05,False,PI,DIESEL S10,R$ / litro,7.65,7.69,6.99,7.99,43,43
2026-03-30,2026-04-05,False,PI,ETANOL,R$ / litro,5.049,4.99,4.79,5.49,37,37
2026-03-30,2026-04-05,False,PI,GASOLINA,R$ / litro,6.693,6.69,6.39,6.99,54,54
2026-03-30,2026-04-05,False,PI,GASOLINA ADITIVADA,R$ / litro,6.849,6.85,6.39,7.25,41,41
2026-03-30,2026-04-05,False,PR,DIESEL,R$ / litro,7.442,7.39,6.89,8.6,118,118
2026-03-30,2026-04-05,False,PR,DIESEL S10,R$ / litro,7.684,7.69,6.99,8.9,180,180
2026-03-30,2026-04-05,False,PR,ETANOL,R$ / litro,4.803,4.79,4.09,5.25,260,260
2026-03-30,2026-04-05,False,PR,GASOLINA,R$ / litro,6.871,6.89,6.09,7.99,263,263
2026-03-30,2026-04-05,False,PR,GASOLINA ADITIVADA,R$ / litro,7.017,6.99,6.09,7.79,209,209
2026-03-30,2026-04-05,False,PR,GNV,R$ / m³,4.638,4.64,4.54,4.73,4,4
2026-03-30,2026-04-05,False,RJ,DIESEL,R$ / litro,7.382,7.29,6.69,8.62,106,106
2026-03-30,2026-04-05,False,RJ,DIESEL S10,R$ / litro,7.481,7.39,5.69,8.94,189,189
2026-03-30,2026-04-05,False,RJ,ETANOL,R$ / litro,5.208,5.19,4.09,5.95,258,258
2026-03-30,2026-04-05,False,RJ,GASOLINA,R$ / litro,6.822,6.79,5.69,7.99,304,304
2026-03-30,2026-04-05,False,RJ,GASOLINA ADITIVADA,R$ / litro,6.996,6.99,6.19,8.19,276,276
2026-03-30,2026-04-05,False,RJ,GNV,R$ / m³,4.393,4.19,3.79,6.49,140,140
2026-03-30,2026-04-05,False,RN,DIESEL,R$ / litro,7.369,7.39,6.99,7.79,15,15
2026-03-30,2026-04-05,False,RN,DIESEL S10,R$ / litro,7.37,7.46,6.98,7.89,25,25
2026-03-30,2026-04-05,False,RN,ETANOL,R$ / litro,5.681,5.56,5.39,6.32,28,28
2026-03-30,2026-04-05,False,RN,GASOLINA,R$ / litro,6.837,6.78,6.49,7.59,32,32
2026-03-30,2026-04-05,False,RN,GASOLINA ADITIVADA,R$ / litro,6.912,6.88,6.49,7.29,26,26
2026-03-30,2026-04-05,False,RN,GNV,R$ / m³,5.29,5.29,5.29,5.29,4,4
2026-03-30,2026-04-05,False,RO,DIESEL,R$ / litro,7.455,7.54,6.79,7.86,27,27
2026-03-30,2026-04-05,False,RO,DIESEL S10,R$ / litro,7.59,7.6,7.06,8.79,35,35
2026-03-30,2026-04-05,False,RO,ETANOL,R$ / litro,5.695,5.69,5.38,5.99,24,24
2026-03-30,2026-04-05,False,RO,GASOLINA,R$ / litro,7.496,7.56,7.18,7.7,39,39
2026-03-30,2026-04-05,False,RO,GASOLINA ADITIVADA,R$ / litro,7.568,7.59,7.28,7.79,33,33
2026-03-30,2026-04-05,False,RR,DIESEL,R$ / litro,7.822,7.77,7.65,8.02,12,12
2026-03-30,2026-04-05,False,RR,DIESEL S10,R$ / litro,7.892,7.84,7.8,8.07,11,11
2026-03-30,2026-04-05,False,RR,ETANOL,R$ / litro,5.523,5.49,5.49,5.59,6,6
2026-03-30,2026-04-05,False,RR,GASOLINA,R$ / litro,7.9,7.9,7.9,7.9,13,13
2026-03-30,2026-04-05,False,RR,GASOLINA ADITIVADA,R$ / litro,7.985,7.98,7.95,8.05,13,13
2026-03-30,2026-04-05,False,RS,DIESEL,R$ / litro,7.403,7.39,6.79,8.74,176,176
2026-03-30,2026-04-05,False,RS,DIESEL S10,R$ / litro,7.509,7.49,6.89,8.74,218,218
2026-03-30,2026-04-05,False,RS,ETANOL,R$ / litro,5.27,5.19,4.75,6.56,141,141
2026-03-30,2026-04-05,False,RS,GASOLINA,R$ / litro,6.653,6.59,6.09,7.74,315,315
2026-03-30,2026-04-05,False,RS,GASOLINA ADITIVADA,R$ / litro,6.844,6.86,6.35,7.84,302,302
2026-03-30,2026-04-05,False,RS,GNV,R$ / m³,4.939,4.99,4.59,5.65,20,20
2026-03-30,2026-04-05,False,SC,DIESEL,R$ / litro,7.514,7.585,6.99,8.27,52,52
2026-03-30,2026-04-05,False,SC,DIESEL S10,R$ / litro,7.667,7.69,6.95,8.39,102,102
2026-03-30,2026-04-05,False,SC,ETANOL,R$ / litro,5.115,5.085,4.49,5.79,110,110
2026-03-30,2026-04-05,False,SC,GASOLINA,R$ / litro,6.786,6.79,6.26,7.29,159,159
2026-03-30,2026-04-05,False,SC,GASOLINA ADITIVADA,R$ / litro,6.927,6.89,6.26,7.49,148,148
2026-03-30,2026-04-05,False,SC,GNV,R$ / m³,4.691,4.59,4.49,5.46,27,27
2026-03-30,2026-04-05,False,SE,DIESEL,R$ / litro,7.522,7.475,7.3,7.99,16,16
2026-03-30,2026-04-05,False,SE,DIESEL S10,R$ / litro,7.252,7.29,7.13,7.3,11,11
2026-03-30,2026-04-05,False,SE,ETANOL,R$ / litro,5.121,5.09,5.05,5.29,24,24
2026-03-30,2026-04-05,False,SE,GASOLINA,R$ / litro,7.201,7.22,7.1,7.37,40,40
2026-03-30,2026-04-05,False,SE,GASOLINA ADITIVADA,R$ / litro,7.287,7.29,7.1,7.5,34,34
2026-03-30,2026-04-05,False,SE,GNV,R$ / m³,4.673,4.61,4.61,4.99,6,6
2026-03-30,2026-04-05,False,SP,DIESEL,R$ / litro,7.499,7.49,6.09,8.54,384,384
2026-03-30,2026-04-05,False,SP,DIESEL S10,R$ / litro,7.689,7.69,6.19,9.69,760,760
2026-03-30,2026-04-05,False,SP,ETANOL,R$ / litro,4.542,4.49,3.69,5.99,1175,1175
2026-03-30,2026-04-05,False,SP,GASOLINA,R$ / litro,6.7,6.69,5.69,9.54,1190,1190
2026-03-30,2026-04-05,False,SP,GASOLINA ADITIVADA,R$ / litro,6.963,6.89,6.09,9.74,932,932
2026-03-30,2026-04-05,False,SP,GNV,R$ / m³,4.293,4.29,3.41,5.39,46,46
2026-03-30,2026-04-05,False,TO,DIESEL,R$ / litro,7.74,7.69,7.36,7.99,22,22
2026-03-30,2026-04-05,False,TO,DIESEL S10,R$ / litro,7.814,7.79,7.36,8.6,31,31
2026-03-30,2026-04-05,False,TO,ETANOL,R$ / litro,5.528,5.49,4.85,6.03,33,33
2026-03-30,2026-04-05,False,TO,GASOLINA,R$ / litro,7.156,7.19,6.85,7.49,37,37
2026-03-30,2026-04-05,False,TO,GASOLINA ADITIVADA,R$ / litro,7.242,7.215,6.85,7.69,24,24
2026-04-06,2026-04-12,False,AC,DIESEL,R$ / litro,8.162,7.99,7.49,8.77,14,14
2026-04-06,2026-04-12,False,AC,DIESEL S10,R$ / litro,8.169,8.25,7.54,8.49,9,9
2026-04-06,2026-04-12,False,AC,ETANOL,R$ / litro,5.646,5.49,5.09,6.6,13,13
2026-04-06,2026-04-12,False,AC,GASOLINA,R$ / litro,7.671,7.54,7.19,8.47,16,16
2026-04-06,2026-04-12,False,AC,GASOLINA ADITIVADA,R$ / litro,7.75,7.59,7.19,8.59,16,16
2026-04-06,2026-04-12,False,AL,DIESEL,R$ / litro,8.235,8.07,7.09,8.99,8,8
2026-04-06,2026-04-12,False,AL,DIESEL S10,R$ / litro,7.334,7.19,6.79,8.99,25,25
2026-04-06,2026-04-12,False,AL,ETANOL,R$ / litro,5.318,5.39,4.99,5.85,51,51
2026-04-06,2026-04-12,False,AL,GASOLINA,R$ / litro,6.972,6.9,6.69,7.51,58,58
2026-04-06,2026-04-12,False,AL,GASOLINA ADITIVADA,R$ / litro,7.116,7.09,6.89,7.8,42,42
2026-04-06,2026-04-12,False,AL,GNV,R$ / m³,4.311,4.19,4.19,4.94,7,7
2026-04-06,2026-04-12,False,AM,DIESEL,R$ / litro,7.543,7.59,7.29,7.59,19,19
2026-04-06,2026-04-12,False,AM,DIESEL S10,R$ / litro,7.894,7.59,7.29,9.29,43,43
2026-04-06,2026-04-12,False,AM,ETANOL,R$ / litro,5.494,5.59,5.29,5.79,37,37
2026-04-06,2026-04-12,False,AM,GASOLINA,R$ / litro,7.738,7.59,7.29,9.29,55,55
2026-04-06,2026-04-12,False,AM,GASOLINA ADITIVADA,R$ / litro,7.796,7.59,7.29,9.29,47,47
2026-04-06,2026-04-12,False,AM,GNV,R$ / m³,4.99,4.99,4.99,4.99,2,2
2026-04-06,2026-04-12,False,AP,DIESEL S10,R$ / litro,7.319,7.36,6.9,7.51,8,8
2026-04-06,2026-04-12,False,AP,ETANOL,R$ / litro,5.89,5.89,5.89,5.89,1,1
2026-04-06,2026-04-12,False,AP,GASOLINA,R$ / litro,6.563,6.59,6.43,6.78,11,11
2026-04-06,2026-04-12,False,AP,GASOLINA ADITIVADA,R$ / litro,6.785,6.785,6.69,6.88,2,2
2026-04-06,2026-04-12,False,BA,DIESEL,R$ / litro,8.167,8.19,7.19,9.45,118,118
2026-04-06,2026-04-12,False,BA,DIESEL S10,R$ / litro,8.268,8.265,5.78,9.55,152,152
2026-04-06,2026-04-12,False,BA,ETANOL,R$ / litro,5.512,5.47,5.0,6.48,178,178
2026-04-06,2026-04-12,False,BA,GASOLINA,R$ / litro,7.457,7.49,6.79,7.99,203,203
2026-04-06,2026-04-12,False,BA,GASOLINA ADITIVADA,R$ / litro,7.584,7.64,6.79,8.99,148,148
2026-04-06,2026-04-12,False,BA,GNV,R$ / m³,4.411,4.39,3.95,5.79,13,13
2026-04-06,2026-04-12,False,CE,DIESEL,R$ / litro,7.428,7.49,6.94,7.89,20,20
2026-04-06,2026-04-12,False,CE,DIESEL S10,R$ / litro,7.274,7.19,6.15,8.27,127,127
2026-04-06,2026-04-12,False,CE,ETANOL,R$ / litro,5.508,5.49,4.66,6.19,126,126
2026-04-06,2026-04-12,False,CE,GASOLINA,R$ / litro,7.002,6.99,6.29,7.44,136,136
2026-04-06,2026-04-12,False,CE,GASOLINA ADITIVADA,R$ / litro,7.128,7.18,6.29,7.5,119,119
2026-04-06,2026-04-12,False,CE,GNV,R$ / m³,5.307,5.15,5.15,6.09,6,6
2026-04-06,2026-04-12,False,DF,DIESEL,R$ / litro,7.294,7.29,6.78,7.87,19,19
2026-04-06,2026-04-12,False,DF,DIESEL S10,R$ / litro,7.654,7.53,7.23,8.39,17,17
2026-04-06,2026-04-12,False,DF,ETANOL,R$ / litro,5.14,5.19,4.55,5.25,22,22
2026-04-06,2026-04-12,False,DF,GASOLINA,R$ / litro,6.526,6.49,6.17,6.87,49,49
2026-04-06,2026-04-12,False,DF,GASOLINA ADITIVADA,R$ / litro,6.623,6.57,6.18,7.19,43,43
2026-04-06,2026-04-12,False,ES,DIESEL,R$ / litro,6.899,6.89,6.49,7.54,26,26
2026-04-06,2026-04-12,False,ES,DIESEL S10,R$ / litro,7.024,6.99,6.79,7.59,47,47
2026-04-06,2026-04-12,False,ES,ETANOL,R$ / litro,5.074,4.99,4.69,5.89,55,55
2026-04-06,2026-04-12,False,ES,GASOLINA,R$ / litro,6.616,6.59,6.34,7.19,84,84
2026-04-06,2026-04-12,False,ES,GASOLINA ADITIVADA,R$ / litro,6.779,6.79,6.34,7.49,70,70
2026-04-06,2026-04-12,False,ES,GNV,R$ / m³,4.125,3.99,3.98,4.98,8,8
2026-04-06,2026-04-12,False,GO,DIESEL,R$ / litro,7.477,7.43,6.85,7.99,79,79
2026-04-06,2026-04-12,False,GO,DIESEL S10,R$ / litro,7.539,7.49,6.59,7.99,124,124
2026-04-06,2026-04-12,False,GO,ETANOL,R$ / litro,4.514,4.51,3.94,5.45,145,145
2026-04-06,2026-04-12,False,GO,GASOLINA,R$ / litro,6.332,6.39,5.79,7.09,148,148
2026-04-06,2026-04-12,False,GO,GASOLINA ADITIVADA,R$ / litro,6.539,6.53,5.89,7.39,90,90
2026-04-06,2026-04-12,False,MA,DIESEL,R$ / litro,7.431,7.37,6.89,7.89,49,49
2026-04-06,2026-04-12,False,MA,DIESEL S10,R$ / litro,7.525,7.49,6.49,8.26,83,83
2026-04-06,2026-04-12,False,MA,ETANOL,R$ / litro,5.504,5.4,4.99,6.19,50,50
2026-04-06,2026-04-12,False,MA,GASOLINA,R$ / litro,6.787,6.79,6.19,7.59,93,93
2026-04-06,2026-04-12,False,MA,GASOLINA ADITIVADA,R$ / litro,6.922,6.88,6.35,7.79,57,57
2026-04-06,2026-04-12,False,MG,DIESEL,R$ / litro,7.304,7.29,6.69,8.39,238,238
2026-04-06,2026-04-12,False,MG,DIESEL S10,R$ / litro,7.49,7.49,5.75,8.49,334,334
2026-04-06,2026-04-12,False,MG,ETANOL,R$ / litro,4.78,4.79,4.28,5.55,453,453
2026-04-06,2026-04-12,False,MG,GASOLINA,R$ / litro,6.531,6.49,5.89,7.29,482,482
2026-04-06,2026-04-12,False,MG,GASOLINA ADITIVADA,R$ / litro,6.757,6.74,6.15,7.99,306,306
2026-04-06,2026-04-12,False,MG,GNV,R$ / m³,5.2,4.97,4.74,5.79,11,11
2026-04-06,2026-04-12,False,MS,DIESEL,R$ / litro,7.357,7.39,6.77,7.99,26,26
2026-04-06,2026-04-12,False,MS,DIESEL S10,R$ / litro,7.527,7.49,7.09,8.16,29,29
2026-04-06,2026-04-12,False,MS,ETANOL,R$ / litro,4.534,4.55,4.15,5.17,35,35
2026-04-06,2026-04-12,False,MS,GASOLINA,R$ / litro,6.679,6.66,6.26,7.29,56,56
2026-04-06,2026-04-12,False,MS,GASOLINA ADITIVADA,R$ / litro,6.837,6.79,6.32,7.49,44,44
2026-04-06,2026-04-12,False,MS,GNV,R$ / m³,4.59,4.59,4.59,4.59,1,1
2026-04-06,2026-04-12,False,MT,DIESEL,R$ / litro,7.535,7.49,7.0,8.89,41,41
2026-04-06,2026-04-12,False,MT,DIESEL S10,R$ / litro,7.7,7.67,7.27,8.91,54,54
2026-04-06,2026-04-12,False,MT,ETANOL,R$ / litro,4.622,4.65,3.99,4.89,73,73
2026-04-06,2026-04-12,False,MT,GASOLINA,R$ / litro,6.786,6.79,6.33,7.26,77,77
2026-04-06,2026-04-12,False,MT,GASOLINA ADITIVADA,R$ / litro,6.963,6.99,6.35,7.39,47,47
2026-04-06,2026-04-12,False,MT,GNV,R$ / m³,3.99,3.99,3.99,3.99,2,2
2026-04-06,2026-04-12,False,PA,DIESEL,R$ / litro,7.748,7.68,6.99,8.69,51,51
2026-04-06,2026-04-12,False,PA,DIESEL S10,R$ / litro,7.808,7.77,6.69,8.8,80,80
2026-04-06,2026-04-12,False,PA,ETANOL,R$ / litro,5.38,5.39,4.61,6.09,44,44
2026-04-06,2026-04-12,False,PA,GASOLINA,R$ / litro,7.06,6.99,6.39,7.99,109,109
2026-04-06,2026-04-12,False,PA,GASOLINA ADITIVADA,R$ / litro,7.194,7.19,6.49,7.99,74,74
2026-04-06,2026-04-12,False,PB,DIESEL,R$ / litro,6.971,6.98,6.41,7.3,28,28
2026-04-06,2026-04-12,False,PB,DIESEL S10,R$ / litro,7.23,7.29,6.69,7.85,47,47
2026-04-06,2026-04-12,False,PB,ETANOL,R$ / litro,4.831,4.79,4.55,5.3,56,56
2026-04-06,2026-04-12,False,PB,GASOLINA,R$ / litro,6.59,6.57,5.99,6.99,66,66
2026-04-06,2026-04-12,False,PB,GASOLINA ADITIVADA,R$ / litro,6.718,6.73,5.99,7.09,43,43
2026-04-06,2026-04-12,False,PB,GNV,R$ / m³,4.959,4.86,4.79,5.21,13,13
2026-04-06,2026-04-12,False,PE,DIESEL,R$ / litro,7.824,7.99,6.93,8.15,10,10
2026-04-06,2026-04-12,False,PE,DIESEL S10,R$ / litro,7.215,7.09,6.77,8.19,156,156
2026-04-06,2026-04-12,False,PE,ETANOL,R$ / litro,5.467,5.69,4.2,6.59,165,165
2026-04-06,2026-04-12,False,PE,GASOLINA,R$ / litro,7.121,7.28,6.04,7.99,192,192
2026-04-06,2026-04-12,False,PE,GASOLINA ADITIVADA,R$ / litro,7.276,7.39,6.24,7.99,142,142
2026-04-06,2026-04-12,False,PE,GNV,R$ / m³,4.19,4.19,4.19,4.19,29,29
2026-04-06,2026-04-12,False,PI,DIESEL,R$ / litro,7.379,7.305,6.98,7.85,14,14
2026-04-06,2026-04-12,False,PI,DIESEL S10,R$ / litro,7.694,7.7,7.19,8.14,25,25
2026-04-06,2026-04-12,False,PI,ETANOL,R$ / litro,5.072,5.0,4.79,5.4,17,17
2026-04-06,2026-04-12,False,PI,GASOLINA,R$ / litro,6.667,6.6,6.36,6.99,33,33
2026-04-06,2026-04-12,False,PI,GASOLINA ADITIVADA,R$ / litro,6.781,6.69,6.39,7.38,21,21
2026-04-06,2026-04-12,False,PR,DIESEL,R$ / litro,7.384,7.35,6.89,8.49,136,136
2026-04-06,2026-04-12,False,PR,DIESEL S10,R$ / litro,7.688,7.69,6.79,8.69,204,204
2026-04-06,2026-04-12,False,PR,ETANOL,R$ / litro,4.821,4.87,4.09,5.25,289,289
2026-04-06,2026-04-12,False,PR,GASOLINA,R$ / litro,6.87,6.89,6.09,7.59,285,285
2026-04-06,2026-04-12,False,PR,GASOLINA ADITIVADA,R$ / litro,7.013,7.04,6.09,7.89,233,233
2026-04-06,2026-04-12,False,PR,GNV,R$ / m³,4.622,4.64,4.19,4.99,6,6
2026-04-06,2026-04-12,False,RJ,DIESEL,R$ / litro,7.363,7.29,6.64,8.59,116,116
2026-04-06,2026-04-12,False,RJ,DIESEL S10,R$ / litro,7.471,7.49,5.69,8.94,211,211
2026-04-06,2026-04-12,False,RJ,ETANOL,R$ / litro,5.205,5.19,4.68,5.95,281,281
2026-04-06,2026-04-12,False,RJ,GASOLINA,R$ / litro,6.796,6.75,5.88,7.99,327,327
2026-04-06,2026-04-12,False,RJ,GASOLINA ADITIVADA,R$ / litro,6.972,6.96,6.29,8.19,296,296
2026-04-06,2026-04-12,False,RJ,GNV,R$ / m³,4.371,4.19,3.79,6.49,152,152
2026-04-06,2026-04-12,False,RN,DIESEL,R$ / litro,7.436,7.49,6.99,7.85,20,20
2026-04-06,2026-04-12,False,RN,DIESEL S10,R$ / litro,7.463,7.49,6.99,7.89,31,31
2026-04-06,2026-04-12,False,RN,ETANOL,R$ / litro,5.708,5.59,5.39,6.32,36,36
2026-04-06,2026-04-12,False,RN,GASOLINA,R$ / litro,6.86,6.85,6.49,7.59,39,39
2026-04-06,2026-04-12,False,RN,GASOLINA ADITIVADA,R$ / litro,6.953,6.99,6.49,7.29,34,34
2026-04-06,2026-04-12,False,RN,GNV,R$ / m³,5.24,5.29,5.09,5.29,4,4
2026-04-06,2026-04-12,False,RO,DIESEL,R$ / litro,7.505,7.545,6.86,8.0,26,26
2026-04-06,2026-04-12,False,RO,DIESEL S10,R$ / litro,7.602,7.6,7.06,8.79,37,37
2026-04-06,2026-04-12,False,RO,ETANOL,R$ / litro,5.708,5.685,5.38,5.99,24,24
2026-04-06,2026-04-12,False,RO,GASOLINA,R$ / litro,7.511,7.565,7.18,7.89,40,40
2026-04-06,2026-04-12,False,RO,GASOLINA ADITIVADA,R$ / litro,7.58,7.59,7.28,7.99,38,38
2026-04-06,2026-04-12,False,RR,DIESEL,R$ / litro,7.825,7.75,7.65,8.02,11,11
2026-04-06,2026-04-12,False,RR,DIESEL S10,R$ / litro,7.901,7.87,7.8,8.07,10,10
2026-04-06,2026-04-12,False,RR,ETANOL,R$ / litro,5.523,5.49,5.49,5.59,6,6
2026-04-06,2026-04-12,False,RR,GASOLINA,R$ / litro,7.9,7.9,7.9,7.9,13,13
2026-04-06,2026-04-12,False,RR,GASOLINA ADITIVADA,R$ / litro,7.985,7.98,7.95,8.05,13,13
2026-04-06,2026-04-12,False,RS,DIESEL,R$ / litro,7.325,7.34,6.76,8.74,178,178
2026-04-06,2026-04-12,False,RS,DIESEL S10,R$ / litro,7.436,7.4,6.86,8.99,223,223
2026-04-06,2026-04-12,False,RS,ETANOL,R$ / litro,5.279,5.19,4.75,6.66,152,152
2026-04-06,2026-04-12,False,RS,GASOLINA,R$ / litro,6.647,6.59,6.09,7.74,322,322
2026-04-06,2026-04-12,False,RS,GASOLINA ADITIVADA,R$ / litro,6.831,6.79,6.35,7.94,309,309
2026-04-06,2026-04-12,False,RS,GNV,R$ / m³,4.985,4.99,4.59,5.81,21,21
2026-04-06,2026-04-12,False,SC,DIESEL,R$ / litro,7.514,7.395,6.95,8.17,58,58
2026-04-06,2026-04-12,False,SC,DIESEL S10,R$ / litro,7.652,7.69,6.95,8.39,105,105
2026-04-06,2026-04-12,False,SC,ETANOL,R$ / litro,5.093,5.04,4.49,5.79,98,98
2026-04-06,2026-04-12,False,SC,GASOLINA,R$ / litro,6.752,6.78,6.19,7.29,145,145
2026-04-06,2026-04-12,False,SC,GASOLINA ADITIVADA,R$ / litro,6.901,6.89,6.27,7.49,137,137
2026-04-06,2026-04-12,False,SC,GNV,R$ / m³,4.683,4.59,4.49,5.46,24,24
2026-04-06,2026-04-12,False,SE,DIESEL,R$ / litro,7.568,7.55,7.3,7.99,15,15
2026-04-06,2026-04-12,False,SE,DIESEL S10,R$ / litro,7.312,7.3,7.24,7.39,10,10
2026-04-06,2026-04-12,False,SE,ETANOL,R$ / litro,5.111,5.09,5.05,5.29,22,22
2026-04-06,2026-04-12,False,SE,GASOLINA,R$ / litro,7.197,7.22,7.1,7.37,38,38
2026-04-06,2026-04-12,False,SE,GASOLINA ADITIVADA,R$ / litro,7.281,7.29,7.1,7.58,33,33
2026-04-06,2026-04-12,False,SE,GNV,R$ / m³,4.673,4.61,4.61,4.99,6,6
2026-04-06,2026-04-12,False,SP,DIESEL,R$ / litro,7.469,7.49,6.09,8.99,403,403
2026-04-06,2026-04-12,False,SP,DIESEL S10,R$ / litro,7.671,7.59,6.19,9.79,780,780
2026-04-06,2026-04-12,False,SP,ETANOL,R$ / litro,4.538,4.49,3.79,5.99,1211,1211
2026-04-06,2026-04-12,False,SP,GASOLINA,R$ / litro,6.702,6.69,5.77,9.59,1220,1220
2026-04-06,2026-04-12,False,SP,GASOLINA ADITIVADA,R$ / litro,6.963,6.94,6.09,9.79,951,951
2026-04-06,2026-04-12,False,SP,GNV,R$ / m³,4.345,4.42,3.64,5.39,37,37
2026-04-06,2026-04-12,False,TO,DIESEL,R$ / litro,7.686,7.59,7.28,7.99,17,17
2026-04-06,2026-04-12,False,TO,DIESEL S10,R$ / litro,7.734,7.67,7.28,7.99,20,20
2026-04-06,2026-04-12,False,TO,ETANOL,R$ / litro,5.504,5.59,4.85,6.03,18,18
2026-04-06,2026-04-12,False,TO,GASOLINA,R$ / litro,7.163,7.1,6.85,7.39,23,23
2026-04-06,2026-04-12,False,TO,GASOLINA ADITIVADA,R$ / litro,7.21,7.215,6.85,7.59,12,12
2026-04-13,2026-04-19,False,AC,DIESEL,R$ / litro,8.11,7.99,7.59,8.77,13,13
2026-04-13,2026-04-19,False,AC,DIESEL S10,R$ / litro,8.333,8.39,7.89,8.49,9,9
2026-04-13,2026-04-19,False,AC,ETANOL,R$ / litro,5.501,5.39,5.08,5.99,11,11
2026-04-13,2026-04-19,False,AC,GASOLINA,R$ / litro,7.542,7.44,7.19,8.46,14,14
2026-04-13,2026-04-19,False,AC,GASOLINA ADITIVADA,R$ / litro,7.648,7.57,7.24,8.59,14,14
2026-04-13,2026-04-19,False,AL,DIESEL,R$ / litro,8.283,8.07,7.79,8.99,6,6
2026-04-13,2026-04-19,False,AL,DIESEL S10,R$ / litro,7.352,7.17,6.94,8.26,26,26
2026-04-13,2026-04-19,False,AL,ETANOL,R$ / litro,5.413,5.39,4.99,5.85,51,51
2026-04-13,2026-04-19,False,AL,GASOLINA,R$ / litro,7.008,6.89,6.8,7.52,59,59
2026-04-13,2026-04-19,False,AL,GASOLINA ADITIVADA,R$ / litro,7.176,7.09,6.89,7.8,42,42
2026-04-13,2026-04-19,False,AL,GNV,R$ / m³,4.315,4.19,4.19,4.94,6,6
2026-04-13,2026-04-19,False,AM,DIESEL,R$ / litro,7.517,7.59,7.29,7.59,21,21
2026-04-13,2026-04-19,False,AM,DIESEL S10,R$ / litro,7.832,7.59,7.29,9.29,42,42
2026-04-13,2026-04-19,False,AM,ETANOL,R$ / litro,5.383,5.29,5.27,5.79,38,38
2026-04-13,2026-04-19,False,AM,GASOLINA,R$ / litro,7.558,7.29,7.27,9.29,55,55
2026-04-13,2026-04-19,False,AM,GASOLINA ADITIVADA,R$ / litro,7.661,7.39,7.27,9.29,48,48
2026-04-13,2026-04-19,False,AM,GNV,R$ / m³,4.99,4.99,4.99,4.99,2,2
2026-04-13,2026-04-19,False,AP,DIESEL S10,R$ / litro,7.18,7.18,7.18,7.18,1,1
2026-04-13,2026-04-19,False,AP,GASOLINA,R$ / litro,6.59,6.59,6.59,6.59,1,1
2026-04-13,2026-04-19,False,BA,DIESEL,R$ / litro,8.109,8.09,7.19,9.08,130,130
2026-04-13,2026-04-19,False,BA,DIESEL S10,R$ / litro,8.208,8.19,7.39,9.45,176,176
2026-04-13,2026-04-19,False,BA,ETANOL,R$ / litro,5.531,5.53,5.03,6.48,203,203
2026-04-13,2026-04-19,False,BA,GASOLINA,R$ / litro,7.462,7.55,6.91,7.99,225,225
2026-04-13,2026-04-19,False,BA,GASOLINA ADITIVADA,R$ / litro,7.555,7.59,6.91,8.99,159,159
2026-04-13,2026-04-19,False,BA,GNV,R$ / m³,4.432,4.345,3.95,5.79,12,12
2026-04-13,2026-04-19,False,CE,DIESEL,R$ / litro,7.359,7.49,6.55,7.89,19,19
2026-04-13,2026-04-19,False,CE,DIESEL S10,R$ / litro,7.262,7.19,6.15,8.27,127,127
2026-04-13,2026-04-19,False,CE,ETANOL,R$ / litro,5.538,5.49,4.97,6.19,121,121
2026-04-13,2026-04-19,False,CE,GASOLINA,R$ / litro,7.004,6.99,6.29,7.44,135,135
2026-04-13,2026-04-19,False,CE,GASOLINA ADITIVADA,R$ / litro,7.14,7.17,6.29,7.5,121,121
2026-04-13,2026-04-19,False,CE,GNV,R$ / m³,5.38,5.15,5.13,6.09,4,4
2026-04-13,2026-04-19,False,DF,DIESEL,R$ / litro,7.423,7.39,6.89,8.39,19,19
2026-04-13,2026-04-19,False,DF,DIESEL S10,R$ / litro,7.564,7.49,7.19,8.39,17,17
2026-04-13,2026-04-19,False,DF,ETANOL,R$ / litro,5.115,5.19,4.46,5.19,23,23
2026-04-13,2026-04-19,False,DF,GASOLINA,R$ / litro,6.48,6.45,6.15,6.69,50,50
2026-04-13,2026-04-19,False,DF,GASOLINA ADITIVADA,R$ / litro,6.626,6.57,6.28,7.19,45,45
2026-04-13,2026-04-19,False,ES,DIESEL,R$ / litro,6.89,6.89,6.69,7.49,29,29
2026-04-13,2026-04-19,False,ES,DIESEL S10,R$ / litro,7.016,6.99,6.65,7.59,46,46
2026-04-13,2026-04-19,False,ES,ETANOL,R$ / litro,5.057,4.99,4.69,5.89,58,58
2026-04-13,2026-04-19,False,ES,GASOLINA,R$ / litro,6.618,6.59,6.34,7.19,86,86
2026-04-13,2026-04-19,False,ES,GASOLINA ADITIVADA,R$ / litro,6.762,6.79,6.34,7.49,75,75
2026-04-13,2026-04-19,False,ES,GNV,R$ / m³,4.117,3.99,3.98,4.49,7,7
2026-04-13,2026-04-19,False,GO,DIESEL,R$ / litro,7.354,7.39,6.79,7.99,88,88
2026-04-13,2026-04-19,False,GO,DIESEL S10,R$ / litro,7.455,7.49,6.89,7.99,136,136
2026-04-13,2026-04-19,False,GO,ETANOL,R$ / litro,4.845,4.885,3.95,5.27,162,162
2026-04-13,2026-04-19,False,GO,GASOLINA,R$ / litro,6.569,6.545,5.94,6.99,160,160
2026-04-13,2026-04-19,False,GO,GASOLINA ADITIVADA,R$ / litro,6.777,6.77,6.15,7.47,99,99
2026-04-13,2026-04-19,False,MA,DIESEL,R$ / litro,7.45,7.39,6.84,7.89,47,47
2026-04-13,2026-04-19,False,MA,DIESEL S10,R$ / litro,7.526,7.49,6.84,8.49,85,85
2026-04-13,2026-04-19,False,MA,ETANOL,R$ / litro,5.504,5.4,4.98,6.19,51,51
2026-04-13,2026-04-19,False,MA,GASOLINA,R$ / litro,6.78,6.78,6.19,7.79,98,98
2026-04-13,2026-04-19,False,MA,GASOLINA ADITIVADA,R$ / litro,6.931,6.88,6.35,7.99,63,63
2026-04-13,2026-04-19,False,MG,DIESEL,R$ / litro,7.162,7.09,6.54,7.99,249,249
2026-04-13,2026-04-19,False,MG,DIESEL S10,R$ / litro,7.355,7.29,6.79,8.09,341,341
2026-04-13,2026-04-19,False,MG,ETANOL,R$ / litro,4.747,4.78,4.07,5.55,468,468
2026-04-13,2026-04-19,False,MG,GASOLINA,R$ / litro,6.483,6.48,5.85,7.29,492,492
2026-04-13,2026-04-19,False,MG,GASOLINA ADITIVADA,R$ / litro,6.717,6.69,6.07,7.99,307,307
2026-04-13,2026-04-19,False,MG,GNV,R$ / m³,5.151,4.97,4.74,5.79,8,8
2026-04-13,2026-04-19,False,MS,DIESEL,R$ / litro,7.204,7.19,6.21,7.77,24,24
2026-04-13,2026-04-19,False,MS,DIESEL S10,R$ / litro,7.375,7.29,6.89,7.96,27,27
2026-04-13,2026-04-19,False,MS,ETANOL,R$ / litro,4.485,4.44,4.25,5.17,32,32
2026-04-13,2026-04-19,False,MS,GASOLINA,R$ / litro,6.637,6.59,6.27,7.29,51,51
2026-04-13,2026-04-19,False,MS,GASOLINA ADITIVADA,R$ / litro,6.827,6.79,6.41,7.49,41,41
2026-04-13,2026-04-19,False,MT,DIESEL,R$ / litro,7.478,7.45,6.8,8.89,40,40
2026-04-13,2026-04-19,False,MT,DIESEL S10,R$ / litro,7.614,7.56,7.09,8.91,50,50
2026-04-13,2026-04-19,False,MT,ETANOL,R$ / litro,4.647,4.65,3.99,4.89,65,65
2026-04-13,2026-04-19,False,MT,GASOLINA,R$ / litro,6.857,6.79,6.33,7.26,68,68
2026-04-13,2026-04-19,False,MT,GASOLINA ADITIVADA,R$ / litro,7.025,6.99,6.33,7.39,37,37
2026-04-13,2026-04-19,False,MT,GNV,R$ / m³,3.99,3.99,3.99,3.99,2,2
2026-04-13,2026-04-19,False,PA,DIESEL,R$ / litro,7.684,7.58,6.99,8.75,50,50
2026-04-13,2026-04-19,False,PA,DIESEL S10,R$ / litro,7.741,7.66,6.69,8.8,86,86
2026-04-13,2026-04-19,False,PA,ETANOL,R$ / litro,5.416,5.39,4.61,6.09,47,47
2026-04-13,2026-04-19,False,PA,GASOLINA,R$ / litro,7.047,6.99,6.39,7.99,110,110
2026-04-13,2026-04-19,False,PA,GASOLINA ADITIVADA,R$ / litro,7.158,7.19,6.29,7.99,76,76
2026-04-13,2026-04-19,False,PB,DIESEL,R$ / litro,6.96,6.98,6.41,7.59,26,26
2026-04-13,2026-04-19,False,PB,DIESEL S10,R$ / litro,7.2,7.19,6.69,7.63,48,48
2026-04-13,2026-04-19,False,PB,ETANOL,R$ / litro,4.858,4.79,4.64,5.3,57,57
2026-04-13,2026-04-19,False,PB,GASOLINA,R$ / litro,6.572,6.49,6.23,6.99,66,66
2026-04-13,2026-04-19,False,PB,GASOLINA ADITIVADA,R$ / litro,6.7,6.69,6.23,7.09,45,45
2026-04-13,2026-04-19,False,PB,GNV,R$ / m³,4.888,4.86,4.79,5.21,9,9
2026-04-13,2026-04-19,False,PE,DIESEL,R$ / litro,7.99,7.94,7.89,8.19,6,6
2026-04-13,2026-04-19,False,PE,DIESEL S10,R$ / litro,7.221,7.09,6.77,8.19,145,145
2026-04-13,2026-04-19,False,PE,ETANOL,R$ / litro,5.514,5.69,4.2,6.59,145,145
2026-04-13,2026-04-19,False,PE,GASOLINA,R$ / litro,7.175,7.26,6.42,7.99,168,168
2026-04-13,2026-04-19,False,PE,GASOLINA ADITIVADA,R$ / litro,7.326,7.39,6.42,7.99,123,123
2026-04-13,2026-04-19,False,PE,GNV,R$ / m³,4.19,4.19,4.19,4.19,24,24
2026-04-13,2026-04-19,False,PI,DIESEL,R$ / litro,7.307,7.29,6.32,7.85,19,19
2026-04-13,2026-04-19,False,PI,DIESEL S10,R$ / litro,7.663,7.68,7.19,8.17,27,27
2026-04-13,2026-04-19,False,PI,ETANOL,R$ / litro,5.077,4.99,4.79,5.4,21,21
2026-04-13,2026-04-19,False,PI,GASOLINA,R$ / litro,6.615,6.605,5.79,7.04,36,36
2026-04-13,2026-04-19,False,PI,GASOLINA ADITIVADA,R$ / litro,6.805,6.75,6.39,7.44,23,23
2026-04-13,2026-04-19,False,PR,DIESEL,R$ / litro,7.308,7.29,6.74,8.49,128,128
2026-04-13,2026-04-19,False,PR,DIESEL S10,R$ / litro,7.609,7.59,6.99,8.39,188,188
2026-04-13,2026-04-19,False,PR,ETANOL,R$ / litro,4.775,4.79,4.09,5.25,260,260
2026-04-13,2026-04-19,False,PR,GASOLINA,R$ / litro,6.833,6.89,6.19,7.59,263,263
2026-04-13,2026-04-19,False,PR,GASOLINA ADITIVADA,R$ / litro,6.974,6.99,6.19,7.79,215,215
2026-04-13,2026-04-19,False,PR,GNV,R$ / m³,4.637,4.73,4.19,4.99,3,3
2026-04-13,2026-04-19,False,RJ,DIESEL,R$ / litro,7.287,7.255,6.09,8.29,120,120
2026-04-13,2026-04-19,False,RJ,DIESEL S10,R$ / litro,7.394,7.39,5.69,8.39,205,205
2026-04-13,2026-04-19,False,RJ,ETANOL,R$ / litro,5.174,5.19,4.66,5.95,283,283
2026-04-13,2026-04-19,False,RJ,GASOLINA,R$ / litro,6.785,6.72,6.09,7.99,328,328
2026-04-13,2026-04-19,False,RJ,GASOLINA ADITIVADA,R$ / litro,6.965,6.99,6.29,8.19,295,295
2026-04-13,2026-04-19,False,RJ,GNV,R$ / m³,4.328,4.19,3.79,6.28,156,156
2026-04-13,2026-04-19,False,RN,DIESEL,R$ / litro,7.376,7.385,6.99,7.69,24,24
2026-04-13,2026-04-19,False,RN,DIESEL S10,R$ / litro,7.416,7.465,6.97,7.89,36,36
2026-04-13,2026-04-19,False,RN,ETANOL,R$ / litro,5.695,5.59,5.39,6.32,42,42
2026-04-13,2026-04-19,False,RN,GASOLINA,R$ / litro,6.786,6.78,6.49,7.59,46,46
2026-04-13,2026-04-19,False,RN,GASOLINA ADITIVADA,R$ / litro,6.85,6.885,6.49,7.29,40,40
2026-04-13,2026-04-19,False,RN,GNV,R$ / m³,5.162,5.16,5.09,5.28,5,5
2026-04-13,2026-04-19,False,RO,DIESEL,R$ / litro,7.439,7.46,6.78,8.0,27,27
2026-04-13,2026-04-19,False,RO,DIESEL S10,R$ / litro,7.602,7.575,7.06,8.79,32,32
2026-04-13,2026-04-19,False,RO,ETANOL,R$ / litro,5.678,5.685,5.31,5.99,26,26
2026-04-13,2026-04-19,False,RO,GASOLINA,R$ / litro,7.468,7.515,7.09,7.89,40,40
2026-04-13,2026-04-19,False,RO,GASOLINA ADITIVADA,R$ / litro,7.542,7.575,7.25,7.99,38,38
2026-04-13,2026-04-19,False,RR,DIESEL,R$ / litro,7.799,7.8,7.65,7.95,11,11
2026-04-13,2026-04-19,False,RR,DIESEL S10,R$ / litro,7.863,7.82,7.8,8.0,10,10
2026-04-13,2026-04-19,False,RR,ETANOL,R$ / litro,5.523,5.49,5.49,5.59,6,6
2026-04-13,2026-04-19,False,RR,GASOLINA,R$ / litro,7.885,7.9,7.79,7.9,13,13
2026-04-13,2026-04-19,False,RR,GASOLINA ADITIVADA,R$ / litro,7.97,7.98,7.89,8.05,13,13
2026-04-13,2026-04-19,False,RS,DIESEL,R$ / litro,7.226,7.19,6.49,8.44,190,190
2026-04-13,2026-04-19,False,RS,DIESEL S10,R$ / litro,7.331,7.33,6.39,8.54,229,229
2026-04-13,2026-04-19,False,RS,ETANOL,R$ / litro,5.277,5.19,4.75,6.59,154,154
2026-04-13,2026-04-19,False,RS,GASOLINA,R$ / litro,6.629,6.59,6.17,7.66,327,327
2026-04-13,2026-04-19,False,RS,GASOLINA ADITIVADA,R$ / litro,6.811,6.79,6.34,7.79,314,314
2026-04-13,2026-04-19,False,RS,GNV,R$ / m³,4.962,4.99,4.59,5.81,23,23
2026-04-13,2026-04-19,False,SC,DIESEL,R$ / litro,7.333,7.275,6.75,7.98,58,58
2026-04-13,2026-04-19,False,SC,DIESEL S10,R$ / litro,7.565,7.57,6.89,8.39,110,110
2026-04-13,2026-04-19,False,SC,ETANOL,R$ / litro,5.078,4.99,4.49,5.79,113,113
2026-04-13,2026-04-19,False,SC,GASOLINA,R$ / litro,6.76,6.79,6.27,7.29,167,167
2026-04-13,2026-04-19,False,SC,GASOLINA ADITIVADA,R$ / litro,6.894,6.89,6.27,7.49,156,156
2026-04-13,2026-04-19,False,SC,GNV,R$ / m³,4.627,4.59,4.49,5.09,27,27
2026-04-13,2026-04-19,False,SE,DIESEL,R$ / litro,7.599,7.57,7.3,7.99,16,16
2026-04-13,2026-04-19,False,SE,DIESEL S10,R$ / litro,7.361,7.3,7.29,7.74,10,10
2026-04-13,2026-04-19,False,SE,ETANOL,R$ / litro,5.539,5.59,5.19,5.69,22,22
2026-04-13,2026-04-19,False,SE,GASOLINA,R$ / litro,7.196,7.22,7.1,7.29,40,40
2026-04-13,2026-04-19,False,SE,GASOLINA ADITIVADA,R$ / litro,7.276,7.235,7.1,7.58,34,34
2026-04-13,2026-04-19,False,SE,GNV,R$ / m³,4.673,4.61,4.61,4.99,6,6
2026-04-13,2026-04-19,False,SP,DIESEL,R$ / litro,7.377,7.39,6.09,8.99,423,423
2026-04-13,2026-04-19,False,SP,DIESEL S10,R$ / litro,7.599,7.59,6.19,9.79,814,814
2026-04-13,2026-04-19,False,SP,ETANOL,R$ / litro,4.506,4.49,3.49,5.99,1265,1265
2026-04-13,2026-04-19,False,SP,GASOLINA,R$ / litro,6.68,6.69,5.69,9.59,1282,1282
2026-04-13,2026-04-19,False,SP,GASOLINA ADITIVADA,R$ / litro,6.944,6.89,5.89,9.79,990,990
2026-04-13,2026-04-19,False,SP,GNV,R$ / m³,4.277,4.24,3.41,5.39,48,48
2026-04-13,2026-04-19,False,TO,DIESEL,R$ / litro,7.471,7.45,6.85,7.99,21,21
2026-04-13,2026-04-19,False,TO,DIESEL S10,R$ / litro,7.594,7.59,6.85,7.99,21,21
2026-04-13,2026-04-19,False,TO,ETANOL,R$ / litro,5.514,5.49,4.85,6.03,23,23
2026-04-13,2026-04-19,False,TO,GASOLINA,R$ / litro,7.125,7.065,6.75,7.39,28,28
2026-04-13,2026-04-19,False,TO,GASOLINA ADITIVADA,R$ / litro,7.226,7.19,6.75,7.59,16,16
2026-04-20,2026-04-26,False,AC,DIESEL,R$ / litro,8.003,7.89,7.59,8.75,9,9
2026-04-20,2026-04-26,False,AC,DIESEL S10,R$ / litro,8.293,8.25,7.89,9.27,9,9
2026-04-20,2026-04-26,False,AC,ETANOL,R$ / litro,5.492,5.355,4.99,6.6,10,10
2026-04-20,2026-04-26,False,AC,GASOLINA,R$ / litro,7.49,7.48,7.19,8.46,12,12
2026-04-20,2026-04-26,False,AC,GASOLINA ADITIVADA,R$ / litro,7.555,7.52,7.24,8.46,12,12
2026-04-20,2026-04-26,False,AL,DIESEL,R$ / litro,8.157,8.04,6.99,8.99,6,6
2026-04-20,2026-04-26,False,AL,DIESEL S10,R$ / litro,7.31,7.18,6.69,8.26,26,26
2026-04-20,2026-04-26,False,AL,ETANOL,R$ / litro,5.397,5.38,5.09,5.85,48,48
2026-04-20,2026-04-26,False,AL,GASOLINA,R$ / litro,6.911,6.79,6.59,7.52,59,59
2026-04-20,2026-04-26,False,AL,GASOLINA ADITIVADA,R$ / litro,7.129,7.09,6.59,7.8,38,38
2026-04-20,2026-04-26,False,AL,GNV,R$ / m³,4.271,4.19,3.99,4.94,8,8
2026-04-20,2026-04-26,False,AM,DIESEL,R$ / litro,7.506,7.59,7.29,7.59,19,19
2026-04-20,2026-04-26,False,AM,DIESEL S10,R$ / litro,7.832,7.59,7.29,9.29,41,41
2026-04-20,2026-04-26,False,AM,ETANOL,R$ / litro,5.36,5.29,5.15,5.79,36,36
2026-04-20,2026-04-26,False,AM,GASOLINA,R$ / litro,7.538,7.29,6.97,9.29,53,53
2026-04-20,2026-04-26,False,AM,GASOLINA ADITIVADA,R$ / litro,7.648,7.38,6.97,9.29,45,45
2026-04-20,2026-04-26,False,AM,GNV,R$ / m³,4.99,4.99,4.99,4.99,1,1
2026-04-20,2026-04-26,False,AP,DIESEL S10,R$ / litro,7.215,7.15,6.9,7.48,8,8
2026-04-20,2026-04-26,False,AP,ETANOL,R$ / litro,5.89,5.89,5.89,5.89,1,1
2026-04-20,2026-04-26,False,AP,GASOLINA,R$ / litro,6.548,6.525,6.43,6.85,12,12
2026-04-20,2026-04-26,False,AP,GASOLINA ADITIVADA,R$ / litro,6.785,6.785,6.69,6.88,2,2
2026-04-20,2026-04-26,False,BA,DIESEL,R$ / litro,7.992,7.95,7.08,8.89,141,141
2026-04-20,2026-04-26,False,BA,DIESEL S10,R$ / litro,8.1,7.99,7.18,9.35,180,180
2026-04-20,2026-04-26,False,BA,ETANOL,R$ / litro,5.459,5.4,4.93,6.48,216,216
2026-04-20,2026-04-26,False,BA,GASOLINA,R$ / litro,7.385,7.49,6.78,7.99,246,246
2026-04-20,2026-04-26,False,BA,GASOLINA ADITIVADA,R$ / litro,7.463,7.505,6.88,8.15,172,172
2026-04-20,2026-04-26,False,BA,GNV,R$ / m³,4.292,4.3,3.95,4.89,13,13
2026-04-20,2026-04-26,False,CE,DIESEL,R$ / litro,7.337,7.49,6.69,7.99,19,19
2026-04-20,2026-04-26,False,CE,DIESEL S10,R$ / litro,7.26,7.17,6.15,7.99,121,121
2026-04-20,2026-04-26,False,CE,ETANOL,R$ / litro,5.516,5.49,4.99,6.19,118,118
2026-04-20,2026-04-26,False,CE,GASOLINA,R$ / litro,6.988,6.99,6.09,7.72,132,132
2026-04-20,2026-04-26,False,CE,GASOLINA ADITIVADA,R$ / litro,7.108,7.15,6.09,7.49,113,113
2026-04-20,2026-04-26,False,CE,GNV,R$ / m³,5.15,5.15,5.15,5.15,9,9
2026-04-20,2026-04-26,False,DF,DIESEL,R$ / litro,7.304,7.385,6.83,7.59,20,20
2026-04-20,2026-04-26,False,DF,DIESEL S10,R$ / litro,7.468,7.42,7.09,7.99,20,20
2026-04-20,2026-04-26,False,DF,ETANOL,R$ / litro,5.038,5.185,4.45,5.19,28,28
2026-04-20,2026-04-26,False,DF,GASOLINA,R$ / litro,6.46,6.45,6.05,6.69,50,50
2026-04-20,2026-04-26,False,DF,GASOLINA ADITIVADA,R$ / litro,6.615,6.57,6.27,7.19,46,46
2026-04-20,2026-04-26,False,ES,DIESEL,R$ / litro,6.856,6.89,6.65,7.25,27,27
2026-04-20,2026-04-26,False,ES,DIESEL S10,R$ / litro,6.983,6.99,6.59,7.59,44,44
2026-04-20,2026-04-26,False,ES,ETANOL,R$ / litro,5.06,4.99,4.69,5.89,54,54
2026-04-20,2026-04-26,False,ES,GASOLINA,R$ / litro,6.597,6.49,6.34,7.19,81,81
2026-04-20,2026-04-26,False,ES,GASOLINA ADITIVADA,R$ / litro,6.774,6.77,6.34,7.49,72,72
2026-04-20,2026-04-26,False,ES,GNV,R$ / m³,4.001,3.99,3.98,4.09,8,8
2026-04-20,2026-04-26,False,GO,DIESEL,R$ / litro,7.147,7.12,6.29,7.95,92,92
2026-04-20,2026-04-26,False,GO,DIESEL S10,R$ / litro,7.256,7.29,6.34,7.99,140,140
2026-04-20,2026-04-26,False,GO,ETANOL,R$ / litro,4.879,4.87,3.75,5.27,169,169
2026-04-20,2026-04-26,False,GO,GASOLINA,R$ / litro,6.638,6.6,5.99,6.97,169,169
2026-04-20,2026-04-26,False,GO,GASOLINA ADITIVADA,R$ / litro,6.809,6.79,5.99,7.64,107,107
2026-04-20,2026-04-26,False,MA,DIESEL,R$ / litro,7.348,7.345,6.92,7.89,44,44
2026-04-20,2026-04-26,False,MA,DIESEL S10,R$ / litro,7.399,7.39,6.25,8.11,84,84
2026-04-20,2026-04-26,False,MA,ETANOL,R$ / litro,5.478,5.4,4.88,6.16,53,53
2026-04-20,2026-04-26,False,MA,GASOLINA,R$ / litro,6.637,6.6,5.88,7.49,99,99
2026-04-20,2026-04-26,False,MA,GASOLINA ADITIVADA,R$ / litro,6.8,6.78,5.98,7.69,62,62
2026-04-20,2026-04-26,False,MG,DIESEL,R$ / litro,7.056,6.99,6.39,7.89,245,245
2026-04-20,2026-04-26,False,MG,DIESEL S10,R$ / litro,7.27,7.29,6.49,7.99,342,342
2026-04-20,2026-04-26,False,MG,ETANOL,R$ / litro,4.699,4.69,4.08,5.39,463,463
2026-04-20,2026-04-26,False,MG,GASOLINA,R$ / litro,6.449,6.405,5.75,7.29,494,494
2026-04-20,2026-04-26,False,MG,GASOLINA ADITIVADA,R$ / litro,6.698,6.69,5.97,7.99,302,302
2026-04-20,2026-04-26,False,MG,GNV,R$ / m³,5.127,4.97,4.74,5.79,10,10
2026-04-20,2026-04-26,False,MS,DIESEL,R$ / litro,7.248,7.24,6.87,7.89,28,28
2026-04-20,2026-04-26,False,MS,DIESEL S10,R$ / litro,7.437,7.39,6.99,8.09,29,29
2026-04-20,2026-04-26,False,MS,ETANOL,R$ / litro,4.506,4.49,3.99,5.17,38,38
2026-04-20,2026-04-26,False,MS,GASOLINA,R$ / litro,6.654,6.65,6.19,7.29,57,57
2026-04-20,2026-04-26,False,MS,GASOLINA ADITIVADA,R$ / litro,6.813,6.79,6.19,7.49,44,44
2026-04-20,2026-04-26,False,MS,GNV,R$ / m³,4.59,4.59,4.59,4.59,1,1
2026-04-20,2026-04-26,False,MT,DIESEL,R$ / litro,7.212,7.19,6.6,7.9,53,53
2026-04-20,2026-04-26,False,MT,DIESEL S10,R$ / litro,7.36,7.29,6.65,7.99,59,59
2026-04-20,2026-04-26,False,MT,ETANOL,R$ / litro,4.572,4.55,3.99,4.89,84,84
2026-04-20,2026-04-26,False,MT,GASOLINA,R$ / litro,6.75,6.75,6.33,7.39,87,87
2026-04-20,2026-04-26,False,MT,GASOLINA ADITIVADA,R$ / litro,7.015,6.99,6.33,8.99,48,48
2026-04-20,2026-04-26,False,MT,GNV,R$ / m³,3.99,3.99,3.99,3.99,2,2
2026-04-20,2026-04-26,False,PA,DIESEL,R$ / litro,7.523,7.525,6.79,8.33,46,46
2026-04-20,2026-04-26,False,PA,DIESEL S10,R$ / litro,7.546,7.55,6.75,8.53,67,67
2026-04-20,2026-04-26,False,PA,ETANOL,R$ / litro,5.299,5.32,4.61,5.82,38,38
2026-04-20,2026-04-26,False,PA,GASOLINA,R$ / litro,6.949,6.99,6.29,7.42,94,94
2026-04-20,2026-04-26,False,PA,GASOLINA ADITIVADA,R$ / litro,7.091,7.12,6.24,7.79,65,65
2026-04-20,2026-04-26,False,PB,DIESEL,R$ / litro,6.96,6.99,6.49,7.59,25,25
2026-04-20,2026-04-26,False,PB,DIESEL S10,R$ / litro,7.184,7.19,6.76,7.65,47,47
2026-04-20,2026-04-26,False,PB,ETANOL,R$ / litro,4.87,4.79,4.67,5.39,55,55
2026-04-20,2026-04-26,False,PB,GASOLINA,R$ / litro,6.528,6.49,6.19,6.89,65,65
2026-04-20,2026-04-26,False,PB,GASOLINA ADITIVADA,R$ / litro,6.663,6.69,6.19,6.89,47,47
2026-04-20,2026-04-26,False,PB,GNV,R$ / m³,4.891,4.855,4.79,5.21,8,8
2026-04-20,2026-04-26,False,PE,DIESEL,R$ / litro,7.584,7.59,6.97,7.89,7,7
2026-04-20,2026-04-26,False,PE,DIESEL S10,R$ / litro,7.132,6.99,6.79,8.09,161,161
2026-04-20,2026-04-26,False,PE,ETANOL,R$ / litro,5.478,5.69,4.2,6.59,165,165
2026-04-20,2026-04-26,False,PE,GASOLINA,R$ / litro,7.038,7.2,6.38,7.99,189,189
2026-04-20,2026-04-26,False,PE,GASOLINA ADITIVADA,R$ / litro,7.184,7.29,6.38,7.89,138,138
2026-04-20,2026-04-26,False,PE,GNV,R$ / m³,4.19,4.19,4.19,4.19,29,29
2026-04-20,2026-04-26,False,PI,DIESEL,R$ / litro,7.318,7.38,6.72,7.85,27,27
2026-04-20,2026-04-26,False,PI,DIESEL S10,R$ / litro,7.558,7.49,6.99,8.19,48,48
2026-04-20,2026-04-26,False,PI,ETANOL,R$ / litro,5.02,4.99,4.49,5.4,38,38
2026-04-20,2026-04-26,False,PI,GASOLINA,R$ / litro,6.654,6.665,5.79,7.19,56,56
2026-04-20,2026-04-26,False,PI,GASOLINA ADITIVADA,R$ / litro,6.861,6.89,6.25,7.44,36,36
2026-04-20,2026-04-26,False,PR,DIESEL,R$ / litro,7.181,7.09,6.49,8.49,122,122
2026-04-20,2026-04-26,False,PR,DIESEL S10,R$ / litro,7.459,7.49,6.79,8.29,172,172
2026-04-20,2026-04-26,False,PR,ETANOL,R$ / litro,4.707,4.78,3.99,5.39,259,259
2026-04-20,2026-04-26,False,PR,GASOLINA,R$ / litro,6.805,6.89,6.09,7.49,256,256
2026-04-20,2026-04-26,False,PR,GASOLINA ADITIVADA,R$ / litro,6.944,6.99,6.09,7.69,209,209
2026-04-20,2026-04-26,False,PR,GNV,R$ / m³,4.73,4.73,4.73,4.73,1,1
2026-04-20,2026-04-26,False,RJ,DIESEL,R$ / litro,7.182,7.09,6.64,7.99,94,94
2026-04-20,2026-04-26,False,RJ,DIESEL S10,R$ / litro,7.306,7.29,5.69,8.19,164,164
2026-04-20,2026-04-26,False,RJ,ETANOL,R$ / litro,5.177,5.09,4.66,5.89,231,231
2026-04-20,2026-04-26,False,RJ,GASOLINA,R$ / litro,6.771,6.69,5.88,7.99,271,271
2026-04-20,2026-04-26,False,RJ,GASOLINA ADITIVADA,R$ / litro,6.966,6.94,6.29,8.19,247,247
2026-04-20,2026-04-26,False,RJ,GNV,R$ / m³,4.325,4.19,3.84,6.49,133,133
2026-04-20,2026-04-26,False,RN,DIESEL,R$ / litro,7.285,7.29,6.89,7.59,22,22
2026-04-20,2026-04-26,False,RN,DIESEL S10,R$ / litro,7.349,7.365,6.89,7.89,34,34
2026-04-20,2026-04-26,False,RN,ETANOL,R$ / litro,5.672,5.59,5.38,6.32,38,38
2026-04-20,2026-04-26,False,RN,GASOLINA,R$ / litro,6.712,6.715,6.42,7.59,44,44
2026-04-20,2026-04-26,False,RN,GASOLINA ADITIVADA,R$ / litro,6.772,6.83,6.48,7.29,40,40
2026-04-20,2026-04-26,False,RN,GNV,R$ / m³,5.172,5.16,5.09,5.28,4,4
2026-04-20,2026-04-26,False,RO,DIESEL,R$ / litro,7.413,7.41,6.87,7.79,25,25
2026-04-20,2026-04-26,False,RO,DIESEL S10,R$ / litro,7.504,7.49,7.09,7.99,37,37
2026-04-20,2026-04-26,False,RO,ETANOL,R$ / litro,5.697,5.68,5.39,5.99,25,25
2026-04-20,2026-04-26,False,RO,GASOLINA,R$ / litro,7.332,7.355,6.89,7.7,38,38
2026-04-20,2026-04-26,False,RO,GASOLINA ADITIVADA,R$ / litro,7.462,7.49,7.04,7.79,35,35
2026-04-20,2026-04-26,False,RR,DIESEL,R$ / litro,7.725,7.75,7.64,7.79,11,11
2026-04-20,2026-04-26,False,RR,DIESEL S10,R$ / litro,7.761,7.79,7.65,7.84,10,10
2026-04-20,2026-04-26,False,RR,ETANOL,R$ / litro,5.523,5.49,5.49,5.59,6,6
2026-04-20,2026-04-26,False,RR,GASOLINA,R$ / litro,7.79,7.79,7.79,7.79,13,13
2026-04-20,2026-04-26,False,RR,GASOLINA ADITIVADA,R$ / litro,7.891,7.89,7.87,7.93,13,13
2026-04-20,2026-04-26,False,RS,DIESEL,R$ / litro,7.086,7.05,6.29,8.24,175,175
2026-04-20,2026-04-26,False,RS,DIESEL S10,R$ / litro,7.23,7.19,6.49,8.34,207,207
2026-04-20,2026-04-26,False,RS,ETANOL,R$ / litro,5.204,5.15,4.69,6.59,145,145
2026-04-20,2026-04-26,False,RS,GASOLINA,R$ / litro,6.566,6.56,6.21,7.66,308,308
2026-04-20,2026-04-26,False,RS,GASOLINA ADITIVADA,R$ / litro,6.752,6.75,6.21,7.79,291,291
2026-04-20,2026-04-26,False,RS,GNV,R$ / m³,4.935,4.96,4.59,5.81,21,21
2026-04-20,2026-04-26,False,SC,DIESEL,R$ / litro,7.299,7.275,6.77,7.95,54,54
2026-04-20,2026-04-26,False,SC,DIESEL S10,R$ / litro,7.485,7.49,6.79,8.39,106,106
2026-04-20,2026-04-26,False,SC,ETANOL,R$ / litro,5.029,4.99,4.39,5.73,107,107
2026-04-20,2026-04-26,False,SC,GASOLINA,R$ / litro,6.734,6.77,6.19,7.29,163,163
2026-04-20,2026-04-26,False,SC,GASOLINA ADITIVADA,R$ / litro,6.872,6.89,6.19,7.49,156,156
2026-04-20,2026-04-26,False,SC,GNV,R$ / m³,4.644,4.56,4.49,5.46,29,29
2026-04-20,2026-04-26,False,SE,DIESEL,R$ / litro,7.555,7.46,7.3,7.99,14,14
2026-04-20,2026-04-26,False,SE,DIESEL S10,R$ / litro,7.357,7.3,7.3,7.6,12,12
2026-04-20,2026-04-26,False,SE,ETANOL,R$ / litro,5.599,5.6,5.47,5.7,25,25
2026-04-20,2026-04-26,False,SE,GASOLINA,R$ / litro,7.197,7.22,7.1,7.29,41,41
2026-04-20,2026-04-26,False,SE,GASOLINA ADITIVADA,R$ / litro,7.278,7.29,7.1,7.58,35,35
2026-04-20,2026-04-26,False,SE,GNV,R$ / m³,4.664,4.61,4.61,4.99,7,7
2026-04-20,2026-04-26,False,SP,DIESEL,R$ / litro,7.262,7.19,6.29,8.99,401,401
2026-04-20,2026-04-26,False,SP,DIESEL S10,R$ / litro,7.464,7.43,5.99,9.79,801,801
2026-04-20,2026-04-26,False,SP,ETANOL,R$ / litro,4.442,4.4,3.49,6.29,1223,1223
2026-04-20,2026-04-26,False,SP,GASOLINA,R$ / litro,6.654,6.63,5.77,9.59,1233,1233
2026-04-20,2026-04-26,False,SP,GASOLINA ADITIVADA,R$ / litro,6.931,6.89,6.09,9.79,972,972
2026-04-20,2026-04-26,False,SP,GNV,R$ / m³,4.278,4.19,3.75,5.29,41,41
2026-04-20,2026-04-26,False,TO,DIESEL,R$ / litro,7.175,7.095,6.68,7.99,18,18
2026-04-20,2026-04-26,False,TO,DIESEL S10,R$ / litro,7.24,7.195,6.68,7.89,20,20
2026-04-20,2026-04-26,False,TO,ETANOL,R$ / litro,5.473,5.45,4.85,6.03,17,17
2026-04-20,2026-04-26,False,TO,GASOLINA,R$ / litro,7.119,7.04,6.75,7.39,23,23
2026-04-20,2026-04-26,False,TO,GASOLINA ADITIVADA,R$ / litro,7.171,7.19,6.75,7.59,12,12
2026-04-27,2026-05-03,False,AC,DIESEL,R$ / litro,8.073,7.89,7.59,8.77,13,13
2026-04-27,2026-05-03,False,AC,DIESEL S10,R$ / litro,8.243,8.24,7.89,9.27,10,10
2026-04-27,2026-05-03,False,AC,ETANOL,R$ / litro,5.592,5.39,4.99,6.6,13,13
2026-04-27,2026-05-03,False,AC,GASOLINA,R$ / litro,7.527,7.39,6.99,8.47,15,15
2026-04-27,2026-05-03,False,AC,GASOLINA ADITIVADA,R$ / litro,7.633,7.49,7.14,8.59,15,15
2026-04-27,2026-05-03,False,AL,DIESEL,R$ / litro,8.09,7.89,7.79,8.99,6,6
2026-04-27,2026-05-03,False,AL,DIESEL S10,R$ / litro,7.374,7.21,6.89,8.26,20,20
2026-04-27,2026-05-03,False,AL,ETANOL,R$ / litro,5.324,5.29,4.99,5.85,45,45
2026-04-27,2026-05-03,False,AL,GASOLINA,R$ / litro,6.899,6.88,6.47,7.52,52,52
2026-04-27,2026-05-03,False,AL,GASOLINA ADITIVADA,R$ / litro,7.079,7.04,6.59,7.8,38,38
2026-04-27,2026-05-03,False,AL,GNV,R$ / m³,4.283,4.19,3.99,4.94,7,7
2026-04-27,2026-05-03,False,AM,DIESEL,R$ / litro,7.418,7.59,6.99,7.59,18,18
2026-04-27,2026-05-03,False,AM,DIESEL S10,R$ / litro,7.743,7.59,6.99,9.29,42,42
2026-04-27,2026-05-03,False,AM,ETANOL,R$ / litro,5.302,5.25,4.99,5.79,37,37
2026-04-27,2026-05-03,False,AM,GASOLINA,R$ / litro,7.457,7.25,6.96,9.29,54,54
2026-04-27,2026-05-03,False,AM,GASOLINA ADITIVADA,R$ / litro,7.574,7.29,6.97,9.29,46,46
2026-04-27,2026-05-03,False,AM,GNV,R$ / m³,4.99,4.99,4.99,4.99,1,1
2026-04-27,2026-05-03,False,AP,DIESEL S10,R$ / litro,7.058,7.035,6.98,7.18,4,4
2026-04-27,2026-05-03,False,AP,GASOLINA,R$ / litro,6.524,6.59,6.39,6.64,7,7
2026-04-27,2026-05-03,False,AP,GASOLINA ADITIVADA,R$ / litro,6.88,6.88,6.88,6.88,1,1
2026-04-27,2026-05-03,False,BA,DIESEL,R$ / litro,7.924,7.89,6.93,8.89,137,137
2026-04-27,2026-05-03,False,BA,DIESEL S10,R$ / litro,8.051,7.99,6.99,9.35,179,179
2026-04-27,2026-05-03,False,BA,ETANOL,R$ / litro,5.404,5.345,4.91,6.48,210,210
2026-04-27,2026-05-03,False,BA,GASOLINA,R$ / litro,7.33,7.35,5.97,8.07,240,240
2026-04-27,2026-05-03,False,BA,GASOLINA ADITIVADA,R$ / litro,7.428,7.39,5.98,8.97,171,171
2026-04-27,2026-05-03,False,BA,GNV,R$ / m³,4.404,4.345,3.95,5.79,14,14
2026-04-27,2026-05-03,False,CE,DIESEL,R$ / litro,7.29,7.415,6.59,7.89,22,22
2026-04-27,2026-05-03,False,CE,DIESEL S10,R$ / litro,7.183,6.99,6.15,7.99,135,135
2026-04-27,2026-05-03,False,CE,ETANOL,R$ / litro,5.475,5.47,4.99,6.19,126,126
2026-04-27,2026-05-03,False,CE,GASOLINA,R$ / litro,6.929,6.97,5.89,7.29,141,141
2026-04-27,2026-05-03,False,CE,GASOLINA ADITIVADA,R$ / litro,7.046,7.11,5.89,7.47,118,118
2026-04-27,2026-05-03,False,CE,GNV,R$ / m³,5.284,5.15,5.15,6.09,7,7
2026-04-27,2026-05-03,False,DF,DIESEL,R$ / litro,7.192,7.19,6.83,7.49,21,21
2026-04-27,2026-05-03,False,DF,DIESEL S10,R$ / litro,7.289,7.29,6.89,7.89,20,20
2026-04-27,2026-05-03,False,DF,ETANOL,R$ / litro,4.7,4.65,4.36,5.19,23,23
2026-04-27,2026-05-03,False,DF,GASOLINA,R$ / litro,6.277,6.18,5.93,6.69,50,50
2026-04-27,2026-05-03,False,DF,GASOLINA ADITIVADA,R$ / litro,6.385,6.28,6.03,6.99,45,45
2026-04-27,2026-05-03,False,ES,DIESEL,R$ / litro,6.858,6.89,6.65,7.25,24,24
2026-04-27,2026-05-03,False,ES,DIESEL S10,R$ / litro,6.964,6.99,6.69,7.59,49,49
2026-04-27,2026-05-03,False,ES,ETANOL,R$ / litro,5.042,4.99,4.69,5.99,53,53
2026-04-27,2026-05-03,False,ES,GASOLINA,R$ / litro,6.575,6.49,6.34,7.19,78,78
2026-04-27,2026-05-03,False,ES,GASOLINA ADITIVADA,R$ / litro,6.764,6.75,6.39,7.49,70,70
2026-04-27,2026-05-03,False,ES,GNV,R$ / m³,4.005,3.99,3.98,4.09,6,6
2026-04-27,2026-05-03,False,GO,DIESEL,R$ / litro,6.94,6.99,6.07,7.95,96,96
2026-04-27,2026-05-03,False,GO,DIESEL S10,R$ / litro,7.05,6.99,6.37,7.99,140,140
2026-04-27,2026-05-03,False,GO,ETANOL,R$ / litro,4.781,4.79,3.65,5.27,170,170
2026-04-27,2026-05-03,False,GO,GASOLINA,R$ / litro,6.64,6.665,5.89,6.97,174,174
2026-04-27,2026-05-03,False,GO,GASOLINA ADITIVADA,R$ / litro,6.822,6.79,5.89,7.64,101,101
2026-04-27,2026-05-03,False,MA,DIESEL,R$ / litro,7.128,6.99,6.55,7.89,48,48
2026-04-27,2026-05-03,False,MA,DIESEL S10,R$ / litro,7.251,7.26,6.65,8.05,85,85
2026-04-27,2026-05-03,False,MA,ETANOL,R$ / litro,5.486,5.49,4.99,6.19,55,55
2026-04-27,2026-05-03,False,MA,GASOLINA,R$ / litro,6.604,6.625,5.78,7.49,94,94
2026-04-27,2026-05-03,False,MA,GASOLINA ADITIVADA,R$ / litro,6.745,6.69,5.99,7.49,55,55
2026-04-27,2026-05-03,False,MG,DIESEL,R$ / litro,6.948,6.89,6.29,7.79,234,234
2026-04-27,2026-05-03,False,MG,DIESEL S10,R$ / litro,7.166,7.09,6.39,7.99,320,320
2026-04-27,2026-05-03,False,MG,ETANOL,R$ / litro,4.628,4.665,3.38,5.19,422,422
2026-04-27,2026-05-03,False,MG,GASOLINA,R$ / litro,6.427,6.39,5.59,7.29,447,447
2026-04-27,2026-05-03,False,MG,GASOLINA ADITIVADA,R$ / litro,6.652,6.67,5.89,7.99,271,271
2026-04-27,2026-05-03,False,MG,GNV,R$ / m³,5.119,4.97,4.74,5.69,8,8
2026-04-27,2026-05-03,False,MS,DIESEL,R$ / litro,7.189,7.19,6.79,7.89,29,29
2026-04-27,2026-05-03,False,MS,DIESEL S10,R$ / litro,7.348,7.29,6.97,7.98,27,27
2026-04-27,2026-05-03,False,MS,ETANOL,R$ / litro,4.436,4.39,4.09,5.07,36,36
2026-04-27,2026-05-03,False,MS,GASOLINA,R$ / litro,6.65,6.65,6.26,7.29,56,56
2026-04-27,2026-05-03,False,MS,GASOLINA ADITIVADA,R$ / litro,6.811,6.79,6.29,7.49,41,41
2026-04-27,2026-05-03,False,MS,GNV,R$ / m³,4.59,4.59,4.59,4.59,1,1
2026-04-27,2026-05-03,False,MT,DIESEL,R$ / litro,7.134,7.185,6.35,7.9,50,50
2026-04-27,2026-05-03,False,MT,DIESEL S10,R$ / litro,7.24,7.27,6.59,7.99,57,57
2026-04-27,2026-05-03,False,MT,ETANOL,R$ / litro,4.532,4.57,3.95,4.85,83,83
2026-04-27,2026-05-03,False,MT,GASOLINA,R$ / litro,6.76,6.77,6.31,7.39,84,84
2026-04-27,2026-05-03,False,MT,GASOLINA ADITIVADA,R$ / litro,6.986,6.99,6.53,7.39,46,46
2026-04-27,2026-05-03,False,MT,GNV,R$ / m³,3.99,3.99,3.99,3.99,1,1
2026-04-27,2026-05-03,False,PA,DIESEL,R$ / litro,7.5,7.49,6.79,8.75,41,41
2026-04-27,2026-05-03,False,PA,DIESEL S10,R$ / litro,7.466,7.44,6.75,8.8,69,69
2026-04-27,2026-05-03,False,PA,ETANOL,R$ / litro,5.244,5.29,4.64,5.82,44,44
2026-04-27,2026-05-03,False,PA,GASOLINA,R$ / litro,6.849,6.9,6.18,7.7,99,99
2026-04-27,2026-05-03,False,PA,GASOLINA ADITIVADA,R$ / litro,7.058,7.09,6.24,7.79,69,69
2026-04-27,2026-05-03,False,PB,DIESEL,R$ / litro,6.979,6.99,6.53,7.59,25,25
2026-04-27,2026-05-03,False,PB,DIESEL S10,R$ / litro,7.165,7.19,6.49,7.69,46,46
2026-04-27,2026-05-03,False,PB,ETANOL,R$ / litro,4.868,4.79,4.67,5.39,55,55
2026-04-27,2026-05-03,False,PB,GASOLINA,R$ / litro,6.494,6.49,6.23,6.69,66,66
2026-04-27,2026-05-03,False,PB,GASOLINA ADITIVADA,R$ / litro,6.642,6.65,6.23,6.89,47,47
2026-04-27,2026-05-03,False,PB,GNV,R$ / m³,4.983,4.86,4.85,5.21,14,14
2026-04-27,2026-05-03,False,PE,DIESEL,R$ / litro,7.701,7.59,7.57,7.99,7,7
2026-04-27,2026-05-03,False,PE,DIESEL S10,R$ / litro,7.092,6.99,6.71,7.99,158,158
2026-04-27,2026-05-03,False,PE,ETANOL,R$ / litro,5.481,5.65,4.83,6.59,162,162
2026-04-27,2026-05-03,False,PE,GASOLINA,R$ / litro,7.006,7.175,6.29,7.99,188,188
2026-04-27,2026-05-03,False,PE,GASOLINA ADITIVADA,R$ / litro,7.17,7.29,6.29,7.78,138,138
2026-04-27,2026-05-03,False,PE,GNV,R$ / m³,4.19,4.19,4.19,4.19,29,29
2026-04-27,2026-05-03,False,PI,DIESEL,R$ / litro,7.255,7.29,6.32,7.99,25,25
2026-04-27,2026-05-03,False,PI,DIESEL S10,R$ / litro,7.411,7.39,6.95,7.99,37,37
2026-04-27,2026-05-03,False,PI,ETANOL,R$ / litro,4.965,4.99,4.49,5.4,40,40
2026-04-27,2026-05-03,False,PI,GASOLINA,R$ / litro,6.605,6.66,6.15,6.99,53,53
2026-04-27,2026-05-03,False,PI,GASOLINA ADITIVADA,R$ / litro,6.798,6.84,6.19,7.39,38,38
2026-04-27,2026-05-03,False,PR,DIESEL,R$ / litro,7.032,6.99,6.44,7.99,111,111
2026-04-27,2026-05-03,False,PR,DIESEL S10,R$ / litro,7.291,7.29,6.69,8.14,149,149
2026-04-27,2026-05-03,False,PR,ETANOL,R$ / litro,4.557,4.59,3.84,5.25,214,214
2026-04-27,2026-05-03,False,PR,GASOLINA,R$ / litro,6.72,6.77,6.07,7.49,209,209
2026-04-27,2026-05-03,False,PR,GASOLINA ADITIVADA,R$ / litro,6.88,6.89,6.07,7.69,180,180
2026-04-27,2026-05-03,False,PR,GNV,R$ / m³,4.64,4.64,4.59,4.69,2,2
2026-04-27,2026-05-03,False,RJ,DIESEL,R$ / litro,7.203,7.09,6.57,8.39,112,112
2026-04-27,2026-05-03,False,RJ,DIESEL S10,R$ / litro,7.308,7.29,5.69,8.74,213,213
2026-04-27,2026-05-03,False,RJ,ETANOL,R$ / litro,5.125,5.09,4.59,5.89,281,281
2026-04-27,2026-05-03,False,RJ,GASOLINA,R$ / litro,6.754,6.69,5.99,7.99,324,324
2026-04-27,2026-05-03,False,RJ,GASOLINA ADITIVADA,R$ / litro,6.939,6.89,6.19,8.19,290,290
2026-04-27,2026-05-03,False,RJ,GNV,R$ / m³,4.346,4.19,3.79,6.28,154,154
2026-04-27,2026-05-03,False,RN,DIESEL,R$ / litro,7.182,7.19,6.69,7.49,15,15
2026-04-27,2026-05-03,False,RN,DIESEL S10,R$ / litro,7.173,7.19,6.69,7.59,25,25
2026-04-27,2026-05-03,False,RN,ETANOL,R$ / litro,5.569,5.59,5.19,5.99,34,34
2026-04-27,2026-05-03,False,RN,GASOLINA,R$ / litro,6.551,6.58,5.97,6.89,33,33
2026-04-27,2026-05-03,False,RN,GASOLINA ADITIVADA,R$ / litro,6.673,6.755,5.98,7.08,32,32
2026-04-27,2026-05-03,False,RN,GNV,R$ / m³,5.102,5.085,5.08,5.16,4,4
2026-04-27,2026-05-03,False,RO,DIESEL,R$ / litro,7.369,7.34,6.87,7.84,27,27
2026-04-27,2026-05-03,False,RO,DIESEL S10,R$ / litro,7.488,7.435,7.09,8.39,36,36
2026-04-27,2026-05-03,False,RO,ETANOL,R$ / litro,5.682,5.675,5.39,5.99,26,26
2026-04-27,2026-05-03,False,RO,GASOLINA,R$ / litro,7.333,7.35,6.85,7.99,40,40
2026-04-27,2026-05-03,False,RO,GASOLINA ADITIVADA,R$ / litro,7.414,7.45,6.98,7.99,36,36
2026-04-27,2026-05-03,False,RR,DIESEL,R$ / litro,7.682,7.65,7.64,7.75,11,11
2026-04-27,2026-05-03,False,RR,DIESEL S10,R$ / litro,7.726,7.725,7.64,7.79,10,10
2026-04-27,2026-05-03,False,RR,ETANOL,R$ / litro,5.507,5.49,5.49,5.59,6,6
2026-04-27,2026-05-03,False,RR,GASOLINA,R$ / litro,7.742,7.7,7.7,7.79,13,13
2026-04-27,2026-05-03,False,RR,GASOLINA ADITIVADA,R$ / litro,7.838,7.8,7.79,7.9,13,13
2026-04-27,2026-05-03,False,RS,DIESEL,R$ / litro,6.985,6.97,6.29,8.69,178,178
2026-04-27,2026-05-03,False,RS,DIESEL S10,R$ / litro,7.097,6.99,6.49,8.79,218,218
2026-04-27,2026-05-03,False,RS,ETANOL,R$ / litro,5.197,5.145,4.69,6.59,146,146
2026-04-27,2026-05-03,False,RS,GASOLINA,R$ / litro,6.507,6.49,6.09,7.69,319,319
2026-04-27,2026-05-03,False,RS,GASOLINA ADITIVADA,R$ / litro,6.702,6.69,6.15,7.99,299,299
2026-04-27,2026-05-03,False,RS,GNV,R$ / m³,4.957,4.99,4.59,5.81,23,23
2026-04-27,2026-05-03,False,SC,DIESEL,R$ / litro,7.194,7.08,6.64,7.92,57,57
2026-04-27,2026-05-03,False,SC,DIESEL S10,R$ / litro,7.381,7.37,6.74,8.39,97,97
2026-04-27,2026-05-03,False,SC,ETANOL,R$ / litro,5.054,4.99,4.49,5.79,96,96
2026-04-27,2026-05-03,False,SC,GASOLINA,R$ / litro,6.707,6.75,6.19,7.19,142,142
2026-04-27,2026-05-03,False,SC,GASOLINA ADITIVADA,R$ / litro,6.848,6.89,6.19,7.39,132,132
2026-04-27,2026-05-03,False,SC,GNV,R$ / m³,4.642,4.59,4.49,5.09,25,25
2026-04-27,2026-05-03,False,SE,DIESEL,R$ / litro,7.415,7.35,7.15,7.99,15,15
2026-04-27,2026-05-03,False,SE,DIESEL S10,R$ / litro,7.293,7.3,7.09,7.69,13,13
2026-04-27,2026-05-03,False,SE,ETANOL,R$ / litro,5.597,5.6,5.47,5.7,26,26
2026-04-27,2026-05-03,False,SE,GASOLINA,R$ / litro,7.197,7.22,7.1,7.29,41,41
2026-04-27,2026-05-03,False,SE,GASOLINA ADITIVADA,R$ / litro,7.278,7.29,7.1,7.58,35,35
2026-04-27,2026-05-03,False,SE,GNV,R$ / m³,4.61,4.61,4.61,4.61,6,6
2026-04-27,2026-05-03,False,SP,DIESEL,R$ / litro,7.1,7.05,6.29,8.69,408,408
2026-04-27,2026-05-03,False,SP,DIESEL S10,R$ / litro,7.327,7.29,6.49,9.19,790,790
2026-04-27,2026-05-03,False,SP,ETANOL,R$ / litro,4.303,4.29,3.06,5.99,1195,1195
2026-04-27,2026-05-03,False,SP,GASOLINA,R$ / litro,6.59,6.59,5.69,8.97,1201,1201
2026-04-27,2026-05-03,False,SP,GASOLINA ADITIVADA,R$ / litro,6.867,6.79,5.95,9.19,932,932
2026-04-27,2026-05-03,False,SP,GNV,R$ / m³,4.213,4.19,3.41,5.39,53,53
2026-04-27,2026-05-03,False,TO,DIESEL,R$ / litro,7.113,7.02,6.58,7.99,24,24
2026-04-27,2026-05-03,False,TO,DIESEL S10,R$ / litro,7.137,7.06,6.58,7.79,27,27
2026-04-27,2026-05-03,False,TO,ETANOL,R$ / litro,5.374,5.39,4.85,6.03,22,22
2026-04-27,2026-05-03,False,TO,GASOLINA,R$ / litro,7.066,7.01,6.58,7.59,30,30
2026-04-27,2026-05-03,False,TO,GASOLINA ADITIVADA,R$ / litro,7.16,7.19,6.58,7.79,17,17
2026-05-04,2026-05-10,False,AC,DIESEL,R$ / litro,7.852,7.79,7.59,8.2,9,9
2026-05-04,2026-05-10,False,AC,DIESEL S10,R$ / litro,8.189,8.25,7.99,8.29,7,7
2026-05-04,2026-05-10,False,AC,ETANOL,R$ / litro,5.388,5.29,4.99,5.89,9,9
2026-05-04,2026-05-10,False,AC,GASOLINA,R$ / litro,7.346,7.39,7.19,7.59,11,11
2026-05-04,2026-05-10,False,AC,GASOLINA ADITIVADA,R$ / litro,7.431,7.49,7.24,7.59,11,11
2026-05-04,2026-05-10,False,AL,DIESEL,R$ / litro,8.036,7.89,7.19,8.99,7,7
2026-05-04,2026-05-10,False,AL,DIESEL S10,R$ / litro,7.374,7.19,6.79,8.26,25,25
2026-05-04,2026-05-10,False,AL,ETANOL,R$ / litro,5.278,5.235,4.99,5.99,44,44
2026-05-04,2026-05-10,False,AL,GASOLINA,R$ / litro,6.824,6.87,6.27,7.52,54,54
2026-05-04,2026-05-10,False,AL,GASOLINA ADITIVADA,R$ / litro,7.006,6.99,6.47,7.8,41,41
2026-05-04,2026-05-10,False,AL,GNV,R$ / m³,4.271,4.19,3.99,4.94,8,8
2026-05-04,2026-05-10,False,AM,DIESEL,R$ / litro,7.473,7.59,6.99,7.59,18,18
2026-05-04,2026-05-10,False,AM,DIESEL S10,R$ / litro,7.703,7.59,6.99,9.29,41,41
2026-05-04,2026-05-10,False,AM,ETANOL,R$ / litro,5.371,5.35,4.99,5.59,37,37
2026-05-04,2026-05-10,False,AM,GASOLINA,R$ / litro,7.561,7.59,6.95,9.29,53,53
2026-05-04,2026-05-10,False,AM,GASOLINA ADITIVADA,R$ / litro,7.695,7.59,6.97,9.29,44,44
2026-05-04,2026-05-10,False,AM,GNV,R$ / m³,4.99,4.99,4.99,4.99,1,1
2026-05-04,2026-05-10,False,AP,DIESEL S10,R$ / litro,7.09,7.09,7.09,7.09,1,1
2026-05-04,2026-05-10,False,AP,GASOLINA,R$ / litro,6.64,6.64,6.64,6.64,1,1
2026-05-04,2026-05-10,False,BA,DIESEL,R$ / litro,7.88,7.89,7.18,8.89,131,131
2026-05-04,2026-05-10,False,BA,DIESEL S10,R$ / litro,7.989,7.98,7.28,9.35,168,168
2026-05-04,2026-05-10,False,BA,ETANOL,R$ / litro,5.377,5.39,4.73,6.94,194,194
2026-05-04,2026-05-10,False,BA,GASOLINA,R$ / litro,7.338,7.385,6.64,7.99,224,224
2026-05-04,2026-05-10,False,BA,GASOLINA ADITIVADA,R$ / litro,7.429,7.39,6.69,8.99,161,161
2026-05-04,2026-05-10,False,BA,GNV,R$ / m³,4.534,4.49,3.95,5.79,16,16
2026-05-04,2026-05-10,False,CE,DIESEL,R$ / litro,7.265,7.29,6.69,7.99,19,19
2026-05-04,2026-05-10,False,CE,DIESEL S10,R$ / litro,7.218,7.18,6.15,7.99,116,116
2026-05-04,2026-05-10,False,CE,ETANOL,R$ / litro,5.474,5.47,4.99,6.18,114,114
2026-05-04,2026-05-10,False,CE,GASOLINA,R$ / litro,6.956,6.97,5.99,7.29,131,131
2026-05-04,2026-05-10,False,CE,GASOLINA ADITIVADA,R$ / litro,7.08,7.09,5.99,7.66,114,114
2026-05-04,2026-05-10,False,CE,GNV,R$ / m³,5.25,5.25,5.15,5.35,2,2
2026-05-04,2026-05-10,False,DF,DIESEL,R$ / litro,7.163,7.18,6.83,7.48,19,19
2026-05-04,2026-05-10,False,DF,DIESEL S10,R$ / litro,7.275,7.335,6.89,7.89,20,20
2026-05-04,2026-05-10,False,DF,ETANOL,R$ / litro,4.425,4.39,4.06,4.99,26,26
2026-05-04,2026-05-10,False,DF,GASOLINA,R$ / litro,6.249,6.22,5.94,6.65,50,50
2026-05-04,2026-05-10,False,DF,GASOLINA ADITIVADA,R$ / litro,6.388,6.34,6.04,6.92,45,45
2026-05-04,2026-05-10,False,ES,DIESEL,R$ / litro,6.86,6.89,6.65,7.69,31,31
2026-05-04,2026-05-10,False,ES,DIESEL S10,R$ / litro,6.984,6.99,6.69,7.79,61,61
2026-05-04,2026-05-10,False,ES,ETANOL,R$ / litro,5.042,4.99,4.69,5.99,64,64
2026-05-04,2026-05-10,False,ES,GASOLINA,R$ / litro,6.663,6.55,6.34,7.44,97,97
2026-05-04,2026-05-10,False,ES,GASOLINA ADITIVADA,R$ / litro,6.814,6.76,6.39,7.74,83,83
2026-05-04,2026-05-10,False,ES,GNV,R$ / m³,4.232,3.99,3.98,4.98,9,9
2026-05-04,2026-05-10,False,GO,DIESEL,R$ / litro,6.828,6.835,6.19,7.95,90,90
2026-05-04,2026-05-10,False,GO,DIESEL S10,R$ / litro,6.92,6.89,6.19,7.99,121,121
2026-05-04,2026-05-10,False,GO,ETANOL,R$ / litro,4.659,4.85,3.98,5.27,151,151
2026-05-04,2026-05-10,False,GO,GASOLINA,R$ / litro,6.729,6.89,5.96,7.49,156,156
2026-05-04,2026-05-10,False,GO,GASOLINA ADITIVADA,R$ / litro,6.89,6.94,6.06,7.64,103,103
2026-05-04,2026-05-10,False,MA,DIESEL,R$ / litro,7.147,7.19,6.55,7.68,44,44
2026-05-04,2026-05-10,False,MA,DIESEL S10,R$ / litro,7.232,7.19,6.54,7.85,76,76
2026-05-04,2026-05-10,False,MA,ETANOL,R$ / litro,5.431,5.49,4.98,6.29,45,45
2026-05-04,2026-05-10,False,MA,GASOLINA,R$ / litro,6.579,6.6,5.96,7.11,87,87
2026-05-04,2026-05-10,False,MA,GASOLINA ADITIVADA,R$ / litro,6.713,6.69,5.96,7.49,51,51
2026-05-04,2026-05-10,False,MG,DIESEL,R$ / litro,6.904,6.89,6.27,7.79,235,235
2026-05-04,2026-05-10,False,MG,DIESEL S10,R$ / litro,7.125,7.09,6.59,7.99,325,325
2026-05-04,2026-05-10,False,MG,ETANOL,R$ / litro,4.517,4.54,3.69,5.19,420,420
2026-05-04,2026-05-10,False,MG,GASOLINA,R$ / litro,6.38,6.39,5.57,7.29,451,451
2026-05-04,2026-05-10,False,MG,GASOLINA ADITIVADA,R$ / litro,6.596,6.59,5.79,8.15,283,283
2026-05-04,2026-05-10,False,MG,GNV,R$ / m³,5.186,4.95,4.89,5.69,5,5
2026-05-04,2026-05-10,False,MS,DIESEL,R$ / litro,7.08,7.16,6.59,7.58,26,26
2026-05-04,2026-05-10,False,MS,DIESEL S10,R$ / litro,7.247,7.29,6.69,7.79,31,31
2026-05-04,2026-05-10,False,MS,ETANOL,R$ / litro,4.354,4.345,3.99,5.07,38,38
2026-05-04,2026-05-10,False,MS,GASOLINA,R$ / litro,6.628,6.58,6.24,7.29,53,53
2026-05-04,2026-05-10,False,MS,GASOLINA ADITIVADA,R$ / litro,6.783,6.69,6.27,7.49,39,39
2026-05-04,2026-05-10,False,MS,GNV,R$ / m³,4.565,4.565,4.54,4.59,2,2
2026-05-04,2026-05-10,False,MT,DIESEL,R$ / litro,7.166,7.19,5.95,7.69,38,38
2026-05-04,2026-05-10,False,MT,DIESEL S10,R$ / litro,7.279,7.29,6.69,7.85,43,43
2026-05-04,2026-05-10,False,MT,ETANOL,R$ / litro,4.434,4.455,3.79,4.85,68,68
2026-05-04,2026-05-10,False,MT,GASOLINA,R$ / litro,6.771,6.79,6.31,7.25,71,71
2026-05-04,2026-05-10,False,MT,GASOLINA ADITIVADA,R$ / litro,6.942,6.99,6.31,7.39,41,41
2026-05-04,2026-05-10,False,MT,GNV,R$ / m³,3.99,3.99,3.99,3.99,3,3
2026-05-04,2026-05-10,False,PA,DIESEL,R$ / litro,7.444,7.49,6.39,8.75,41,41
2026-05-04,2026-05-10,False,PA,DIESEL S10,R$ / litro,7.479,7.44,6.54,8.95,73,73
2026-05-04,2026-05-10,False,PA,ETANOL,R$ / litro,5.237,5.27,4.49,6.09,43,43
2026-05-04,2026-05-10,False,PA,GASOLINA,R$ / litro,6.854,6.95,5.98,7.7,100,100
2026-05-04,2026-05-10,False,PA,GASOLINA ADITIVADA,R$ / litro,7.105,7.09,6.29,7.99,69,69
2026-05-04,2026-05-10,False,PB,DIESEL,R$ / litro,6.929,6.915,6.37,7.59,30,30
2026-05-04,2026-05-10,False,PB,DIESEL S10,R$ / litro,7.141,7.19,6.73,7.69,50,50
2026-05-04,2026-05-10,False,PB,ETANOL,R$ / litro,4.865,4.79,4.67,5.39,57,57
2026-05-04,2026-05-10,False,PB,GASOLINA,R$ / litro,6.489,6.49,6.24,6.73,67,67
2026-05-04,2026-05-10,False,PB,GASOLINA ADITIVADA,R$ / litro,6.653,6.65,6.28,7.09,46,46
2026-05-04,2026-05-10,False,PB,GNV,R$ / m³,4.944,4.86,4.85,5.21,12,12
2026-05-04,2026-05-10,False,PE,DIESEL,R$ / litro,7.61,7.59,6.99,7.99,9,9
2026-05-04,2026-05-10,False,PE,DIESEL S10,R$ / litro,7.097,6.99,6.71,7.99,163,163
2026-05-04,2026-05-10,False,PE,ETANOL,R$ / litro,5.437,5.59,4.83,6.59,170,170
2026-05-04,2026-05-10,False,PE,GASOLINA,R$ / litro,6.992,7.11,6.29,7.99,192,192
2026-05-04,2026-05-10,False,PE,GASOLINA ADITIVADA,R$ / litro,7.14,7.25,6.29,7.78,137,137
2026-05-04,2026-05-10,False,PE,GNV,R$ / m³,4.671,4.69,4.19,4.69,27,27
2026-05-04,2026-05-10,False,PI,DIESEL,R$ / litro,7.177,7.15,6.32,7.79,23,23
2026-05-04,2026-05-10,False,PI,DIESEL S10,R$ / litro,7.428,7.39,6.88,7.99,45,45
2026-05-04,2026-05-10,False,PI,ETANOL,R$ / litro,4.993,4.99,4.79,5.4,46,46
2026-05-04,2026-05-10,False,PI,GASOLINA,R$ / litro,6.649,6.65,6.36,6.99,59,59
2026-05-04,2026-05-10,False,PI,GASOLINA ADITIVADA,R$ / litro,6.84,6.89,6.39,7.39,43,43
2026-05-04,2026-05-10,False,PR,DIESEL,R$ / litro,7.006,6.99,6.37,7.99,120,120
2026-05-04,2026-05-10,False,PR,DIESEL S10,R$ / litro,7.315,7.29,6.69,8.25,191,191
2026-05-04,2026-05-10,False,PR,ETANOL,R$ / litro,4.583,4.645,3.84,5.25,270,270
2026-05-04,2026-05-10,False,PR,GASOLINA,R$ / litro,6.757,6.79,6.07,7.39,271,271
2026-05-04,2026-05-10,False,PR,GASOLINA ADITIVADA,R$ / litro,6.927,6.99,6.07,7.6,230,230
2026-05-04,2026-05-10,False,PR,GNV,R$ / m³,4.568,4.59,4.29,4.73,5,5
2026-05-04,2026-05-10,False,RJ,DIESEL,R$ / litro,7.116,6.99,6.55,7.99,96,96
2026-05-04,2026-05-10,False,RJ,DIESEL S10,R$ / litro,7.277,7.19,5.69,7.99,164,164
2026-05-04,2026-05-10,False,RJ,ETANOL,R$ / litro,5.099,4.99,4.46,5.89,214,214
2026-05-04,2026-05-10,False,RJ,GASOLINA,R$ / litro,6.764,6.75,5.94,7.99,258,258
2026-05-04,2026-05-10,False,RJ,GASOLINA ADITIVADA,R$ / litro,6.949,6.95,6.29,8.19,231,231
2026-05-04,2026-05-10,False,RJ,GNV,R$ / m³,4.631,4.49,3.75,6.28,113,113
2026-05-04,2026-05-10,False,RN,DIESEL,R$ / litro,7.281,7.335,6.49,7.59,26,26
2026-05-04,2026-05-10,False,RN,DIESEL S10,R$ / litro,7.368,7.345,6.97,7.99,34,34
2026-05-04,2026-05-10,False,RN,ETANOL,R$ / litro,5.794,5.78,5.39,6.32,43,43
2026-05-04,2026-05-10,False,RN,GASOLINA,R$ / litro,6.792,6.79,5.99,7.59,46,46
2026-05-04,2026-05-10,False,RN,GASOLINA ADITIVADA,R$ / litro,6.864,6.965,5.99,7.49,38,38
2026-05-04,2026-05-10,False,RN,GNV,R$ / m³,5.123,5.09,5.08,5.28,7,7
2026-05-04,2026-05-10,False,RO,DIESEL,R$ / litro,7.292,7.3,6.77,7.84,32,32
2026-05-04,2026-05-10,False,RO,DIESEL S10,R$ / litro,7.411,7.37,6.99,8.39,39,39
2026-05-04,2026-05-10,False,RO,ETANOL,R$ / litro,5.67,5.67,5.39,5.99,27,27
2026-05-04,2026-05-10,False,RO,GASOLINA,R$ / litro,7.41,7.445,6.95,7.89,46,46
2026-05-04,2026-05-10,False,RO,GASOLINA ADITIVADA,R$ / litro,7.492,7.49,7.09,7.99,42,42
2026-05-04,2026-05-10,False,RR,DIESEL,R$ / litro,7.652,7.64,7.64,7.7,11,11
2026-05-04,2026-05-10,False,RR,DIESEL S10,R$ / litro,7.703,7.7,7.64,7.79,10,10
2026-05-04,2026-05-10,False,RR,ETANOL,R$ / litro,5.504,5.49,5.49,5.59,7,7
2026-05-04,2026-05-10,False,RR,GASOLINA,R$ / litro,7.7,7.7,7.7,7.7,13,13
2026-05-04,2026-05-10,False,RR,GASOLINA ADITIVADA,R$ / litro,7.804,7.8,7.79,7.84,13,13
2026-05-04,2026-05-10,False,RS,DIESEL,R$ / litro,6.945,6.89,6.29,7.99,178,178
2026-05-04,2026-05-10,False,RS,DIESEL S10,R$ / litro,7.072,6.99,6.39,8.04,211,211
2026-05-04,2026-05-10,False,RS,ETANOL,R$ / litro,5.142,5.09,4.59,6.59,142,142
2026-05-04,2026-05-10,False,RS,GASOLINA,R$ / litro,6.527,6.49,5.97,7.66,311,311
2026-05-04,2026-05-10,False,RS,GASOLINA ADITIVADA,R$ / litro,6.726,6.72,5.99,7.66,295,295
2026-05-04,2026-05-10,False,RS,GNV,R$ / m³,4.964,4.99,4.59,5.81,21,21
2026-05-04,2026-05-10,False,SC,DIESEL,R$ / litro,7.137,7.03,6.64,7.92,60,60
2026-05-04,2026-05-10,False,SC,DIESEL S10,R$ / litro,7.31,7.27,6.68,8.38,106,106
2026-05-04,2026-05-10,False,SC,ETANOL,R$ / litro,4.962,4.99,4.39,5.79,114,114
2026-05-04,2026-05-10,False,SC,GASOLINA,R$ / litro,6.696,6.75,6.19,7.09,164,164
2026-05-04,2026-05-10,False,SC,GASOLINA ADITIVADA,R$ / litro,6.836,6.89,6.19,7.29,153,153
2026-05-04,2026-05-10,False,SC,GNV,R$ / m³,4.638,4.56,4.49,5.46,30,30
2026-05-04,2026-05-10,False,SE,DIESEL,R$ / litro,7.334,7.22,7.15,7.99,16,16
2026-05-04,2026-05-10,False,SE,DIESEL S10,R$ / litro,7.19,7.09,7.09,7.39,11,11
2026-05-04,2026-05-10,False,SE,ETANOL,R$ / litro,5.598,5.6,5.47,5.7,24,24
2026-05-04,2026-05-10,False,SE,GASOLINA,R$ / litro,7.313,7.29,7.1,7.59,40,40
2026-05-04,2026-05-10,False,SE,GASOLINA ADITIVADA,R$ / litro,7.414,7.41,7.1,7.88,35,35
2026-05-04,2026-05-10,False,SE,GNV,R$ / m³,4.781,4.83,4.61,5.15,7,7
2026-05-04,2026-05-10,False,SP,DIESEL,R$ / litro,7.02,6.99,6.27,8.69,448,448
2026-05-04,2026-05-10,False,SP,DIESEL S10,R$ / litro,7.245,7.19,5.79,9.99,842,842
2026-05-04,2026-05-10,False,SP,ETANOL,R$ / litro,4.186,4.14,2.98,6.29,1217,1217
2026-05-04,2026-05-10,False,SP,GASOLINA,R$ / litro,6.547,6.57,5.49,9.59,1233,1233
2026-05-04,2026-05-10,False,SP,GASOLINA ADITIVADA,R$ / litro,6.824,6.79,5.96,9.79,961,961
2026-05-04,2026-05-10,False,SP,GNV,R$ / m³,4.343,4.295,3.69,5.99,52,52
2026-05-04,2026-05-10,False,TO,DIESEL,R$ / litro,7.045,6.915,6.58,7.99,16,16
2026-05-04,2026-05-10,False,TO,DIESEL S10,R$ / litro,7.108,7.09,6.58,7.89,19,19
2026-05-04,2026-05-10,False,TO,ETANOL,R$ / litro,5.398,5.39,4.85,6.03,17,17
2026-05-04,2026-05-10,False,TO,GASOLINA,R$ / litro,7.062,6.99,6.58,7.49,23,23
2026-05-04,2026-05-10,False,TO,GASOLINA ADITIVADA,R$ / litro,7.152,7.17,6.58,7.69,12,12
2026-05-11,2026-05-17,False,AC,DIESEL,R$ / litro,7.846,7.79,7.59,8.2,10,10
2026-05-11,2026-05-17,False,AC,DIESEL S10,R$ / litro,8.166,8.25,7.89,8.29,9,9
2026-05-11,2026-05-17,False,AC,ETANOL,R$ / litro,5.312,5.285,4.99,5.89,10,10
2026-05-11,2026-05-17,False,AC,GASOLINA,R$ / litro,7.332,7.385,7.19,7.59,12,12
2026-05-11,2026-05-17,False,AC,GASOLINA ADITIVADA,R$ / litro,7.431,7.46,7.24,7.59,12,12
2026-05-11,2026-05-17,False,AL,DIESEL,R$ / litro,8.099,7.89,6.99,8.99,7,7
2026-05-11,2026-05-17,False,AL,DIESEL S10,R$ / litro,7.383,7.29,6.69,8.26,27,27
2026-05-11,2026-05-17,False,AL,ETANOL,R$ / litro,5.279,5.27,4.97,5.99,48,48
2026-05-11,2026-05-17,False,AL,GASOLINA,R$ / litro,6.818,6.87,6.15,7.58,58,58
2026-05-11,2026-05-17,False,AL,GASOLINA ADITIVADA,R$ / litro,6.989,6.99,6.27,7.8,39,39
2026-05-11,2026-05-17,False,AL,GNV,R$ / m³,4.283,4.19,3.99,4.94,7,7
2026-05-11,2026-05-17,False,AM,DIESEL,R$ / litro,7.44,7.59,6.99,7.59,14,14
2026-05-11,2026-05-17,False,AM,DIESEL S10,R$ / litro,7.695,7.59,6.99,9.29,41,41
2026-05-11,2026-05-17,False,AM,ETANOL,R$ / litro,5.254,5.29,4.79,5.59,35,35
2026-05-11,2026-05-17,False,AM,GASOLINA,R$ / litro,7.339,6.99,6.69,9.29,53,53
2026-05-11,2026-05-17,False,AM,GASOLINA ADITIVADA,R$ / litro,7.439,7.19,6.79,9.29,42,42
2026-05-11,2026-05-17,False,AM,GNV,R$ / m³,4.99,4.99,4.99,4.99,1,1
2026-05-11,2026-05-17,False,AP,DIESEL S10,R$ / litro,7.118,7.08,6.89,7.69,11,11
2026-05-11,2026-05-17,False,AP,ETANOL,R$ / litro,5.867,5.84,5.84,5.92,3,3
2026-05-11,2026-05-17,False,AP,GASOLINA,R$ / litro,6.516,6.39,6.39,6.85,23,23
2026-05-11,2026-05-17,False,AP,GASOLINA ADITIVADA,R$ / litro,6.877,6.865,6.69,7.08,6,6
2026-05-11,2026-05-17,False,BA,DIESEL,R$ / litro,7.766,7.79,6.99,8.89,137,137
2026-05-11,2026-05-17,False,BA,DIESEL S10,R$ / litro,7.898,7.89,7.09,8.99,167,167
2026-05-11,2026-05-17,False,BA,ETANOL,R$ / litro,5.316,5.385,4.53,6.48,200,200
2026-05-11,2026-05-17,False,BA,GASOLINA,R$ / litro,7.323,7.35,6.59,7.99,229,229
2026-05-11,2026-05-17,False,BA,GASOLINA ADITIVADA,R$ / litro,7.416,7.395,6.62,8.15,166,166
2026-05-11,2026-05-17,False,BA,GNV,R$ / m³,4.571,4.295,4.25,6.09,10,10
2026-05-11,2026-05-17,False,CE,DIESEL,R$ / litro,7.24,7.29,6.59,7.99,21,21
2026-05-11,2026-05-17,False,CE,DIESEL S10,R$ / litro,7.183,7.19,6.15,7.99,106,106
2026-05-11,2026-05-17,False,CE,ETANOL,R$ / litro,5.436,5.45,4.97,6.48,102,102
2026-05-11,2026-05-17,False,CE,GASOLINA,R$ / litro,6.92,6.86,6.32,7.3,118,118
2026-05-11,2026-05-17,False,CE,GASOLINA ADITIVADA,R$ / litro,7.03,7.05,6.32,7.49,107,107
2026-05-11,2026-05-17,False,CE,GNV,R$ / m³,5.2,5.15,5.15,5.35,4,4
2026-05-11,2026-05-17,False,DF,DIESEL,R$ / litro,7.152,7.09,6.89,7.49,12,12
2026-05-11,2026-05-17,False,DF,DIESEL S10,R$ / litro,7.134,7.09,6.69,7.69,14,14
2026-05-11,2026-05-17,False,DF,ETANOL,R$ / litro,4.404,4.39,3.95,4.69,23,23
2026-05-11,2026-05-17,False,DF,GASOLINA,R$ / litro,6.417,6.39,5.99,6.59,48,48
2026-05-11,2026-05-17,False,DF,GASOLINA ADITIVADA,R$ / litro,6.664,6.59,6.39,7.18,41,41
2026-05-11,2026-05-17,False,ES,DIESEL,R$ / litro,6.803,6.87,6.09,6.99,23,23
2026-05-11,2026-05-17,False,ES,DIESEL S10,R$ / litro,6.938,6.89,6.19,7.49,49,49
2026-05-11,2026-05-17,False,ES,ETANOL,R$ / litro,5.016,4.99,4.62,5.89,54,54
2026-05-11,2026-05-17,False,ES,GASOLINA,R$ / litro,6.588,6.49,6.34,6.99,84,84
2026-05-11,2026-05-17,False,ES,GASOLINA ADITIVADA,R$ / litro,6.76,6.75,6.39,7.39,70,70
2026-05-11,2026-05-17,False,ES,GNV,R$ / m³,4.125,3.99,3.98,4.98,8,8
2026-05-11,2026-05-17,False,GO,DIESEL,R$ / litro,6.782,6.79,6.14,7.95,89,89
2026-05-11,2026-05-17,False,GO,DIESEL S10,R$ / litro,6.927,6.89,6.37,7.99,130,130
2026-05-11,2026-05-17,False,GO,ETANOL,R$ / litro,4.611,4.69,3.79,4.99,152,152
2026-05-11,2026-05-17,False,GO,GASOLINA,R$ / litro,6.851,6.94,6.19,7.29,153,153
2026-05-11,2026-05-17,False,GO,GASOLINA ADITIVADA,R$ / litro,6.992,6.99,6.19,7.64,99,99
2026-05-11,2026-05-17,False,MA,DIESEL,R$ / litro,7.079,6.99,6.48,7.89,52,52
2026-05-11,2026-05-17,False,MA,DIESEL S10,R$ / litro,7.182,7.15,6.59,7.9,87,87
2026-05-11,2026-05-17,False,MA,ETANOL,R$ / litro,5.415,5.4,4.98,6.29,53,53
2026-05-11,2026-05-17,False,MA,GASOLINA,R$ / litro,6.583,6.6,6.08,7.14,100,100
2026-05-11,2026-05-17,False,MA,GASOLINA ADITIVADA,R$ / litro,6.685,6.69,6.08,7.29,53,53
2026-05-11,2026-05-17,False,MG,DIESEL,R$ / litro,6.835,6.79,6.27,7.79,240,240
2026-05-11,2026-05-17,False,MG,DIESEL S10,R$ / litro,7.066,6.99,6.43,7.99,333,333
2026-05-11,2026-05-17,False,MG,ETANOL,R$ / litro,4.461,4.49,3.59,5.12,427,427
2026-05-11,2026-05-17,False,MG,GASOLINA,R$ / litro,6.397,6.39,5.57,7.29,455,455
2026-05-11,2026-05-17,False,MG,GASOLINA ADITIVADA,R$ / litro,6.621,6.64,5.89,8.15,276,276
2026-05-11,2026-05-17,False,MG,GNV,R$ / m³,5.069,4.95,4.74,5.69,7,7
2026-05-11,2026-05-17,False,MS,DIESEL,R$ / litro,7.073,6.99,6.59,7.58,37,37
2026-05-11,2026-05-17,False,MS,DIESEL S10,R$ / litro,7.277,7.29,6.69,7.69,35,35
2026-05-11,2026-05-17,False,MS,ETANOL,R$ / litro,4.328,4.29,3.99,4.99,41,41
2026-05-11,2026-05-17,False,MS,GASOLINA,R$ / litro,6.634,6.59,6.24,7.29,61,61
2026-05-11,2026-05-17,False,MS,GASOLINA ADITIVADA,R$ / litro,6.798,6.715,6.27,7.49,44,44
2026-05-11,2026-05-17,False,MS,GNV,R$ / m³,4.69,4.69,4.59,4.79,2,2
2026-05-11,2026-05-17,False,MT,DIESEL,R$ / litro,7.038,6.89,5.99,7.67,46,46
2026-05-11,2026-05-17,False,MT,DIESEL S10,R$ / litro,7.171,7.09,6.49,7.8,53,53
2026-05-11,2026-05-17,False,MT,ETANOL,R$ / litro,4.304,4.29,3.73,4.59,75,75
2026-05-11,2026-05-17,False,MT,GASOLINA,R$ / litro,6.706,6.69,6.29,7.27,78,78
2026-05-11,2026-05-17,False,MT,GASOLINA ADITIVADA,R$ / litro,6.85,6.855,6.31,7.39,40,40
2026-05-11,2026-05-17,False,MT,GNV,R$ / m³,3.99,3.99,3.99,3.99,2,2
2026-05-11,2026-05-17,False,PA,DIESEL,R$ / litro,7.502,7.49,6.59,8.75,42,42
2026-05-11,2026-05-17,False,PA,DIESEL S10,R$ / litro,7.562,7.49,6.54,8.8,79,79
2026-05-11,2026-05-17,False,PA,ETANOL,R$ / litro,5.288,5.35,4.49,6.09,47,47
2026-05-11,2026-05-17,False,PA,GASOLINA,R$ / litro,6.913,6.97,6.06,7.99,104,104
2026-05-11,2026-05-17,False,PA,GASOLINA ADITIVADA,R$ / litro,7.094,7.09,6.29,7.89,71,71
2026-05-11,2026-05-17,False,PB,DIESEL,R$ / litro,6.895,6.89,6.37,7.59,29,29
2026-05-11,2026-05-17,False,PB,DIESEL S10,R$ / litro,7.161,7.19,6.79,7.69,50,50
2026-05-11,2026-05-17,False,PB,ETANOL,R$ / litro,4.875,4.79,4.67,5.39,54,54
2026-05-11,2026-05-17,False,PB,GASOLINA,R$ / litro,6.505,6.49,6.19,6.89,67,67
2026-05-11,2026-05-17,False,PB,GASOLINA ADITIVADA,R$ / litro,6.673,6.69,6.19,6.95,46,46
2026-05-11,2026-05-17,False,PB,GNV,R$ / m³,4.856,4.86,4.85,4.86,8,8
2026-05-11,2026-05-17,False,PE,DIESEL,R$ / litro,7.369,7.59,6.71,7.89,11,11
2026-05-11,2026-05-17,False,PE,DIESEL S10,R$ / litro,7.077,6.99,6.72,7.99,154,154
2026-05-11,2026-05-17,False,PE,ETANOL,R$ / litro,5.423,5.59,4.83,6.59,165,165
2026-05-11,2026-05-17,False,PE,GASOLINA,R$ / litro,7.0,7.1,6.29,7.99,191,191
2026-05-11,2026-05-17,False,PE,GASOLINA ADITIVADA,R$ / litro,7.16,7.25,6.29,7.78,139,139
2026-05-11,2026-05-17,False,PE,GNV,R$ / m³,4.69,4.69,4.69,4.69,30,30
2026-05-11,2026-05-17,False,PI,DIESEL,R$ / litro,7.199,7.19,6.32,7.89,28,28
2026-05-11,2026-05-17,False,PI,DIESEL S10,R$ / litro,7.395,7.39,6.94,7.99,46,46
2026-05-11,2026-05-17,False,PI,ETANOL,R$ / litro,4.986,4.99,4.34,5.4,40,40
2026-05-11,2026-05-17,False,PI,GASOLINA,R$ / litro,6.636,6.6,5.79,7.19,59,59
2026-05-11,2026-05-17,False,PI,GASOLINA ADITIVADA,R$ / litro,6.85,6.865,5.59,7.49,42,42
2026-05-11,2026-05-17,False,PR,DIESEL,R$ / litro,6.892,6.87,5.99,7.89,142,142
2026-05-11,2026-05-17,False,PR,DIESEL S10,R$ / litro,7.238,7.19,6.59,8.25,197,197
2026-05-11,2026-05-17,False,PR,ETANOL,R$ / litro,4.534,4.585,3.79,5.25,286,286
2026-05-11,2026-05-17,False,PR,GASOLINA,R$ / litro,6.734,6.79,5.8,7.39,286,286
2026-05-11,2026-05-17,False,PR,GASOLINA ADITIVADA,R$ / litro,6.902,6.985,6.07,7.6,232,232
2026-05-11,2026-05-17,False,PR,GNV,R$ / m³,4.54,4.49,4.29,4.99,5,5
2026-05-11,2026-05-17,False,RJ,DIESEL,R$ / litro,7.141,6.99,6.49,7.99,115,115
2026-05-11,2026-05-17,False,RJ,DIESEL S10,R$ / litro,7.231,7.19,6.24,8.19,211,211
2026-05-11,2026-05-17,False,RJ,ETANOL,R$ / litro,5.013,4.99,4.39,5.89,278,278
2026-05-11,2026-05-17,False,RJ,GASOLINA,R$ / litro,6.704,6.69,5.64,7.99,324,324
2026-05-11,2026-05-17,False,RJ,GASOLINA ADITIVADA,R$ / litro,6.885,6.89,6.19,8.19,288,288
2026-05-11,2026-05-17,False,RJ,GNV,R$ / m³,4.648,4.49,3.97,6.49,149,149
2026-05-11,2026-05-17,False,RN,DIESEL,R$ / litro,7.29,7.19,6.89,7.59,23,23
2026-05-11,2026-05-17,False,RN,DIESEL S10,R$ / litro,7.301,7.29,6.89,7.99,42,42
2026-05-11,2026-05-17,False,RN,ETANOL,R$ / litro,5.776,5.785,5.45,6.29,42,42
2026-05-11,2026-05-17,False,RN,GASOLINA,R$ / litro,6.86,6.87,6.39,7.59,45,45
2026-05-11,2026-05-17,False,RN,GASOLINA ADITIVADA,R$ / litro,6.919,6.97,6.39,7.14,38,38
2026-05-11,2026-05-17,False,RN,GNV,R$ / m³,5.12,5.09,5.08,5.28,6,6
2026-05-11,2026-05-17,False,RO,DIESEL,R$ / litro,7.285,7.31,6.77,7.88,32,32
2026-05-11,2026-05-17,False,RO,DIESEL S10,R$ / litro,7.445,7.37,6.99,8.39,42,42
2026-05-11,2026-05-17,False,RO,ETANOL,R$ / litro,5.657,5.68,5.25,5.99,28,28
2026-05-11,2026-05-17,False,RO,GASOLINA,R$ / litro,7.418,7.45,7.18,7.89,45,45
2026-05-11,2026-05-17,False,RO,GASOLINA ADITIVADA,R$ / litro,7.512,7.49,7.24,7.99,41,41
2026-05-11,2026-05-17,False,RR,DIESEL,R$ / litro,7.652,7.64,7.64,7.7,11,11
2026-05-11,2026-05-17,False,RR,DIESEL S10,R$ / litro,7.693,7.7,7.64,7.75,9,9
2026-05-11,2026-05-17,False,RR,ETANOL,R$ / litro,5.504,5.49,5.49,5.59,7,7
2026-05-11,2026-05-17,False,RR,GASOLINA,R$ / litro,7.7,7.7,7.7,7.7,13,13
2026-05-11,2026-05-17,False,RR,GASOLINA ADITIVADA,R$ / litro,7.804,7.8,7.79,7.84,13,13
2026-05-11,2026-05-17,False,RS,DIESEL,R$ / litro,6.922,6.89,6.19,8.69,153,153
2026-05-11,2026-05-17,False,RS,DIESEL S10,R$ / litro,7.06,6.99,6.19,8.79,192,192
2026-05-11,2026-05-17,False,RS,ETANOL,R$ / litro,5.079,4.99,4.46,6.58,134,134
2026-05-11,2026-05-17,False,RS,GASOLINA,R$ / litro,6.497,6.49,5.92,7.69,289,289
2026-05-11,2026-05-17,False,RS,GASOLINA ADITIVADA,R$ / litro,6.696,6.69,5.97,7.99,269,269
2026-05-11,2026-05-17,False,RS,GNV,R$ / m³,4.929,4.99,4.59,5.81,16,16
2026-05-11,2026-05-17,False,SC,DIESEL,R$ / litro,7.011,6.99,6.19,7.92,55,55
2026-05-11,2026-05-17,False,SC,DIESEL S10,R$ / litro,7.257,7.27,6.59,8.38,97,97
2026-05-11,2026-05-17,False,SC,ETANOL,R$ / litro,4.912,4.89,4.19,5.79,95,95
2026-05-11,2026-05-17,False,SC,GASOLINA,R$ / litro,6.698,6.75,6.09,7.19,146,146
2026-05-11,2026-05-17,False,SC,GASOLINA ADITIVADA,R$ / litro,6.849,6.89,6.09,7.69,137,137
2026-05-11,2026-05-17,False,SC,GNV,R$ / m³,4.611,4.575,4.49,4.99,26,26
2026-05-11,2026-05-17,False,SE,DIESEL,R$ / litro,7.333,7.25,7.15,7.79,14,14
2026-05-11,2026-05-17,False,SE,DIESEL S10,R$ / litro,7.237,7.29,7.09,7.39,13,13
2026-05-11,2026-05-17,False,SE,ETANOL,R$ / litro,5.6,5.6,5.47,5.7,25,25
2026-05-11,2026-05-17,False,SE,GASOLINA,R$ / litro,7.495,7.52,7.4,7.59,41,41
2026-05-11,2026-05-17,False,SE,GASOLINA ADITIVADA,R$ / litro,7.583,7.57,7.4,7.93,35,35
2026-05-11,2026-05-17,False,SE,GNV,R$ / m³,4.876,4.83,4.83,5.15,8,8
2026-05-11,2026-05-17,False,SP,DIESEL,R$ / litro,6.972,6.89,6.09,8.69,442,442
2026-05-11,2026-05-17,False,SP,DIESEL S10,R$ / litro,7.198,7.09,6.29,9.99,831,831
2026-05-11,2026-05-17,False,SP,ETANOL,R$ / litro,4.093,3.99,2.98,6.29,1226,1226
2026-05-11,2026-05-17,False,SP,GASOLINA,R$ / litro,6.521,6.49,5.49,9.59,1233,1233
2026-05-11,2026-05-17,False,SP,GASOLINA ADITIVADA,R$ / litro,6.791,6.715,5.95,9.79,960,960
2026-05-11,2026-05-17,False,SP,GNV,R$ / m³,4.305,4.19,3.59,5.99,49,49
2026-05-11,2026-05-17,False,TO,DIESEL,R$ / litro,7.164,7.09,6.58,8.19,18,18
2026-05-11,2026-05-17,False,TO,DIESEL S10,R$ / litro,7.227,7.24,6.58,8.19,24,24
2026-05-11,2026-05-17,False,TO,ETANOL,R$ / litro,5.417,5.44,4.85,6.03,23,23
2026-05-11,2026-05-17,False,TO,GASOLINA,R$ / litro,7.091,7.175,6.58,7.49,30,30
2026-05-11,2026-05-17,False,TO,GASOLINA ADITIVADA,R$ / litro,7.206,7.23,6.58,7.69,18,18
2026-05-18,2026-05-24,False,AC,DIESEL,R$ / litro,7.952,7.79,7.59,8.77,11,11
2026-05-18,2026-05-24,False,AC,DIESEL S10,R$ / litro,8.144,8.24,7.89,8.29,10,10
2026-05-18,2026-05-24,False,AC,ETANOL,R$ / litro,5.401,5.29,4.89,6.39,11,11
2026-05-18,2026-05-24,False,AC,GASOLINA,R$ / litro,7.469,7.39,7.09,8.46,13,13
2026-05-18,2026-05-24,False,AC,GASOLINA ADITIVADA,R$ / litro,7.53,7.49,7.14,8.56,13,13
2026-05-18,2026-05-24,False,AL,DIESEL,R$ / litro,7.908,7.79,6.99,8.99,9,9
2026-05-18,2026-05-24,False,AL,DIESEL S10,R$ / litro,7.398,7.17,6.79,8.26,25,25
2026-05-18,2026-05-24,False,AL,ETANOL,R$ / litro,5.329,5.29,4.99,5.99,50,50
2026-05-18,2026-05-24,False,AL,GASOLINA,R$ / litro,6.94,6.84,6.49,7.67,59,59
2026-05-18,2026-05-24,False,AL,GASOLINA ADITIVADA,R$ / litro,7.112,7.015,6.69,7.8,42,42
2026-05-18,2026-05-24,False,AL,GNV,R$ / m³,4.311,4.19,4.19,4.94,7,7
2026-05-18,2026-05-24,False,AM,DIESEL,R$ / litro,7.405,7.59,6.99,7.59,13,13
2026-05-18,2026-05-24,False,AM,DIESEL S10,R$ / litro,7.679,7.59,6.99,9.29,40,40
2026-05-18,2026-05-24,False,AM,ETANOL,R$ / litro,5.152,4.99,4.79,5.59,35,35
2026-05-18,2026-05-24,False,AM,GASOLINA,R$ / litro,7.259,6.99,6.69,9.29,53,53
2026-05-18,2026-05-24,False,AM,GASOLINA ADITIVADA,R$ / litro,7.349,7.04,6.79,9.29,44,44
2026-05-18,2026-05-24,False,AM,GNV,R$ / m³,4.99,4.99,4.99,4.99,1,1
2026-05-18,2026-05-24,False,AP,DIESEL S10,R$ / litro,7.162,6.98,6.89,7.69,13,13
2026-05-18,2026-05-24,False,AP,ETANOL,R$ / litro,5.84,5.84,5.84,5.84,1,1
2026-05-18,2026-05-24,False,AP,GASOLINA,R$ / litro,6.624,6.59,6.39,7.55,23,23
2026-05-18,2026-05-24,False,AP,GASOLINA ADITIVADA,R$ / litro,6.873,6.865,6.73,7.03,4,4
2026-05-18,2026-05-24,False,BA,DIESEL,R$ / litro,7.618,7.59,6.79,8.89,136,136
2026-05-18,2026-05-24,False,BA,DIESEL S10,R$ / litro,7.786,7.69,6.97,8.99,168,168
2026-05-18,2026-05-24,False,BA,ETANOL,R$ / litro,5.186,5.19,4.26,6.48,206,206
2026-05-18,2026-05-24,False,BA,GASOLINA,R$ / litro,7.242,7.29,6.43,7.99,233,233
2026-05-18,2026-05-24,False,BA,GASOLINA ADITIVADA,R$ / litro,7.345,7.39,6.46,8.99,168,168
2026-05-18,2026-05-24,False,BA,GNV,R$ / m³,4.687,4.345,4.25,6.09,12,12
2026-05-18,2026-05-24,False,CE,DIESEL,R$ / litro,7.17,7.24,6.59,7.89,19,19
2026-05-18,2026-05-24,False,CE,DIESEL S10,R$ / litro,7.181,7.15,6.15,7.99,119,119
2026-05-18,2026-05-24,False,CE,ETANOL,R$ / litro,5.363,5.29,4.97,6.19,116,116
2026-05-18,2026-05-24,False,CE,GASOLINA,R$ / litro,6.877,6.815,6.3,7.29,132,132
2026-05-18,2026-05-24,False,CE,GASOLINA ADITIVADA,R$ / litro,7.005,6.97,6.32,7.49,117,117
2026-05-18,2026-05-24,False,CE,GNV,R$ / m³,5.15,5.15,5.15,5.15,2,2
2026-05-18,2026-05-24,False,DF,DIESEL,R$ / litro,7.072,6.98,6.89,7.49,13,13
2026-05-18,2026-05-24,False,DF,DIESEL S10,R$ / litro,7.075,6.99,6.69,7.69,14,14
2026-05-18,2026-05-24,False,DF,ETANOL,R$ / litro,4.433,4.47,4.19,4.69,25,25
2026-05-18,2026-05-24,False,DF,GASOLINA,R$ / litro,6.507,6.49,6.19,6.77,50,50
2026-05-18,2026-05-24,False,DF,GASOLINA ADITIVADA,R$ / litro,6.738,6.71,6.47,7.18,42,42
2026-05-18,2026-05-24,False,ES,DIESEL,R$ / litro,6.821,6.815,6.65,7.39,32,32
2026-05-18,2026-05-24,False,ES,DIESEL S10,R$ / litro,6.945,6.94,6.74,7.49,53,53
2026-05-18,2026-05-24,False,ES,ETANOL,R$ / litro,4.971,4.99,4.59,5.89,63,63
2026-05-18,2026-05-24,False,ES,GASOLINA,R$ / litro,6.63,6.49,6.29,7.39,90,90
2026-05-18,2026-05-24,False,ES,GASOLINA ADITIVADA,R$ / litro,6.791,6.745,6.38,7.69,74,74
2026-05-18,2026-05-24,False,ES,GNV,R$ / m³,4.188,3.99,3.98,4.98,9,9
2026-05-18,2026-05-24,False,GO,DIESEL,R$ / litro,6.73,6.69,6.09,7.95,78,78
2026-05-18,2026-05-24,False,GO,DIESEL S10,R$ / litro,6.915,6.92,6.39,7.99,118,118
2026-05-18,2026-05-24,False,GO,ETANOL,R$ / litro,4.433,4.54,3.69,4.97,148,148
2026-05-18,2026-05-24,False,GO,GASOLINA,R$ / litro,6.852,6.92,6.18,7.39,150,150
2026-05-18,2026-05-24,False,GO,GASOLINA ADITIVADA,R$ / litro,7.006,6.99,6.18,7.64,101,101
2026-05-18,2026-05-24,False,MA,DIESEL,R$ / litro,7.04,6.95,6.37,7.69,58,58
2026-05-18,2026-05-24,False,MA,DIESEL S10,R$ / litro,7.152,7.08,6.19,7.9,91,91
2026-05-18,2026-05-24,False,MA,ETANOL,R$ / litro,5.385,5.395,4.88,6.29,54,54
2026-05-18,2026-05-24,False,MA,GASOLINA,R$ / litro,6.603,6.6,6.09,7.49,101,101
2026-05-18,2026-05-24,False,MA,GASOLINA ADITIVADA,R$ / litro,6.699,6.69,6.18,7.29,56,56
2026-05-18,2026-05-24,False,MG,DIESEL,R$ / litro,6.765,6.75,5.99,7.79,252,252
2026-05-18,2026-05-24,False,MG,DIESEL S10,R$ / litro,7.035,6.99,6.29,7.89,338,338
2026-05-18,2026-05-24,False,MG,ETANOL,R$ / litro,4.369,4.39,3.59,5.12,447,447
2026-05-18,2026-05-24,False,MG,GASOLINA,R$ / litro,6.366,6.39,5.51,7.29,469,469
2026-05-18,2026-05-24,False,MG,GASOLINA ADITIVADA,R$ / litro,6.588,6.59,5.74,8.15,291,291
2026-05-18,2026-05-24,False,MG,GNV,R$ / m³,5.119,4.97,4.74,5.69,8,8
2026-05-18,2026-05-24,False,MS,DIESEL,R$ / litro,7.075,6.99,6.69,7.59,33,33
2026-05-18,2026-05-24,False,MS,DIESEL S10,R$ / litro,7.244,7.19,6.96,7.69,33,33
2026-05-18,2026-05-24,False,MS,ETANOL,R$ / litro,4.288,4.29,3.89,4.99,39,39
2026-05-18,2026-05-24,False,MS,GASOLINA,R$ / litro,6.63,6.615,6.19,7.29,58,58
2026-05-18,2026-05-24,False,MS,GASOLINA ADITIVADA,R$ / litro,6.797,6.69,6.19,7.49,43,43
2026-05-18,2026-05-24,False,MS,GNV,R$ / m³,4.69,4.69,4.59,4.79,2,2
2026-05-18,2026-05-24,False,MT,DIESEL,R$ / litro,6.956,6.89,6.03,7.67,55,55
2026-05-18,2026-05-24,False,MT,DIESEL S10,R$ / litro,7.13,6.99,6.69,7.8,58,58
2026-05-18,2026-05-24,False,MT,ETANOL,R$ / litro,4.135,4.17,3.49,4.49,82,82
2026-05-18,2026-05-24,False,MT,GASOLINA,R$ / litro,6.725,6.69,6.23,7.33,85,85
2026-05-18,2026-05-24,False,MT,GASOLINA ADITIVADA,R$ / litro,6.893,6.89,6.27,7.39,52,52
2026-05-18,2026-05-24,False,MT,GNV,R$ / m³,3.99,3.99,3.99,3.99,1,1
2026-05-18,2026-05-24,False,PA,DIESEL,R$ / litro,7.415,7.385,6.65,8.34,44,44
2026-05-18,2026-05-24,False,PA,DIESEL S10,R$ / litro,7.443,7.39,6.19,8.54,75,75
2026-05-18,2026-05-24,False,PA,ETANOL,R$ / litro,5.204,5.26,4.39,6.09,49,49
2026-05-18,2026-05-24,False,PA,GASOLINA,R$ / litro,6.853,6.89,6.02,7.98,107,107
2026-05-18,2026-05-24,False,PA,GASOLINA ADITIVADA,R$ / litro,7.05,6.99,6.19,7.79,71,71
2026-05-18,2026-05-24,False,PB,DIESEL,R$ / litro,6.894,6.89,6.37,7.59,31,31
2026-05-18,2026-05-24,False,PB,DIESEL S10,R$ / litro,7.16,7.19,6.79,7.69,49,49
2026-05-18,2026-05-24,False,PB,ETANOL,R$ / litro,4.866,4.79,4.64,5.39,56,56
2026-05-18,2026-05-24,False,PB,GASOLINA,R$ / litro,6.496,6.49,6.19,6.89,67,67
2026-05-18,2026-05-24,False,PB,GASOLINA ADITIVADA,R$ / litro,6.661,6.66,6.38,6.89,45,45
2026-05-18,2026-05-24,False,PB,GNV,R$ / m³,4.944,4.86,4.85,5.21,12,12
2026-05-18,2026-05-24,False,PE,DIESEL,R$ / litro,7.557,7.59,7.08,7.89,7,7
2026-05-18,2026-05-24,False,PE,DIESEL S10,R$ / litro,7.086,6.99,6.71,7.99,143,143
2026-05-18,2026-05-24,False,PE,ETANOL,R$ / litro,5.381,5.54,4.79,6.59,155,155
2026-05-18,2026-05-24,False,PE,GASOLINA,R$ / litro,6.975,7.05,6.41,7.99,179,179
2026-05-18,2026-05-24,False,PE,GASOLINA ADITIVADA,R$ / litro,7.127,7.185,6.42,7.78,132,132
2026-05-18,2026-05-24,False,PE,GNV,R$ / m³,4.69,4.69,4.69,4.69,24,24
2026-05-18,2026-05-24,False,PI,DIESEL,R$ / litro,7.232,7.24,6.32,7.89,24,24
2026-05-18,2026-05-24,False,PI,DIESEL S10,R$ / litro,7.434,7.39,6.97,7.99,45,45
2026-05-18,2026-05-24,False,PI,ETANOL,R$ / litro,5.003,4.99,4.79,5.4,46,46
2026-05-18,2026-05-24,False,PI,GASOLINA,R$ / litro,6.64,6.65,6.14,6.99,59,59
2026-05-18,2026-05-24,False,PI,GASOLINA ADITIVADA,R$ / litro,6.871,6.86,6.39,7.46,44,44
2026-05-18,2026-05-24,False,PR,DIESEL,R$ / litro,6.809,6.79,5.99,7.79,141,141
2026-05-18,2026-05-24,False,PR,DIESEL S10,R$ / litro,7.202,7.19,6.59,8.25,196,196
2026-05-18,2026-05-24,False,PR,ETANOL,R$ / litro,4.458,4.49,3.69,4.99,286,286
2026-05-18,2026-05-24,False,PR,GASOLINA,R$ / litro,6.722,6.77,5.99,7.39,287,287
2026-05-18,2026-05-24,False,PR,GASOLINA ADITIVADA,R$ / litro,6.892,6.91,6.07,7.6,226,226
2026-05-18,2026-05-24,False,PR,GNV,R$ / m³,4.572,4.515,4.29,4.99,6,6
2026-05-18,2026-05-24,False,RJ,DIESEL,R$ / litro,7.096,6.99,6.39,7.99,119,119
2026-05-18,2026-05-24,False,RJ,DIESEL S10,R$ / litro,7.199,7.09,5.69,8.19,217,217
2026-05-18,2026-05-24,False,RJ,ETANOL,R$ / litro,4.984,4.89,4.39,5.89,286,286
2026-05-18,2026-05-24,False,RJ,GASOLINA,R$ / litro,6.686,6.64,5.64,7.99,329,329
2026-05-18,2026-05-24,False,RJ,GASOLINA ADITIVADA,R$ / litro,6.875,6.88,6.19,8.19,297,297
2026-05-18,2026-05-24,False,RJ,GNV,R$ / m³,4.664,4.49,3.97,6.49,155,155
2026-05-18,2026-05-24,False,RN,DIESEL,R$ / litro,7.207,7.18,6.89,7.59,23,23
2026-05-18,2026-05-24,False,RN,DIESEL S10,R$ / litro,7.314,7.29,6.99,7.89,38,38
2026-05-18,2026-05-24,False,RN,ETANOL,R$ / litro,5.718,5.745,5.35,6.29,42,42
2026-05-18,2026-05-24,False,RN,GASOLINA,R$ / litro,6.765,6.78,5.74,7.59,44,44
2026-05-18,2026-05-24,False,RN,GASOLINA ADITIVADA,R$ / litro,6.876,6.85,6.49,7.69,39,39
2026-05-18,2026-05-24,False,RN,GNV,R$ / m³,5.135,5.09,5.08,5.28,4,4
2026-05-18,2026-05-24,False,RO,DIESEL,R$ / litro,7.326,7.34,6.77,7.88,40,40
2026-05-18,2026-05-24,False,RO,DIESEL S10,R$ / litro,7.442,7.39,6.99,8.39,48,48
2026-05-18,2026-05-24,False,RO,ETANOL,R$ / litro,5.679,5.635,5.34,6.23,30,30
2026-05-18,2026-05-24,False,RO,GASOLINA,R$ / litro,7.406,7.415,7.18,7.89,52,52
2026-05-18,2026-05-24,False,RO,GASOLINA ADITIVADA,R$ / litro,7.516,7.49,7.28,7.99,48,48
2026-05-18,2026-05-24,False,RR,DIESEL,R$ / litro,7.652,7.64,7.64,7.7,11,11
2026-05-18,2026-05-24,False,RR,DIESEL S10,R$ / litro,7.694,7.7,7.64,7.75,10,10
2026-05-18,2026-05-24,False,RR,ETANOL,R$ / litro,5.507,5.49,5.49,5.59,6,6
2026-05-18,2026-05-24,False,RR,GASOLINA,R$ / litro,7.7,7.7,7.7,7.7,14,14
2026-05-18,2026-05-24,False,RR,GASOLINA ADITIVADA,R$ / litro,7.804,7.8,7.79,7.84,14,14
2026-05-18,2026-05-24,False,RS,DIESEL,R$ / litro,6.867,6.89,6.09,7.99,181,181
2026-05-18,2026-05-24,False,RS,DIESEL S10,R$ / litro,7.005,6.99,6.19,8.04,205,205
2026-05-18,2026-05-24,False,RS,ETANOL,R$ / litro,5.047,4.99,4.29,6.58,145,145
2026-05-18,2026-05-24,False,RS,GASOLINA,R$ / litro,6.487,6.49,5.94,7.66,312,312
2026-05-18,2026-05-24,False,RS,GASOLINA ADITIVADA,R$ / litro,6.681,6.69,5.97,7.66,297,297
2026-05-18,2026-05-24,False,RS,GNV,R$ / m³,4.941,4.94,4.64,5.81,16,16
2026-05-18,2026-05-24,False,SC,DIESEL,R$ / litro,6.978,6.89,6.19,7.72,60,60
2026-05-18,2026-05-24,False,SC,DIESEL S10,R$ / litro,7.19,7.115,6.58,8.38,110,110
2026-05-18,2026-05-24,False,SC,ETANOL,R$ / litro,4.86,4.87,3.99,5.79,103,103
2026-05-18,2026-05-24,False,SC,GASOLINA,R$ / litro,6.685,6.75,5.99,7.19,156,156
2026-05-18,2026-05-24,False,SC,GASOLINA ADITIVADA,R$ / litro,6.813,6.83,6.09,7.39,149,149
2026-05-18,2026-05-24,False,SC,GNV,R$ / m³,4.64,4.56,4.49,5.46,25,25
2026-05-18,2026-05-24,False,SE,DIESEL,R$ / litro,7.144,6.975,6.9,7.79,16,16
2026-05-18,2026-05-24,False,SE,DIESEL S10,R$ / litro,7.091,6.99,6.98,7.39,18,18
2026-05-18,2026-05-24,False,SE,ETANOL,R$ / litro,5.585,5.6,5.39,5.7,26,26
2026-05-18,2026-05-24,False,SE,GASOLINA,R$ / litro,7.298,7.295,6.99,7.59,40,40
2026-05-18,2026-05-24,False,SE,GASOLINA ADITIVADA,R$ / litro,7.386,7.395,6.99,7.93,36,36
2026-05-18,2026-05-24,False,SE,GNV,R$ / m³,4.876,4.83,4.83,5.15,7,7
2026-05-18,2026-05-24,False,SP,DIESEL,R$ / litro,6.92,6.89,6.09,8.69,419,419
2026-05-18,2026-05-24,False,SP,DIESEL S10,R$ / litro,7.165,7.09,6.19,9.99,804,804
2026-05-18,2026-05-24,False,SP,ETANOL,R$ / litro,4.008,3.99,2.98,6.29,1196,1196
2026-05-18,2026-05-24,False,SP,GASOLINA,R$ / litro,6.49,6.49,5.49,9.69,1206,1206
2026-05-18,2026-05-24,False,SP,GASOLINA ADITIVADA,R$ / litro,6.77,6.69,5.89,9.89,935,935
2026-05-18,2026-05-24,False,SP,GNV,R$ / m³,4.297,4.29,3.59,5.39,47,47
2026-05-18,2026-05-24,False,TO,DIESEL,R$ / litro,7.114,7.09,6.59,7.99,18,18
2026-05-18,2026-05-24,False,TO,DIESEL S10,R$ / litro,7.175,7.055,6.69,7.89,26,26
2026-05-18,2026-05-24,False,TO,ETANOL,R$ / litro,5.398,5.39,4.99,6.03,27,27
2026-05-18,2026-05-24,False,TO,GASOLINA,R$ / litro,7.148,7.19,6.88,7.49,31,31
2026-05-18,2026-05-24,False,TO,GASOLINA ADITIVADA,R$ / litro,7.243,7.2,6.88,7.69,19,19
2026-05-25,2026-05-31,False,AC,DIESEL,R$ / litro,7.87,7.79,7.59,8.2,10,10
2026-05-25,2026-05-31,False,AC,DIESEL S10,R$ / litro,8.128,8.23,7.89,8.29,9,9
2026-05-25,2026-05-31,False,AC,ETANOL,R$ / litro,5.33,5.305,4.97,5.89,10,10
2026-05-25,2026-05-31,False,AC,GASOLINA,R$ / litro,7.337,7.365,7.09,7.59,12,12
2026-05-25,2026-05-31,False,AC,GASOLINA ADITIVADA,R$ / litro,7.444,7.49,7.14,7.59,12,12
2026-05-25,2026-05-31,False,AL,DIESEL,R$ / litro,8.047,7.89,6.99,8.99,7,7
2026-05-25,2026-05-31,False,AL,DIESEL S10,R$ / litro,7.428,7.29,6.79,8.33,27,27
2026-05-25,2026-05-31,False,AL,ETANOL,R$ / litro,5.248,5.09,4.88,5.99,49,49
2026-05-25,2026-05-31,False,AL,GASOLINA,R$ / litro,6.842,6.79,6.39,7.67,59,59
2026-05-25,2026-05-31,False,AL,GASOLINA ADITIVADA,R$ / litro,7.051,6.99,6.59,8.04,38,38
2026-05-25,2026-05-31,False,AL,GNV,R$ / m³,4.24,4.19,3.89,4.94,9,9
2026-05-25,2026-05-31,False,AM,DIESEL,R$ / litro,7.341,7.29,6.99,7.71,20,20
2026-05-25,2026-05-31,False,AM,DIESEL S10,R$ / litro,7.623,7.59,6.99,8.99,37,37
2026-05-25,2026-05-31,False,AM,ETANOL,R$ / litro,5.031,4.99,4.68,5.59,33,33
2026-05-25,2026-05-31,False,AM,GASOLINA,R$ / litro,7.067,6.79,6.49,8.99,53,53
2026-05-25,2026-05-31,False,AM,GASOLINA ADITIVADA,R$ / litro,7.18,6.89,6.69,8.99,42,42
2026-05-25,2026-05-31,False,AM,GNV,R$ / m³,4.99,4.99,4.99,4.99,1,1
2026-05-25,2026-05-31,False,AP,DIESEL S10,R$ / litro,7.207,7.09,6.89,7.85,11,11
2026-05-25,2026-05-31,False,AP,ETANOL,R$ / litro,5.98,5.89,5.84,6.21,3,3
2026-05-25,2026-05-31,False,AP,GASOLINA,R$ / litro,6.572,6.49,6.43,6.95,23,23
2026-05-25,2026-05-31,False,AP,GASOLINA ADITIVADA,R$ / litro,6.828,6.82,6.69,7.03,6,6
2026-05-25,2026-05-31,False,BA,DIESEL,R$ / litro,7.545,7.55,6.74,8.89,144,144
2026-05-25,2026-05-31,False,BA,DIESEL S10,R$ / litro,7.675,7.6,6.97,8.99,176,176
2026-05-25,2026-05-31,False,BA,ETANOL,R$ / litro,5.116,5.09,4.19,6.39,211,211
2026-05-25,2026-05-31,False,BA,GASOLINA,R$ / litro,7.202,7.19,6.44,7.97,237,237
2026-05-25,2026-05-31,False,BA,GASOLINA ADITIVADA,R$ / litro,7.294,7.29,6.46,8.15,175,175
2026-05-25,2026-05-31,False,BA,GNV,R$ / m³,4.639,4.39,4.25,6.19,15,15
2026-05-25,2026-05-31,False,CE,DIESEL,R$ / litro,7.197,7.39,6.61,7.89,19,19
2026-05-25,2026-05-31,False,CE,DIESEL S10,R$ / litro,7.179,7.15,6.15,8.25,116,116
2026-05-25,2026-05-31,False,CE,ETANOL,R$ / litro,5.349,5.285,4.95,6.29,120,120
2026-05-25,2026-05-31,False,CE,GASOLINA,R$ / litro,6.889,6.775,6.57,7.49,136,136
2026-05-25,2026-05-31,False,CE,GASOLINA ADITIVADA,R$ / litro,7.005,6.955,6.6,7.49,112,112
2026-05-25,2026-05-31,False,CE,GNV,R$ / m³,5.15,5.15,5.15,5.15,8,8
2026-05-25,2026-05-31,False,DF,DIESEL,R$ / litro,7.072,6.98,6.89,7.49,13,13
2026-05-25,2026-05-31,False,DF,DIESEL S10,R$ / litro,7.075,6.99,6.69,7.69,14,14
2026-05-25,2026-05-31,False,DF,ETANOL,R$ / litro,4.096,3.95,3.85,4.69,24,24
2026-05-25,2026-05-31,False,DF,GASOLINA,R$ / litro,6.523,6.49,6.29,6.69,50,50
2026-05-25,2026-05-31,False,DF,GASOLINA ADITIVADA,R$ / litro,6.748,6.73,6.47,7.18,41,41
2026-05-25,2026-05-31,False,ES,DIESEL,R$ / litro,6.829,6.89,6.59,7.39,30,30
2026-05-25,2026-05-31,False,ES,DIESEL S10,R$ / litro,6.938,6.89,6.59,7.49,55,55
2026-05-25,2026-05-31,False,ES,ETANOL,R$ / litro,4.961,4.99,4.55,5.85,65,65
2026-05-25,2026-05-31,False,ES,GASOLINA,R$ / litro,6.619,6.49,6.25,7.45,88,88
2026-05-25,2026-05-31,False,ES,GASOLINA ADITIVADA,R$ / litro,6.799,6.76,6.29,7.69,72,72
2026-05-25,2026-05-31,False,ES,GNV,R$ / m³,4.168,3.99,3.98,4.98,10,10
2026-05-25,2026-05-31,False,GO,DIESEL,R$ / litro,6.665,6.69,5.97,7.95,81,81
2026-05-25,2026-05-31,False,GO,DIESEL S10,R$ / litro,6.87,6.79,6.37,7.99,123,123
2026-05-25,2026-05-31,False,GO,ETANOL,R$ / litro,4.411,4.58,3.65,4.97,148,148
2026-05-25,2026-05-31,False,GO,GASOLINA,R$ / litro,6.864,6.94,6.09,7.39,152,152
2026-05-25,2026-05-31,False,GO,GASOLINA ADITIVADA,R$ / litro,7.031,6.99,6.14,7.64,99,99
2026-05-25,2026-05-31,False,MA,DIESEL,R$ / litro,7.096,6.99,6.45,7.68,43,43
2026-05-25,2026-05-31,False,MA,DIESEL S10,R$ / litro,7.248,7.255,6.63,7.9,82,82
2026-05-25,2026-05-31,False,MA,ETANOL,R$ / litro,5.416,5.425,4.98,6.29,50,50
2026-05-25,2026-05-31,False,MA,GASOLINA,R$ / litro,6.739,6.74,6.25,7.36,95,95
2026-05-25,2026-05-31,False,MA,GASOLINA ADITIVADA,R$ / litro,6.846,6.8,6.48,7.38,57,57
2026-05-25,2026-05-31,False,MG,DIESEL,R$ / litro,6.755,6.75,6.09,7.69,239,239
2026-05-25,2026-05-31,False,MG,DIESEL S10,R$ / litro,7.019,6.99,6.37,7.99,328,328
2026-05-25,2026-05-31,False,MG,ETANOL,R$ / litro,4.322,4.37,3.59,5.39,437,437
2026-05-25,2026-05-31,False,MG,GASOLINA,R$ / litro,6.375,6.39,5.54,7.29,464,464
2026-05-25,2026-05-31,False,MG,GASOLINA ADITIVADA,R$ / litro,6.591,6.59,5.74,7.99,296,296
2026-05-25,2026-05-31,False,MG,GNV,R$ / m³,5.189,4.95,4.74,5.79,9,9
2026-05-25,2026-05-31,False,MS,DIESEL,R$ / litro,6.965,6.96,6.59,7.58,33,33
2026-05-25,2026-05-31,False,MS,DIESEL S10,R$ / litro,7.167,7.09,6.69,7.69,31,31
2026-05-25,2026-05-31,False,MS,ETANOL,R$ / litro,4.207,4.19,3.86,4.97,35,35
2026-05-25,2026-05-31,False,MS,GASOLINA,R$ / litro,6.615,6.49,6.18,7.29,53,53
2026-05-25,2026-05-31,False,MS,GASOLINA ADITIVADA,R$ / litro,6.802,6.715,6.19,7.49,36,36
2026-05-25,2026-05-31,False,MS,GNV,R$ / m³,4.69,4.69,4.59,4.79,2,2
2026-05-25,2026-05-31,False,MT,DIESEL,R$ / litro,6.894,6.89,6.03,7.44,53,53
2026-05-25,2026-05-31,False,MT,DIESEL S10,R$ / litro,7.137,6.99,6.69,7.8,56,56
2026-05-25,2026-05-31,False,MT,ETANOL,R$ / litro,3.984,3.99,3.37,4.49,87,87
2026-05-25,2026-05-31,False,MT,GASOLINA,R$ / litro,6.704,6.69,6.25,7.48,87,87
2026-05-25,2026-05-31,False,MT,GASOLINA ADITIVADA,R$ / litro,6.894,6.89,6.27,7.48,52,52
2026-05-25,2026-05-31,False,MT,GNV,R$ / m³,3.99,3.99,3.99,3.99,2,2
2026-05-25,2026-05-31,False,PA,DIESEL,R$ / litro,7.395,7.4,6.29,8.75,43,43
2026-05-25,2026-05-31,False,PA,DIESEL S10,R$ / litro,7.432,7.35,6.48,8.8,77,77
2026-05-25,2026-05-31,False,PA,ETANOL,R$ / litro,5.18,5.25,4.39,6.09,49,49
2026-05-25,2026-05-31,False,PA,GASOLINA,R$ / litro,6.841,6.89,6.02,7.99,104,104
2026-05-25,2026-05-31,False,PA,GASOLINA ADITIVADA,R$ / litro,7.061,7.045,6.29,8.08,70,70
2026-05-25,2026-05-31,False,PB,DIESEL,R$ / litro,6.893,6.89,6.37,7.59,31,31
2026-05-25,2026-05-31,False,PB,DIESEL S10,R$ / litro,7.164,7.12,6.85,7.69,51,51
2026-05-25,2026-05-31,False,PB,ETANOL,R$ / litro,4.861,4.79,4.59,5.39,56,56
2026-05-25,2026-05-31,False,PB,GASOLINA,R$ / litro,6.517,6.49,6.19,6.99,67,67
2026-05-25,2026-05-31,False,PB,GASOLINA ADITIVADA,R$ / litro,6.676,6.69,6.38,6.89,46,46
2026-05-25,2026-05-31,False,PB,GNV,R$ / m³,4.953,4.86,4.85,5.21,11,11
2026-05-25,2026-05-31,False,PE,DIESEL,R$ / litro,7.457,7.59,7.08,7.59,7,7
2026-05-25,2026-05-31,False,PE,DIESEL S10,R$ / litro,7.06,6.99,6.69,7.8,132,132
2026-05-25,2026-05-31,False,PE,ETANOL,R$ / litro,5.396,5.53,4.79,5.79,137,137
2026-05-25,2026-05-31,False,PE,GASOLINA,R$ / litro,7.013,7.05,6.41,7.68,161,161
2026-05-25,2026-05-31,False,PE,GASOLINA ADITIVADA,R$ / litro,7.157,7.19,6.42,7.78,124,124
2026-05-25,2026-05-31,False,PE,GNV,R$ / m³,4.69,4.69,4.69,4.69,27,27
2026-05-25,2026-05-31,False,PI,DIESEL,R$ / litro,7.198,7.14,6.64,7.99,24,24
2026-05-25,2026-05-31,False,PI,DIESEL S10,R$ / litro,7.435,7.39,6.94,8.09,44,44
2026-05-25,2026-05-31,False,PI,ETANOL,R$ / litro,4.994,4.99,4.75,5.4,41,41
2026-05-25,2026-05-31,False,PI,GASOLINA,R$ / litro,6.679,6.69,5.79,7.19,59,59
2026-05-25,2026-05-31,False,PI,GASOLINA ADITIVADA,R$ / litro,6.935,6.98,6.46,7.39,41,41
2026-05-25,2026-05-31,False,PR,DIESEL,R$ / litro,6.772,6.79,5.79,7.79,125,125
2026-05-25,2026-05-31,False,PR,DIESEL S10,R$ / litro,7.182,7.09,6.56,8.25,186,186
2026-05-25,2026-05-31,False,PR,ETANOL,R$ / litro,4.358,4.29,3.54,4.99,247,247
2026-05-25,2026-05-31,False,PR,GASOLINA,R$ / litro,6.689,6.69,6.07,7.39,251,251
2026-05-25,2026-05-31,False,PR,GASOLINA ADITIVADA,R$ / litro,6.862,6.89,6.07,7.6,206,206
2026-05-25,2026-05-31,False,PR,GNV,R$ / m³,4.473,4.54,4.29,4.59,3,3
2026-05-25,2026-05-31,False,RJ,DIESEL,R$ / litro,7.088,6.99,6.34,8.35,116,116
2026-05-25,2026-05-31,False,RJ,DIESEL S10,R$ / litro,7.205,7.09,5.69,8.69,207,207
2026-05-25,2026-05-31,False,RJ,ETANOL,R$ / litro,4.937,4.89,4.28,5.89,278,278
2026-05-25,2026-05-31,False,RJ,GASOLINA,R$ / litro,6.679,6.65,5.64,7.99,321,321
2026-05-25,2026-05-31,False,RJ,GASOLINA ADITIVADA,R$ / litro,6.867,6.89,6.09,8.19,288,288
2026-05-25,2026-05-31,False,RJ,GNV,R$ / m³,4.65,4.49,3.97,6.49,149,149
2026-05-25,2026-05-31,False,RN,DIESEL,R$ / litro,7.176,7.09,6.49,7.59,25,25
2026-05-25,2026-05-31,False,RN,DIESEL S10,R$ / litro,7.276,7.28,6.89,7.89,40,40
2026-05-25,2026-05-31,False,RN,ETANOL,R$ / litro,5.647,5.59,4.99,6.29,46,46
2026-05-25,2026-05-31,False,RN,GASOLINA,R$ / litro,6.78,6.76,6.45,7.59,48,48
2026-05-25,2026-05-31,False,RN,GASOLINA ADITIVADA,R$ / litro,6.845,6.79,6.45,7.69,39,39
2026-05-25,2026-05-31,False,RN,GNV,R$ / m³,5.125,5.09,5.04,5.28,4,4
2026-05-25,2026-05-31,False,RO,DIESEL,R$ / litro,7.31,7.34,6.6,7.88,43,43
2026-05-25,2026-05-31,False,RO,DIESEL S10,R$ / litro,7.45,7.39,6.99,8.39,52,52
2026-05-25,2026-05-31,False,RO,ETANOL,R$ / litro,5.647,5.6,5.19,5.99,31,31
2026-05-25,2026-05-31,False,RO,GASOLINA,R$ / litro,7.37,7.39,7.06,7.89,58,58
2026-05-25,2026-05-31,False,RO,GASOLINA ADITIVADA,R$ / litro,7.502,7.49,7.24,7.99,52,52
2026-05-25,2026-05-31,False,RR,DIESEL,R$ / litro,7.651,7.64,7.64,7.7,13,13
2026-05-25,2026-05-31,False,RR,DIESEL S10,R$ / litro,7.695,7.7,7.64,7.75,12,12
2026-05-25,2026-05-31,False,RR,ETANOL,R$ / litro,5.502,5.49,5.49,5.59,8,8
2026-05-25,2026-05-31,False,RR,GASOLINA,R$ / litro,7.7,7.7,7.7,7.7,15,15
2026-05-25,2026-05-31,False,RR,GASOLINA ADITIVADA,R$ / litro,7.803,7.8,7.79,7.84,15,15
2026-05-25,2026-05-31,False,RS,DIESEL,R$ / litro,6.82,6.79,5.99,7.99,186,186
2026-05-25,2026-05-31,False,RS,DIESEL S10,R$ / litro,6.975,6.99,6.29,8.04,224,224
2026-05-25,2026-05-31,False,RS,ETANOL,R$ / litro,4.998,4.99,4.29,5.99,156,156
2026-05-25,2026-05-31,False,RS,GASOLINA,R$ / litro,6.461,6.39,5.89,7.66,330,330
2026-05-25,2026-05-31,False,RS,GASOLINA ADITIVADA,R$ / litro,6.66,6.69,5.96,7.73,312,312
2026-05-25,2026-05-31,False,RS,GNV,R$ / m³,4.949,4.99,4.64,5.65,18,18
2026-05-25,2026-05-31,False,SC,DIESEL,R$ / litro,6.945,6.89,6.09,7.72,64,64
2026-05-25,2026-05-31,False,SC,DIESEL S10,R$ / litro,7.16,7.09,6.58,8.38,119,119
2026-05-25,2026-05-31,False,SC,ETANOL,R$ / litro,4.785,4.78,3.89,5.79,107,107
2026-05-25,2026-05-31,False,SC,GASOLINA,R$ / litro,6.625,6.65,6.09,7.19,165,165
2026-05-25,2026-05-31,False,SC,GASOLINA ADITIVADA,R$ / litro,6.762,6.79,6.09,7.39,158,158
2026-05-25,2026-05-31,False,SC,GNV,R$ / m³,4.658,4.59,4.49,5.46,25,25
2026-05-25,2026-05-31,False,SE,DIESEL,R$ / litro,7.075,6.9,6.9,7.79,17,17
2026-05-25,2026-05-31,False,SE,DIESEL S10,R$ / litro,7.074,6.985,6.98,7.39,18,18
2026-05-25,2026-05-31,False,SE,ETANOL,R$ / litro,5.556,5.5,5.39,5.7,25,25
2026-05-25,2026-05-31,False,SE,GASOLINA,R$ / litro,7.107,7.12,6.99,7.19,41,41
2026-05-25,2026-05-31,False,SE,GASOLINA ADITIVADA,R$ / litro,7.198,7.19,6.99,7.59,35,35
2026-05-25,2026-05-31,False,SE,GNV,R$ / m³,4.873,4.83,4.83,5.15,8,8
2026-05-25,2026-05-31,False,SP,DIESEL,R$ / litro,6.894,6.89,5.99,8.69,464,464
2026-05-25,2026-05-31,False,SP,DIESEL S10,R$ / litro,7.152,7.09,6.19,9.79,837,837
2026-05-25,2026-05-31,False,SP,ETANOL,R$ / litro,3.961,3.94,2.95,6.29,1226,1226
2026-05-25,2026-05-31,False,SP,GASOLINA,R$ / litro,6.49,6.49,5.49,9.69,1239,1239
2026-05-25,2026-05-31,False,SP,GASOLINA ADITIVADA,R$ / litro,6.768,6.69,5.95,9.89,953,953
2026-05-25,2026-05-31,False,SP,GNV,R$ / m³,4.322,4.385,3.59,5.99,44,44
2026-05-25,2026-05-31,False,TO,DIESEL,R$ / litro,7.147,7.15,6.59,7.99,17,17
2026-05-25,2026-05-31,False,TO,DIESEL S10,R$ / litro,7.158,7.19,6.69,7.89,25,25
2026-05-25,2026-05-31,False,TO,ETANOL,R$ / litro,5.346,5.39,4.99,6.03,25,25
2026-05-25,2026-05-31,False,TO,GASOLINA,R$ / litro,7.109,7.09,6.88,7.49,29,29
2026-05-25,2026-05-31,False,TO,GASOLINA ADITIVADA,R$ / litro,7.145,7.09,6.98,7.69,19,19
2026-06-01,2026-06-07,False,AC,DIESEL,R$ / litro,7.937,7.79,7.59,8.75,12,12
2026-06-01,2026-06-07,False,AC,DIESEL S10,R$ / litro,8.246,8.25,7.89,9.27,11,11
2026-06-01,2026-06-07,False,AC,ETANOL,R$ / litro,5.445,5.32,4.97,6.6,11,11
2026-06-01,2026-06-07,False,AC,GASOLINA,R$ / litro,7.379,7.29,7.02,8.46,13,13
2026-06-01,2026-06-07,False,AC,GASOLINA ADITIVADA,R$ / litro,7.424,7.47,7.14,7.59,12,12
2026-06-01,2026-06-07,False,AL,DIESEL,R$ / litro,7.61,7.64,6.79,8.99,8,8
2026-06-01,2026-06-07,False,AL,DIESEL S10,R$ / litro,7.401,7.19,6.79,8.29,27,27
2026-06-01,2026-06-07,False,AL,ETANOL,R$ / litro,5.2,5.04,4.89,5.99,52,52
2026-06-01,2026-06-07,False,AL,GASOLINA,R$ / litro,6.885,6.85,6.39,7.67,58,58
2026-06-01,2026-06-07,False,AL,GASOLINA ADITIVADA,R$ / litro,7.079,6.99,6.59,8.04,40,40
2026-06-01,2026-06-07,False,AL,GNV,R$ / m³,4.225,4.19,3.89,4.94,13,13
2026-06-01,2026-06-07,False,AM,DIESEL,R$ / litro,7.257,7.29,6.99,7.59,15,15
2026-06-01,2026-06-07,False,AM,DIESEL S10,R$ / litro,7.554,7.29,6.99,8.99,40,40
2026-06-01,2026-06-07,False,AM,ETANOL,R$ / litro,4.986,4.99,4.68,5.59,34,34
2026-06-01,2026-06-07,False,AM,GASOLINA,R$ / litro,7.046,6.79,6.49,8.99,53,53
2026-06-01,2026-06-07,False,AM,GASOLINA ADITIVADA,R$ / litro,7.152,6.84,6.69,8.99,43,43
2026-06-01,2026-06-07,False,AM,GNV,R$ / m³,4.99,4.99,4.99,4.99,2,2
2026-06-01,2026-06-07,False,AP,DIESEL S10,R$ / litro,7.002,6.965,6.9,7.18,4,4
2026-06-01,2026-06-07,False,AP,ETANOL,R$ / litro,5.857,5.84,5.84,5.89,3,3
2026-06-01,2026-06-07,False,AP,GASOLINA,R$ / litro,6.492,6.43,6.43,6.79,17,17
2026-06-01,2026-06-07,False,AP,GASOLINA ADITIVADA,R$ / litro,6.835,6.81,6.69,7.03,4,4
2026-06-01,2026-06-07,False,BA,DIESEL,R$ / litro,7.493,7.49,6.69,8.89,135,135
2026-06-01,2026-06-07,False,BA,DIESEL S10,R$ / litro,7.666,7.595,6.89,8.99,166,166
2026-06-01,2026-06-07,False,BA,ETANOL,R$ / litro,5.12,4.99,4.27,6.39,194,194
2026-06-01,2026-06-07,False,BA,GASOLINA,R$ / litro,7.209,7.2,6.65,7.97,220,220
2026-06-01,2026-06-07,False,BA,GASOLINA ADITIVADA,R$ / litro,7.296,7.28,6.67,8.15,159,159
2026-06-01,2026-06-07,False,BA,GNV,R$ / m³,4.432,4.29,4.25,5.03,9,9
2026-06-01,2026-06-07,False,CE,DIESEL,R$ / litro,7.156,7.14,6.5,7.99,24,24
2026-06-01,2026-06-07,False,CE,DIESEL S10,R$ / litro,7.166,7.15,6.15,7.99,126,126
2026-06-01,2026-06-07,False,CE,ETANOL,R$ / litro,5.327,5.29,4.86,6.19,127,127
2026-06-01,2026-06-07,False,CE,GASOLINA,R$ / litro,6.916,6.79,6.48,7.49,143,143
2026-06-01,2026-06-07,False,CE,GASOLINA ADITIVADA,R$ / litro,7.035,6.97,6.65,7.59,120,120
2026-06-01,2026-06-07,False,CE,GNV,R$ / m³,5.15,5.15,5.15,5.15,6,6
2026-06-01,2026-06-07,False,DF,DIESEL,R$ / litro,7.005,6.98,6.64,7.32,13,13
2026-06-01,2026-06-07,False,DF,DIESEL S10,R$ / litro,6.951,6.98,6.69,7.19,13,13
2026-06-01,2026-06-07,False,DF,ETANOL,R$ / litro,4.187,4.19,3.89,4.69,25,25
2026-06-01,2026-06-07,False,DF,GASOLINA,R$ / litro,6.569,6.59,6.29,6.89,49,49
2026-06-01,2026-06-07,False,DF,GASOLINA ADITIVADA,R$ / litro,6.773,6.75,6.39,7.27,42,42
2026-06-01,2026-06-07,False,ES,DIESEL,R$ / litro,6.841,6.89,6.59,7.39,31,31
2026-06-01,2026-06-07,False,ES,DIESEL S10,R$ / litro,6.924,6.89,6.59,7.49,58,58
2026-06-01,2026-06-07,False,ES,ETANOL,R$ / litro,4.925,4.89,4.52,5.89,67,67
2026-06-01,2026-06-07,False,ES,GASOLINA,R$ / litro,6.599,6.39,6.25,7.39,91,91
2026-06-01,2026-06-07,False,ES,GASOLINA ADITIVADA,R$ / litro,6.798,6.745,6.29,7.69,74,74
2026-06-01,2026-06-07,False,ES,GNV,R$ / m³,4.216,4.09,3.99,4.98,11,11
2026-06-01,2026-06-07,False,GO,DIESEL,R$ / litro,6.557,6.55,5.81,7.95,89,89
2026-06-01,2026-06-07,False,GO,DIESEL S10,R$ / litro,6.845,6.79,6.37,7.99,127,127
2026-06-01,2026-06-07,False,GO,ETANOL,R$ / litro,4.326,4.41,3.59,4.77,152,152
2026-06-01,2026-06-07,False,GO,GASOLINA,R$ / litro,6.803,6.89,5.99,7.39,157,157
2026-06-01,2026-06-07,False,GO,GASOLINA ADITIVADA,R$ / litro,6.976,6.97,6.09,7.64,99,99
2026-06-01,2026-06-07,False,MA,DIESEL,R$ / litro,7.078,6.99,6.4,7.71,53,53
2026-06-01,2026-06-07,False,MA,DIESEL S10,R$ / litro,7.208,7.165,6.63,7.8,84,84
2026-06-01,2026-06-07,False,MA,ETANOL,R$ / litro,5.374,5.195,4.88,6.5,58,58
2026-06-01,2026-06-07,False,MA,GASOLINA,R$ / litro,6.765,6.69,6.28,7.6,100,100
2026-06-01,2026-06-07,False,MA,GASOLINA ADITIVADA,R$ / litro,6.887,6.89,6.28,7.89,58,58
2026-06-01,2026-06-07,False,MG,DIESEL,R$ / litro,6.738,6.75,6.08,7.69,235,235
2026-06-01,2026-06-07,False,MG,DIESEL S10,R$ / litro,7.01,6.99,6.25,7.89,338,338
2026-06-01,2026-06-07,False,MG,ETANOL,R$ / litro,4.261,4.29,3.55,5.12,460,460
2026-06-01,2026-06-07,False,MG,GASOLINA,R$ / litro,6.334,6.36,5.54,7.39,480,480
2026-06-01,2026-06-07,False,MG,GASOLINA ADITIVADA,R$ / litro,6.559,6.555,5.74,8.25,308,308
2026-06-01,2026-06-07,False,MG,GNV,R$ / m³,5.192,4.98,4.79,5.79,10,10
2026-06-01,2026-06-07,False,MS,DIESEL,R$ / litro,6.897,6.88,6.19,7.58,24,24
2026-06-01,2026-06-07,False,MS,DIESEL S10,R$ / litro,7.085,6.99,6.69,7.69,25,25
2026-06-01,2026-06-07,False,MS,ETANOL,R$ / litro,4.215,4.285,3.88,4.97,28,28
2026-06-01,2026-06-07,False,MS,GASOLINA,R$ / litro,6.596,6.49,6.17,7.29,44,44
2026-06-01,2026-06-07,False,MS,GASOLINA ADITIVADA,R$ / litro,6.766,6.68,6.19,7.49,35,35
2026-06-01,2026-06-07,False,MS,GNV,R$ / m³,4.69,4.69,4.59,4.79,2,2
2026-06-01,2026-06-07,False,MT,DIESEL,R$ / litro,6.888,6.95,6.03,7.39,49,49
2026-06-01,2026-06-07,False,MT,DIESEL S10,R$ / litro,7.168,7.085,6.77,7.9,54,54
2026-06-01,2026-06-07,False,MT,ETANOL,R$ / litro,3.937,3.99,3.37,4.26,78,78
2026-06-01,2026-06-07,False,MT,GASOLINA,R$ / litro,6.715,6.69,6.27,7.48,80,80
2026-06-01,2026-06-07,False,MT,GASOLINA ADITIVADA,R$ / litro,6.871,6.89,6.27,7.48,48,48
2026-06-01,2026-06-07,False,MT,GNV,R$ / m³,3.99,3.99,3.99,3.99,3,3
2026-06-01,2026-06-07,False,PA,DIESEL,R$ / litro,7.292,7.24,6.29,8.34,46,46
2026-06-01,2026-06-07,False,PA,DIESEL S10,R$ / litro,7.427,7.365,6.65,8.54,74,74
2026-06-01,2026-06-07,False,PA,ETANOL,R$ / litro,5.232,5.29,4.55,6.09,43,43
2026-06-01,2026-06-07,False,PA,GASOLINA,R$ / litro,6.906,6.95,6.31,8.11,97,97
2026-06-01,2026-06-07,False,PA,GASOLINA ADITIVADA,R$ / litro,7.078,7.045,6.57,8.08,60,60
2026-06-01,2026-06-07,False,PB,DIESEL,R$ / litro,6.873,6.89,6.37,7.4,30,30
2026-06-01,2026-06-07,False,PB,DIESEL S10,R$ / litro,7.158,7.09,6.85,7.65,50,50
2026-06-01,2026-06-07,False,PB,ETANOL,R$ / litro,4.859,4.79,4.49,5.39,56,56
2026-06-01,2026-06-07,False,PB,GASOLINA,R$ / litro,6.534,6.49,6.27,7.1,67,67
2026-06-01,2026-06-07,False,PB,GASOLINA ADITIVADA,R$ / litro,6.674,6.69,6.38,6.89,46,46
2026-06-01,2026-06-07,False,PB,GNV,R$ / m³,4.944,4.86,4.85,5.21,12,12
2026-06-01,2026-06-07,False,PE,DIESEL,R$ / litro,7.501,7.59,6.97,7.69,7,7
2026-06-01,2026-06-07,False,PE,DIESEL S10,R$ / litro,7.059,6.99,6.48,7.99,156,156
2026-06-01,2026-06-07,False,PE,ETANOL,R$ / litro,5.348,5.49,4.69,6.59,160,160
2026-06-01,2026-06-07,False,PE,GASOLINA,R$ / litro,6.996,7.02,6.36,7.99,189,189
2026-06-01,2026-06-07,False,PE,GASOLINA ADITIVADA,R$ / litro,7.134,7.185,6.37,7.78,140,140
2026-06-01,2026-06-07,False,PE,GNV,R$ / m³,4.69,4.69,4.68,4.69,29,29
2026-06-01,2026-06-07,False,PI,DIESEL,R$ / litro,7.148,7.09,6.32,7.6,21,21
2026-06-01,2026-06-07,False,PI,DIESEL S10,R$ / litro,7.326,7.32,6.94,7.9,29,29
2026-06-01,2026-06-07,False,PI,ETANOL,R$ / litro,4.992,4.99,4.49,5.4,20,20
2026-06-01,2026-06-07,False,PI,GASOLINA,R$ / litro,6.696,6.69,5.79,6.99,35,35
2026-06-01,2026-06-07,False,PI,GASOLINA ADITIVADA,R$ / litro,6.919,6.87,6.46,7.39,19,19
2026-06-01,2026-06-07,False,PR,DIESEL,R$ / litro,6.647,6.595,5.79,7.69,136,136
2026-06-01,2026-06-07,False,PR,DIESEL S10,R$ / litro,7.124,6.99,6.49,8.25,201,201
2026-06-01,2026-06-07,False,PR,ETANOL,R$ / litro,4.333,4.29,3.54,4.99,295,295
2026-06-01,2026-06-07,False,PR,GASOLINA,R$ / litro,6.675,6.69,5.99,7.39,293,293
2026-06-01,2026-06-07,False,PR,GASOLINA ADITIVADA,R$ / litro,6.838,6.89,6.07,7.6,233,233
2026-06-01,2026-06-07,False,PR,GNV,R$ / m³,4.578,4.49,4.29,4.99,5,5
2026-06-01,2026-06-07,False,RJ,DIESEL,R$ / litro,7.088,6.975,6.34,7.99,120,120
2026-06-01,2026-06-07,False,RJ,DIESEL S10,R$ / litro,7.195,7.09,5.69,8.19,227,227
2026-06-01,2026-06-07,False,RJ,ETANOL,R$ / litro,4.939,4.89,4.19,6.09,294,294
2026-06-01,2026-06-07,False,RJ,GASOLINA,R$ / litro,6.684,6.645,5.64,7.99,336,336
2026-06-01,2026-06-07,False,RJ,GASOLINA ADITIVADA,R$ / litro,6.858,6.82,6.09,8.19,303,303
2026-06-01,2026-06-07,False,RJ,GNV,R$ / m³,4.67,4.49,3.99,6.49,159,159
2026-06-01,2026-06-07,False,RN,DIESEL,R$ / litro,7.219,7.19,6.88,7.59,17,17
2026-06-01,2026-06-07,False,RN,DIESEL S10,R$ / litro,7.3,7.33,6.89,7.89,32,32
2026-06-01,2026-06-07,False,RN,ETANOL,R$ / litro,5.593,5.59,4.98,6.29,34,34
2026-06-01,2026-06-07,False,RN,GASOLINA,R$ / litro,6.745,6.75,6.45,7.59,38,38
2026-06-01,2026-06-07,False,RN,GASOLINA ADITIVADA,R$ / litro,6.814,6.79,6.45,7.29,30,30
2026-06-01,2026-06-07,False,RN,GNV,R$ / m³,5.09,5.09,5.09,5.09,4,4
2026-06-01,2026-06-07,False,RO,DIESEL,R$ / litro,7.276,7.31,6.6,7.88,36,36
2026-06-01,2026-06-07,False,RO,DIESEL S10,R$ / litro,7.417,7.37,6.89,8.39,45,45
2026-06-01,2026-06-07,False,RO,ETANOL,R$ / litro,5.634,5.6,5.29,5.99,31,31
2026-06-01,2026-06-07,False,RO,GASOLINA,R$ / litro,7.403,7.4,7.18,7.89,51,51
2026-06-01,2026-06-07,False,RO,GASOLINA ADITIVADA,R$ / litro,7.505,7.49,7.22,7.99,47,47
2026-06-01,2026-06-07,False,RR,DIESEL,R$ / litro,7.636,7.64,7.45,7.7,13,13
2026-06-01,2026-06-07,False,RR,DIESEL S10,R$ / litro,7.677,7.7,7.45,7.75,11,11
2026-06-01,2026-06-07,False,RR,ETANOL,R$ / litro,5.502,5.49,5.49,5.59,8,8
2026-06-01,2026-06-07,False,RR,GASOLINA,R$ / litro,7.7,7.7,7.7,7.7,15,15
2026-06-01,2026-06-07,False,RR,GASOLINA ADITIVADA,R$ / litro,7.803,7.8,7.79,7.84,15,15
2026-06-01,2026-06-07,False,RS,DIESEL,R$ / litro,6.794,6.79,5.96,7.99,191,191
2026-06-01,2026-06-07,False,RS,DIESEL S10,R$ / litro,6.956,6.89,6.29,8.04,216,216
2026-06-01,2026-06-07,False,RS,ETANOL,R$ / litro,4.986,4.99,4.25,6.16,165,165
2026-06-01,2026-06-07,False,RS,GASOLINA,R$ / litro,6.44,6.39,5.89,7.66,329,329
2026-06-01,2026-06-07,False,RS,GASOLINA ADITIVADA,R$ / litro,6.638,6.605,5.93,7.79,310,310
2026-06-01,2026-06-07,False,RS,GNV,R$ / m³,4.915,4.89,4.59,5.81,21,21
2026-06-01,2026-06-07,False,SC,DIESEL,R$ / litro,6.897,6.89,6.09,7.72,64,64
2026-06-01,2026-06-07,False,SC,DIESEL S10,R$ / litro,7.109,6.99,6.58,7.99,113,113
2026-06-01,2026-06-07,False,SC,ETANOL,R$ / litro,4.771,4.69,3.89,6.36,112,112
2026-06-01,2026-06-07,False,SC,GASOLINA,R$ / litro,6.606,6.67,6.05,7.19,162,162
2026-06-01,2026-06-07,False,SC,GASOLINA ADITIVADA,R$ / litro,6.754,6.79,6.05,7.83,155,155
2026-06-01,2026-06-07,False,SC,GNV,R$ / m³,4.644,4.59,4.49,5.46,27,27
2026-06-01,2026-06-07,False,SE,DIESEL,R$ / litro,7.066,6.9,6.9,7.79,15,15
2026-06-01,2026-06-07,False,SE,DIESEL S10,R$ / litro,7.085,6.98,6.98,7.39,21,21
2026-06-01,2026-06-07,False,SE,ETANOL,R$ / litro,5.551,5.5,5.35,5.7,25,25
2026-06-01,2026-06-07,False,SE,GASOLINA,R$ / litro,7.105,7.12,6.99,7.19,41,41
2026-06-01,2026-06-07,False,SE,GASOLINA ADITIVADA,R$ / litro,7.2,7.19,6.99,7.59,35,35
2026-06-01,2026-06-07,False,SE,GNV,R$ / m³,4.87,4.83,4.83,5.15,8,8
2026-06-01,2026-06-07,False,SP,DIESEL,R$ / litro,6.849,6.79,5.99,8.69,445,445
2026-06-01,2026-06-07,False,SP,DIESEL S10,R$ / litro,7.128,6.99,5.99,9.79,837,837
2026-06-01,2026-06-07,False,SP,ETANOL,R$ / litro,3.907,3.89,2.94,6.29,1220,1220
2026-06-01,2026-06-07,False,SP,GASOLINA,R$ / litro,6.476,6.49,5.49,9.69,1225,1225
2026-06-01,2026-06-07,False,SP,GASOLINA ADITIVADA,R$ / litro,6.759,6.69,5.89,9.89,936,936
2026-06-01,2026-06-07,False,SP,GNV,R$ / m³,4.308,4.19,3.69,5.99,47,47
2026-06-01,2026-06-07,False,TO,DIESEL,R$ / litro,7.027,6.99,6.39,7.99,28,28
2026-06-01,2026-06-07,False,TO,DIESEL S10,R$ / litro,7.126,7.06,6.68,7.8,39,39
2026-06-01,2026-06-07,False,TO,ETANOL,R$ / litro,5.276,5.315,4.85,6.03,40,40
2026-06-01,2026-06-07,False,TO,GASOLINA,R$ / litro,7.057,6.99,6.55,7.49,48,48
2026-06-01,2026-06-07,False,TO,GASOLINA ADITIVADA,R$ / litro,7.188,7.185,6.55,7.69,34,34
2026-06-08,2026-06-14,False,AC,DIESEL,R$ / litro,7.982,7.94,7.59,8.45,6,6
2026-06-08,2026-06-14,False,AC,DIESEL S10,R$ / litro,8.188,8.23,7.95,8.29,5,5
2026-06-08,2026-06-14,False,AC,ETANOL,R$ / litro,5.326,5.19,4.97,5.89,5,5
2026-06-08,2026-06-14,False,AC,GASOLINA,R$ / litro,7.466,7.39,7.15,8.46,7,7
2026-06-08,2026-06-14,False,AC,GASOLINA ADITIVADA,R$ / litro,7.563,7.49,7.24,8.59,7,7
2026-06-08,2026-06-14,False,AL,DIESEL,R$ / litro,8.099,8.19,7.49,8.99,7,7
2026-06-08,2026-06-14,False,AL,DIESEL S10,R$ / litro,7.291,7.08,6.79,8.26,24,24
2026-06-08,2026-06-14,False,AL,ETANOL,R$ / litro,5.108,4.99,4.69,5.99,52,52
2026-06-08,2026-06-14,False,AL,GASOLINA,R$ / litro,6.876,6.92,6.39,7.67,59,59
2026-06-08,2026-06-14,False,AL,GASOLINA ADITIVADA,R$ / litro,7.064,6.99,6.59,8.04,40,40
2026-06-08,2026-06-14,False,AL,GNV,R$ / m³,4.173,4.19,3.99,4.19,12,12
2026-06-08,2026-06-14,False,AM,DIESEL,R$ / litro,7.205,6.99,6.99,7.59,13,13
2026-06-08,2026-06-14,False,AM,DIESEL S10,R$ / litro,7.465,7.29,6.99,8.99,39,39
2026-06-08,2026-06-14,False,AM,ETANOL,R$ / litro,4.988,4.99,4.49,5.59,33,33
2026-06-08,2026-06-14,False,AM,GASOLINA,R$ / litro,7.03,6.79,6.48,8.99,53,53
2026-06-08,2026-06-14,False,AM,GASOLINA ADITIVADA,R$ / litro,7.146,6.84,6.59,8.99,42,42
2026-06-08,2026-06-14,False,AM,GNV,R$ / m³,4.99,4.99,4.99,4.99,2,2
2026-06-08,2026-06-14,False,AP,DIESEL S10,R$ / litro,7.182,6.975,6.9,7.85,8,8
2026-06-08,2026-06-14,False,AP,ETANOL,R$ / litro,5.98,5.89,5.84,6.21,3,3
2026-06-08,2026-06-14,False,AP,GASOLINA,R$ / litro,6.513,6.43,6.43,6.95,17,17
2026-06-08,2026-06-14,False,AP,GASOLINA ADITIVADA,R$ / litro,6.728,6.715,6.69,6.79,4,4
2026-06-08,2026-06-14,False,BA,DIESEL,R$ / litro,7.449,7.45,6.74,8.89,137,137
2026-06-08,2026-06-14,False,BA,DIESEL S10,R$ / litro,7.607,7.59,6.97,8.99,166,166
2026-06-08,2026-06-14,False,BA,ETANOL,R$ / litro,5.049,4.97,4.2,5.99,203,203
2026-06-08,2026-06-14,False,BA,GASOLINA,R$ / litro,7.167,7.09,6.52,7.97,228,228
2026-06-08,2026-06-14,False,BA,GASOLINA ADITIVADA,R$ / litro,7.255,7.24,6.67,8.15,167,167
2026-06-08,2026-06-14,False,BA,GNV,R$ / m³,4.618,4.39,4.25,6.19,13,13
2026-06-08,2026-06-14,False,CE,DIESEL,R$ / litro,7.152,7.125,6.58,7.89,18,18
2026-06-08,2026-06-14,False,CE,DIESEL S10,R$ / litro,7.15,7.08,6.15,7.99,116,116
2026-06-08,2026-06-14,False,CE,ETANOL,R$ / litro,5.297,5.25,4.86,6.19,114,114
2026-06-08,2026-06-14,False,CE,GASOLINA,R$ / litro,6.996,6.97,6.63,7.6,128,128
2026-06-08,2026-06-14,False,CE,GASOLINA ADITIVADA,R$ / litro,7.088,7.07,6.69,7.6,115,115
2026-06-08,2026-06-14,False,CE,GNV,R$ / m³,5.15,5.15,5.15,5.15,7,7
2026-06-08,2026-06-14,False,DF,DIESEL,R$ / litro,7.005,6.98,6.64,7.32,13,13
2026-06-08,2026-06-14,False,DF,DIESEL S10,R$ / litro,6.953,6.98,6.69,7.19,14,14
2026-06-08,2026-06-14,False,DF,ETANOL,R$ / litro,4.118,3.99,3.79,4.55,24,24
2026-06-08,2026-06-14,False,DF,GASOLINA,R$ / litro,6.506,6.59,6.17,6.97,50,50
2026-06-08,2026-06-14,False,DF,GASOLINA ADITIVADA,R$ / litro,6.714,6.65,6.29,7.27,42,42
2026-06-08,2026-06-14,False,ES,DIESEL,R$ / litro,6.804,6.89,6.09,7.15,24,24
2026-06-08,2026-06-14,False,ES,DIESEL S10,R$ / litro,6.894,6.89,6.19,7.39,42,42
2026-06-08,2026-06-14,False,ES,ETANOL,R$ / litro,4.858,4.85,4.52,5.89,53,53
2026-06-08,2026-06-14,False,ES,GASOLINA,R$ / litro,6.497,6.39,6.22,6.99,74,74
2026-06-08,2026-06-14,False,ES,GASOLINA ADITIVADA,R$ / litro,6.695,6.69,6.29,7.39,68,68
2026-06-08,2026-06-14,False,ES,GNV,R$ / m³,4.231,4.29,3.99,4.29,9,9
2026-06-08,2026-06-14,False,GO,DIESEL,R$ / litro,6.514,6.49,5.81,7.95,94,94
2026-06-08,2026-06-14,False,GO,DIESEL S10,R$ / litro,6.849,6.79,6.29,7.99,134,134
2026-06-08,2026-06-14,False,GO,ETANOL,R$ / litro,4.346,4.39,3.55,4.94,165,165
2026-06-08,2026-06-14,False,GO,GASOLINA,R$ / litro,6.808,6.89,5.89,7.39,167,167
2026-06-08,2026-06-14,False,GO,GASOLINA ADITIVADA,R$ / litro,6.997,6.99,5.99,7.64,98,98
2026-06-08,2026-06-14,False,MA,DIESEL,R$ / litro,7.136,6.99,6.4,8.09,47,47
2026-06-08,2026-06-14,False,MA,DIESEL S10,R$ / litro,7.251,7.19,6.63,8.09,85,85
2026-06-08,2026-06-14,False,MA,ETANOL,R$ / litro,5.341,5.2,4.85,6.29,57,57
2026-06-08,2026-06-14,False,MA,GASOLINA,R$ / litro,6.846,6.75,6.34,7.71,101,101
2026-06-08,2026-06-14,False,MA,GASOLINA ADITIVADA,R$ / litro,6.944,6.89,6.38,7.73,59,59
2026-06-08,2026-06-14,False,MG,DIESEL,R$ / litro,6.701,6.69,5.99,7.69,223,223
2026-06-08,2026-06-14,False,MG,DIESEL S10,R$ / litro,6.99,6.98,5.99,8.34,329,329
2026-06-08,2026-06-14,False,MG,ETANOL,R$ / litro,4.24,4.19,3.5,5.12,443,443
2026-06-08,2026-06-14,False,MG,GASOLINA,R$ / litro,6.358,6.39,5.49,7.39,467,467
2026-06-08,2026-06-14,False,MG,GASOLINA ADITIVADA,R$ / litro,6.589,6.59,5.74,8.25,297,297
2026-06-08,2026-06-14,False,MG,GNV,R$ / m³,5.264,5.19,4.79,5.79,7,7
2026-06-08,2026-06-14,False,MS,DIESEL,R$ / litro,6.861,6.79,6.43,7.58,21,21
2026-06-08,2026-06-14,False,MS,DIESEL S10,R$ / litro,7.118,7.07,6.75,7.69,22,22
2026-06-08,2026-06-14,False,MS,ETANOL,R$ / litro,4.201,4.265,3.8,4.97,28,28
2026-06-08,2026-06-14,False,MS,GASOLINA,R$ / litro,6.599,6.49,6.17,7.29,45,45
2026-06-08,2026-06-14,False,MS,GASOLINA ADITIVADA,R$ / litro,6.771,6.685,6.19,7.49,34,34
2026-06-08,2026-06-14,False,MS,GNV,R$ / m³,4.69,4.69,4.59,4.79,2,2
2026-06-08,2026-06-14,False,MT,DIESEL,R$ / litro,6.931,6.99,6.03,7.39,51,51
2026-06-08,2026-06-14,False,MT,DIESEL S10,R$ / litro,7.219,7.27,6.69,7.9,57,57
2026-06-08,2026-06-14,False,MT,ETANOL,R$ / litro,3.879,3.975,3.31,4.09,84,84
2026-06-08,2026-06-14,False,MT,GASOLINA,R$ / litro,6.779,6.77,6.2,7.48,84,84
2026-06-08,2026-06-14,False,MT,GASOLINA ADITIVADA,R$ / litro,6.946,6.99,6.37,7.48,50,50
2026-06-08,2026-06-14,False,MT,GNV,R$ / m³,3.99,3.99,3.99,3.99,2,2
2026-06-08,2026-06-14,False,PA,DIESEL,R$ / litro,7.322,7.26,6.29,8.75,45,45
2026-06-08,2026-06-14,False,PA,DIESEL S10,R$ / litro,7.406,7.3,6.63,8.8,79,79
2026-06-08,2026-06-14,False,PA,ETANOL,R$ / litro,5.154,5.29,4.19,6.09,50,50
2026-06-08,2026-06-14,False,PA,GASOLINA,R$ / litro,6.841,6.85,6.12,7.75,105,105
2026-06-08,2026-06-14,False,PA,GASOLINA ADITIVADA,R$ / litro,7.026,6.99,6.17,7.8,67,67
2026-06-08,2026-06-14,False,PB,DIESEL,R$ / litro,6.861,6.89,6.37,7.19,30,30
2026-06-08,2026-06-14,False,PB,DIESEL S10,R$ / litro,7.165,7.09,6.88,7.49,49,49
2026-06-08,2026-06-14,False,PB,ETANOL,R$ / litro,4.853,4.79,4.57,5.39,56,56
2026-06-08,2026-06-14,False,PB,GASOLINA,R$ / litro,6.57,6.49,6.26,6.99,67,67
2026-06-08,2026-06-14,False,PB,GASOLINA ADITIVADA,R$ / litro,6.723,6.79,6.38,6.99,45,45
2026-06-08,2026-06-14,False,PB,GNV,R$ / m³,4.944,4.86,4.85,5.21,12,12
2026-06-08,2026-06-14,False,PE,DIESEL,R$ / litro,7.442,7.59,6.99,7.69,9,9
2026-06-08,2026-06-14,False,PE,DIESEL S10,R$ / litro,7.059,6.99,6.69,7.91,146,146
2026-06-08,2026-06-14,False,PE,ETANOL,R$ / litro,5.312,5.45,4.54,5.69,149,149
2026-06-08,2026-06-14,False,PE,GASOLINA,R$ / litro,7.024,6.99,6.49,7.65,172,172
2026-06-08,2026-06-14,False,PE,GASOLINA ADITIVADA,R$ / litro,7.16,7.15,6.49,7.78,131,131
2026-06-08,2026-06-14,False,PE,GNV,R$ / m³,4.69,4.69,4.69,4.69,25,25
2026-06-08,2026-06-14,False,PI,DIESEL,R$ / litro,7.174,7.14,6.32,7.89,18,18
2026-06-08,2026-06-14,False,PI,DIESEL S10,R$ / litro,7.41,7.39,6.99,8.03,26,26
2026-06-08,2026-06-14,False,PI,ETANOL,R$ / litro,4.983,4.99,4.78,5.4,26,26
2026-06-08,2026-06-14,False,PI,GASOLINA,R$ / litro,6.742,6.69,6.09,7.59,43,43
2026-06-08,2026-06-14,False,PI,GASOLINA ADITIVADA,R$ / litro,6.994,6.98,6.68,7.59,29,29
2026-06-08,2026-06-14,False,PR,DIESEL,R$ / litro,6.589,6.58,5.79,7.69,121,121
2026-06-08,2026-06-14,False,PR,DIESEL S10,R$ / litro,7.089,6.99,6.49,8.25,165,165
2026-06-08,2026-06-14,False,PR,ETANOL,R$ / litro,4.35,4.34,3.54,4.99,250,250
2026-06-08,2026-06-14,False,PR,GASOLINA,R$ / litro,6.713,6.69,5.89,7.39,255,255
2026-06-08,2026-06-14,False,PR,GASOLINA ADITIVADA,R$ / litro,6.878,6.89,5.89,7.6,196,196
2026-06-08,2026-06-14,False,PR,GNV,R$ / m³,4.488,4.465,4.29,4.73,4,4
2026-06-08,2026-06-14,False,RJ,DIESEL,R$ / litro,7.049,6.96,6.29,7.99,116,116
2026-06-08,2026-06-14,False,RJ,DIESEL S10,R$ / litro,7.161,6.99,5.69,8.19,210,210
2026-06-08,2026-06-14,False,RJ,ETANOL,R$ / litro,4.919,4.89,4.28,5.89,283,283
2026-06-08,2026-06-14,False,RJ,GASOLINA,R$ / litro,6.699,6.69,5.99,7.99,328,328
2026-06-08,2026-06-14,False,RJ,GASOLINA ADITIVADA,R$ / litro,6.869,6.85,6.09,8.19,296,296
2026-06-08,2026-06-14,False,RJ,GNV,R$ / m³,4.595,4.45,3.99,6.49,159,159
2026-06-08,2026-06-14,False,RN,DIESEL,R$ / litro,7.204,7.18,6.79,7.59,21,21
2026-06-08,2026-06-14,False,RN,DIESEL S10,R$ / litro,7.324,7.345,6.89,7.89,38,38
2026-06-08,2026-06-14,False,RN,ETANOL,R$ / litro,5.584,5.585,4.98,6.29,42,42
2026-06-08,2026-06-14,False,RN,GASOLINA,R$ / litro,6.788,6.765,6.45,7.59,44,44
2026-06-08,2026-06-14,False,RN,GASOLINA ADITIVADA,R$ / litro,6.856,6.86,6.45,7.69,37,37
2026-06-08,2026-06-14,False,RN,GNV,R$ / m³,5.088,5.09,5.08,5.09,4,4
2026-06-08,2026-06-14,False,RO,DIESEL,R$ / litro,7.26,7.31,6.6,7.94,41,41
2026-06-08,2026-06-14,False,RO,DIESEL S10,R$ / litro,7.424,7.39,6.89,8.39,56,56
2026-06-08,2026-06-14,False,RO,ETANOL,R$ / litro,5.593,5.57,5.09,5.99,35,35
2026-06-08,2026-06-14,False,RO,GASOLINA,R$ / litro,7.357,7.39,7.06,7.5,59,59
2026-06-08,2026-06-14,False,RO,GASOLINA ADITIVADA,R$ / litro,7.476,7.49,7.22,7.98,55,55
2026-06-08,2026-06-14,False,RR,DIESEL,R$ / litro,7.483,7.45,7.45,7.64,13,13
2026-06-08,2026-06-14,False,RR,DIESEL S10,R$ / litro,7.527,7.5,7.45,7.7,11,11
2026-06-08,2026-06-14,False,RR,ETANOL,R$ / litro,5.472,5.45,5.45,5.59,8,8
2026-06-08,2026-06-14,False,RR,GASOLINA,R$ / litro,7.699,7.7,7.69,7.7,15,15
2026-06-08,2026-06-14,False,RR,GASOLINA ADITIVADA,R$ / litro,7.8,7.79,7.79,7.84,15,15
2026-06-08,2026-06-14,False,RS,DIESEL,R$ / litro,6.727,6.69,5.86,7.99,185,185
2026-06-08,2026-06-14,False,RS,DIESEL S10,R$ / litro,6.925,6.89,6.29,8.04,213,213
2026-06-08,2026-06-14,False,RS,ETANOL,R$ / litro,4.951,4.89,4.19,6.06,152,152
2026-06-08,2026-06-14,False,RS,GASOLINA,R$ / litro,6.428,6.39,5.84,7.66,322,322
2026-06-08,2026-06-14,False,RS,GASOLINA ADITIVADA,R$ / litro,6.641,6.67,5.93,7.66,305,305
2026-06-08,2026-06-14,False,RS,GNV,R$ / m³,4.968,4.99,4.64,5.81,17,17
2026-06-08,2026-06-14,False,SC,DIESEL,R$ / litro,6.851,6.79,6.09,7.72,69,69
2026-06-08,2026-06-14,False,SC,DIESEL S10,R$ / litro,7.104,6.99,6.54,8.38,122,122
2026-06-08,2026-06-14,False,SC,ETANOL,R$ / litro,4.712,4.69,3.89,6.36,117,117
2026-06-08,2026-06-14,False,SC,GASOLINA,R$ / litro,6.583,6.59,5.85,7.19,173,173
2026-06-08,2026-06-14,False,SC,GASOLINA ADITIVADA,R$ / litro,6.725,6.77,6.05,7.39,166,166
2026-06-08,2026-06-14,False,SC,GNV,R$ / m³,4.636,4.56,4.49,5.46,28,28
2026-06-08,2026-06-14,False,SE,DIESEL,R$ / litro,7.046,6.9,6.9,7.79,14,14
2026-06-08,2026-06-14,False,SE,DIESEL S10,R$ / litro,7.076,6.98,6.98,7.39,22,22
2026-06-08,2026-06-14,False,SE,ETANOL,R$ / litro,5.547,5.5,5.39,5.7,24,24
2026-06-08,2026-06-14,False,SE,GASOLINA,R$ / litro,7.098,7.12,6.99,7.19,39,39
2026-06-08,2026-06-14,False,SE,GASOLINA ADITIVADA,R$ / litro,7.191,7.19,6.99,7.59,35,35
2026-06-08,2026-06-14,False,SE,GNV,R$ / m³,4.83,4.83,4.83,4.83,6,6
2026-06-08,2026-06-14,False,SP,DIESEL,R$ / litro,6.797,6.79,5.99,8.69,419,419
2026-06-08,2026-06-14,False,SP,DIESEL S10,R$ / litro,7.125,6.99,5.99,9.79,809,809
2026-06-08,2026-06-14,False,SP,ETANOL,R$ / litro,3.885,3.89,2.96,6.29,1177,1177
2026-06-08,2026-06-14,False,SP,GASOLINA,R$ / litro,6.477,6.49,5.49,9.69,1184,1184
2026-06-08,2026-06-14,False,SP,GASOLINA ADITIVADA,R$ / litro,6.763,6.69,5.89,9.89,917,917
2026-06-08,2026-06-14,False,SP,GNV,R$ / m³,4.366,4.435,3.69,5.99,52,52
2026-06-08,2026-06-14,False,TO,DIESEL,R$ / litro,7.028,6.99,6.39,7.99,31,31
2026-06-08,2026-06-14,False,TO,DIESEL S10,R$ / litro,7.105,6.99,6.55,7.89,42,42
2026-06-08,2026-06-14,False,TO,ETANOL,R$ / litro,5.215,5.29,4.75,6.03,40,40
2026-06-08,2026-06-14,False,TO,GASOLINA,R$ / litro,7.091,6.99,6.55,7.89,49,49
2026-06-08,2026-06-14,False,TO,GASOLINA ADITIVADA,R$ / litro,7.195,7.19,6.55,7.49,32,32
2026-06-15,2026-06-21,False,AC,DIESEL,R$ / litro,7.998,7.79,7.41,8.77,12,12
2026-06-15,2026-06-21,False,AC,DIESEL S10,R$ / litro,8.342,8.22,7.89,9.27,10,10
2026-06-15,2026-06-21,False,AC,ETANOL,R$ / litro,5.51,5.32,4.99,6.6,11,11
2026-06-15,2026-06-21,False,AC,GASOLINA,R$ / litro,7.58,7.39,7.14,8.46,13,13
2026-06-15,2026-06-21,False,AC,GASOLINA ADITIVADA,R$ / litro,7.695,7.49,7.25,8.59,13,13
2026-06-15,2026-06-21,False,AL,DIESEL,R$ / litro,7.762,7.79,6.79,8.99,5,5
2026-06-15,2026-06-21,False,AL,DIESEL S10,R$ / litro,7.335,6.99,6.79,8.26,24,24
2026-06-15,2026-06-21,False,AL,ETANOL,R$ / litro,5.007,4.99,4.57,5.79,46,46
2026-06-15,2026-06-21,False,AL,GASOLINA,R$ / litro,6.84,6.785,6.29,7.67,50,50
2026-06-15,2026-06-21,False,AL,GASOLINA ADITIVADA,R$ / litro,7.038,6.99,6.59,8.04,35,35
2026-06-15,2026-06-21,False,AL,GNV,R$ / m³,4.172,4.19,3.99,4.19,11,11
2026-06-15,2026-06-21,False,AM,DIESEL,R$ / litro,7.183,6.99,6.99,7.59,14,14
2026-06-15,2026-06-21,False,AM,DIESEL S10,R$ / litro,7.426,7.285,6.99,8.99,40,40
2026-06-15,2026-06-21,False,AM,ETANOL,R$ / litro,5.03,4.99,4.68,5.59,35,35
2026-06-15,2026-06-21,False,AM,GASOLINA,R$ / litro,7.179,6.99,6.49,8.99,53,53
2026-06-15,2026-06-21,False,AM,GASOLINA ADITIVADA,R$ / litro,7.309,7.09,6.59,8.99,41,41
2026-06-15,2026-06-21,False,AM,GNV,R$ / m³,4.99,4.99,4.99,4.99,2,2
2026-06-15,2026-06-21,False,AP,DIESEL S10,R$ / litro,7.28,6.98,6.9,7.85,5,5
2026-06-15,2026-06-21,False,AP,ETANOL,R$ / litro,5.84,5.84,5.84,5.84,2,2
2026-06-15,2026-06-21,False,AP,GASOLINA,R$ / litro,6.507,6.43,6.43,6.75,17,17
2026-06-15,2026-06-21,False,AP,GASOLINA ADITIVADA,R$ / litro,6.815,6.815,6.79,6.84,2,2
2026-06-15,2026-06-21,False,BA,DIESEL,R$ / litro,7.477,7.49,6.77,8.89,138,138
2026-06-15,2026-06-21,False,BA,DIESEL S10,R$ / litro,7.648,7.645,6.87,8.99,164,164
2026-06-15,2026-06-21,False,BA,ETANOL,R$ / litro,5.067,4.99,4.24,5.99,190,190
2026-06-15,2026-06-21,False,BA,GASOLINA,R$ / litro,7.189,7.11,6.47,7.97,213,213
2026-06-15,2026-06-21,False,BA,GASOLINA ADITIVADA,R$ / litro,7.267,7.235,6.67,8.15,150,150
2026-06-15,2026-06-21,False,BA,GNV,R$ / m³,4.669,4.3,4.25,6.19,11,11
2026-06-15,2026-06-21,False,CE,DIESEL,R$ / litro,7.193,7.29,6.68,7.99,21,21
2026-06-15,2026-06-21,False,CE,DIESEL S10,R$ / litro,7.215,7.25,6.15,7.99,122,122
2026-06-15,2026-06-21,False,CE,ETANOL,R$ / litro,5.294,5.29,4.85,5.99,118,118
2026-06-15,2026-06-21,False,CE,GASOLINA,R$ / litro,7.012,6.99,6.63,7.6,132,132
2026-06-15,2026-06-21,False,CE,GASOLINA ADITIVADA,R$ / litro,7.118,7.09,6.69,7.6,117,117
2026-06-15,2026-06-21,False,CE,GNV,R$ / m³,5.15,5.15,5.15,5.15,1,1
2026-06-15,2026-06-21,False,DF,DIESEL,R$ / litro,6.98,6.98,6.98,6.98,1,1
2026-06-15,2026-06-21,False,DF,DIESEL S10,R$ / litro,7.085,7.085,6.98,7.19,2,2
2026-06-15,2026-06-21,False,DF,ETANOL,R$ / litro,4.24,4.24,3.99,4.49,2,2
2026-06-15,2026-06-21,False,DF,GASOLINA,R$ / litro,6.631,6.65,6.19,6.69,15,15
2026-06-15,2026-06-21,False,DF,GASOLINA ADITIVADA,R$ / litro,6.82,6.84,6.29,7.13,10,10
2026-06-15,2026-06-21,False,ES,DIESEL,R$ / litro,6.835,6.89,6.59,7.39,31,31
2026-06-15,2026-06-21,False,ES,DIESEL S10,R$ / litro,6.921,6.89,6.59,7.49,53,53
2026-06-15,2026-06-21,False,ES,ETANOL,R$ / litro,4.877,4.82,4.49,5.89,64,64
2026-06-15,2026-06-21,False,ES,GASOLINA,R$ / litro,6.684,6.675,6.29,7.45,88,88
2026-06-15,2026-06-21,False,ES,GASOLINA ADITIVADA,R$ / litro,6.885,6.87,6.35,7.6,75,75
2026-06-15,2026-06-21,False,ES,GNV,R$ / m³,4.36,4.29,3.99,4.79,11,11
2026-06-15,2026-06-21,False,GO,DIESEL,R$ / litro,6.494,6.49,5.87,7.95,83,83
2026-06-15,2026-06-21,False,GO,DIESEL S10,R$ / litro,6.872,6.84,6.39,7.99,126,126
2026-06-15,2026-06-21,False,GO,ETANOL,R$ / litro,4.294,4.39,3.69,4.74,153,153
2026-06-15,2026-06-21,False,GO,GASOLINA,R$ / litro,6.802,6.85,6.09,7.39,159,159
2026-06-15,2026-06-21,False,GO,GASOLINA ADITIVADA,R$ / litro,6.986,6.99,6.19,7.59,97,97
2026-06-15,2026-06-21,False,MA,DIESEL,R$ / litro,7.072,6.98,6.4,8.09,48,48
2026-06-15,2026-06-21,False,MA,DIESEL S10,R$ / litro,7.218,7.11,6.63,8.09,92,92
2026-06-15,2026-06-21,False,MA,ETANOL,R$ / litro,5.33,5.245,4.87,6.1,58,58
2026-06-15,2026-06-21,False,MA,GASOLINA,R$ / litro,6.923,6.92,6.05,7.89,102,102
2026-06-15,2026-06-21,False,MA,GASOLINA ADITIVADA,R$ / litro,7.039,6.99,6.46,7.89,62,62
2026-06-15,2026-06-21,False,MG,DIESEL,R$ / litro,6.708,6.69,5.99,7.69,240,240
2026-06-15,2026-06-21,False,MG,DIESEL S10,R$ / litro,7.012,6.99,6.25,8.29,339,339
2026-06-15,2026-06-21,False,MG,ETANOL,R$ / litro,4.196,4.16,3.49,4.99,470,470
2026-06-15,2026-06-21,False,MG,GASOLINA,R$ / litro,6.376,6.39,5.49,7.29,497,497
2026-06-15,2026-06-21,False,MG,GASOLINA ADITIVADA,R$ / litro,6.593,6.59,5.74,8.25,316,316
2026-06-15,2026-06-21,False,MG,GNV,R$ / m³,5.26,5.34,4.79,5.69,6,6
2026-06-15,2026-06-21,False,MS,DIESEL,R$ / litro,6.847,6.79,6.43,7.58,28,28
2026-06-15,2026-06-21,False,MS,DIESEL S10,R$ / litro,7.088,6.99,6.69,7.69,28,28
2026-06-15,2026-06-21,False,MS,ETANOL,R$ / litro,4.223,4.24,3.8,5.19,34,34
2026-06-15,2026-06-21,False,MS,GASOLINA,R$ / litro,6.662,6.63,6.25,7.29,51,51
2026-06-15,2026-06-21,False,MS,GASOLINA ADITIVADA,R$ / litro,6.812,6.725,6.25,7.49,42,42
2026-06-15,2026-06-21,False,MS,GNV,R$ / m³,4.69,4.69,4.59,4.79,2,2
2026-06-15,2026-06-21,False,MT,DIESEL,R$ / litro,6.864,6.95,6.19,7.49,51,51
2026-06-15,2026-06-21,False,MT,DIESEL S10,R$ / litro,7.153,7.09,6.63,7.98,54,54
2026-06-15,2026-06-21,False,MT,ETANOL,R$ / litro,3.867,3.89,3.35,4.05,83,83
2026-06-15,2026-06-21,False,MT,GASOLINA,R$ / litro,6.74,6.76,6.2,7.48,84,84
2026-06-15,2026-06-21,False,MT,GASOLINA ADITIVADA,R$ / litro,6.917,6.89,6.31,7.48,51,51
2026-06-15,2026-06-21,False,MT,GNV,R$ / m³,3.99,3.99,3.99,3.99,2,2
2026-06-15,2026-06-21,False,PA,DIESEL,R$ / litro,7.253,7.125,6.29,8.75,44,44
2026-06-15,2026-06-21,False,PA,DIESEL S10,R$ / litro,7.294,7.19,6.58,8.8,71,71
2026-06-15,2026-06-21,False,PA,ETANOL,R$ / litro,5.087,5.22,3.93,5.82,44,44
2026-06-15,2026-06-21,False,PA,GASOLINA,R$ / litro,6.839,6.85,6.15,7.79,98,98
2026-06-15,2026-06-21,False,PA,GASOLINA ADITIVADA,R$ / litro,6.976,6.99,6.17,7.64,65,65
2026-06-15,2026-06-21,False,PB,DIESEL,R$ / litro,6.879,6.89,6.28,7.4,31,31
2026-06-15,2026-06-21,False,PB,DIESEL S10,R$ / litro,7.178,7.14,6.88,7.49,49,49
2026-06-15,2026-06-21,False,PB,ETANOL,R$ / litro,4.827,4.79,4.49,5.39,55,55
2026-06-15,2026-06-21,False,PB,GASOLINA,R$ / litro,6.574,6.49,6.27,7.19,66,66
2026-06-15,2026-06-21,False,PB,GASOLINA ADITIVADA,R$ / litro,6.777,6.79,6.48,7.19,47,47
2026-06-15,2026-06-21,False,PB,GNV,R$ / m³,4.92,4.86,4.85,5.21,11,11
2026-06-15,2026-06-21,False,PE,DIESEL,R$ / litro,7.384,7.58,6.76,7.69,10,10
2026-06-15,2026-06-21,False,PE,DIESEL S10,R$ / litro,7.052,6.99,6.75,7.99,157,157
2026-06-15,2026-06-21,False,PE,ETANOL,R$ / litro,5.215,5.17,4.79,6.59,162,162
2026-06-15,2026-06-21,False,PE,GASOLINA,R$ / litro,6.974,6.89,6.48,7.99,185,185
2026-06-15,2026-06-21,False,PE,GASOLINA ADITIVADA,R$ / litro,7.125,7.09,6.49,7.72,137,137
2026-06-15,2026-06-21,False,PE,GNV,R$ / m³,4.69,4.69,4.69,4.69,33,33
2026-06-15,2026-06-21,False,PI,DIESEL,R$ / litro,7.21,7.18,6.64,7.89,24,24
2026-06-15,2026-06-21,False,PI,DIESEL S10,R$ / litro,7.392,7.39,6.97,7.9,41,41
2026-06-15,2026-06-21,False,PI,ETANOL,R$ / litro,4.987,4.99,4.49,5.4,41,41
2026-06-15,2026-06-21,False,PI,GASOLINA,R$ / litro,6.847,6.89,5.79,7.34,58,58
2026-06-15,2026-06-21,False,PI,GASOLINA ADITIVADA,R$ / litro,7.099,7.0,6.7,7.69,41,41
2026-06-15,2026-06-21,False,PR,DIESEL,R$ / litro,6.559,6.59,5.74,7.69,146,146
2026-06-15,2026-06-21,False,PR,DIESEL S10,R$ / litro,7.045,6.99,6.47,8.25,201,201
2026-06-15,2026-06-21,False,PR,ETANOL,R$ / litro,4.323,4.29,3.54,4.99,286,286
2026-06-15,2026-06-21,False,PR,GASOLINA,R$ / litro,6.694,6.69,6.07,7.39,291,291
2026-06-15,2026-06-21,False,PR,GASOLINA ADITIVADA,R$ / litro,6.856,6.89,6.07,7.9,236,236
2026-06-15,2026-06-21,False,PR,GNV,R$ / m³,4.548,4.54,4.39,4.73,5,5
2026-06-15,2026-06-21,False,RJ,DIESEL,R$ / litro,7.047,6.96,6.29,7.99,104,104
2026-06-15,2026-06-21,False,RJ,DIESEL S10,R$ / litro,7.215,7.18,5.89,7.99,196,196
2026-06-15,2026-06-21,False,RJ,ETANOL,R$ / litro,4.932,4.89,4.19,5.89,258,258
2026-06-15,2026-06-21,False,RJ,GASOLINA,R$ / litro,6.754,6.79,5.94,7.99,301,301
2026-06-15,2026-06-21,False,RJ,GASOLINA ADITIVADA,R$ / litro,6.916,6.89,6.19,8.19,274,274
2026-06-15,2026-06-21,False,RJ,GNV,R$ / m³,4.633,4.44,3.99,6.49,135,135
2026-06-15,2026-06-21,False,RN,DIESEL,R$ / litro,7.228,7.19,6.79,7.59,23,23
2026-06-15,2026-06-21,False,RN,DIESEL S10,R$ / litro,7.329,7.29,6.89,7.99,33,33
2026-06-15,2026-06-21,False,RN,ETANOL,R$ / litro,5.558,5.49,4.69,6.29,41,41
2026-06-15,2026-06-21,False,RN,GASOLINA,R$ / litro,6.838,6.97,6.45,7.59,43,43
2026-06-15,2026-06-21,False,RN,GASOLINA ADITIVADA,R$ / litro,6.899,6.99,6.45,7.29,37,37
2026-06-15,2026-06-21,False,RN,GNV,R$ / m³,5.017,4.98,4.98,5.09,3,3
2026-06-15,2026-06-21,False,RO,DIESEL,R$ / litro,7.24,7.29,6.59,7.88,46,46
2026-06-15,2026-06-21,False,RO,DIESEL S10,R$ / litro,7.394,7.39,6.81,8.39,57,57
2026-06-15,2026-06-21,False,RO,ETANOL,R$ / litro,5.583,5.57,5.09,5.99,37,37
2026-06-15,2026-06-21,False,RO,GASOLINA,R$ / litro,7.345,7.39,7.07,7.89,63,63
2026-06-15,2026-06-21,False,RO,GASOLINA ADITIVADA,R$ / litro,7.474,7.48,7.19,7.99,57,57
2026-06-15,2026-06-21,False,RR,DIESEL,R$ / litro,7.5,7.45,7.43,7.69,13,13
2026-06-15,2026-06-21,False,RR,DIESEL S10,R$ / litro,7.537,7.475,7.45,7.7,12,12
2026-06-15,2026-06-21,False,RR,ETANOL,R$ / litro,5.45,5.45,5.45,5.45,8,8
2026-06-15,2026-06-21,False,RR,GASOLINA,R$ / litro,7.695,7.7,7.69,7.7,15,15
2026-06-15,2026-06-21,False,RR,GASOLINA ADITIVADA,R$ / litro,7.799,7.79,7.79,7.84,15,15
2026-06-15,2026-06-21,False,RS,DIESEL,R$ / litro,6.703,6.69,5.85,7.99,174,174
2026-06-15,2026-06-21,False,RS,DIESEL S10,R$ / litro,6.885,6.79,6.27,8.04,204,204
2026-06-15,2026-06-21,False,RS,ETANOL,R$ / litro,4.893,4.89,4.15,5.99,143,143
2026-06-15,2026-06-21,False,RS,GASOLINA,R$ / litro,6.413,6.39,5.78,7.66,310,310
2026-06-15,2026-06-21,False,RS,GASOLINA ADITIVADA,R$ / litro,6.632,6.66,5.92,7.79,285,285
2026-06-15,2026-06-21,False,RS,GNV,R$ / m³,4.95,4.94,4.64,5.81,22,22
2026-06-15,2026-06-21,False,SC,DIESEL,R$ / litro,6.772,6.74,6.09,7.72,63,63
2026-06-15,2026-06-21,False,SC,DIESEL S10,R$ / litro,7.043,6.99,6.48,8.38,114,114
2026-06-15,2026-06-21,False,SC,ETANOL,R$ / litro,4.666,4.59,3.89,6.36,113,113
2026-06-15,2026-06-21,False,SC,GASOLINA,R$ / litro,6.55,6.55,5.99,7.09,167,167
2026-06-15,2026-06-21,False,SC,GASOLINA ADITIVADA,R$ / litro,6.696,6.69,6.03,7.19,159,159
2026-06-15,2026-06-21,False,SC,GNV,R$ / m³,4.641,4.575,4.49,5.46,28,28
2026-06-15,2026-06-21,False,SE,DIESEL,R$ / litro,7.071,6.9,6.9,7.79,16,16
2026-06-15,2026-06-21,False,SE,DIESEL S10,R$ / litro,7.06,6.98,6.98,7.39,21,21
2026-06-15,2026-06-21,False,SE,ETANOL,R$ / litro,5.547,5.5,5.39,5.7,24,24
2026-06-15,2026-06-21,False,SE,GASOLINA,R$ / litro,7.103,7.12,6.99,7.19,41,41
2026-06-15,2026-06-21,False,SE,GASOLINA ADITIVADA,R$ / litro,7.199,7.17,6.99,7.59,35,35
2026-06-15,2026-06-21,False,SE,GNV,R$ / m³,4.829,4.83,4.82,4.83,7,7
2026-06-15,2026-06-21,False,SP,DIESEL,R$ / litro,6.781,6.76,5.89,8.69,409,409
2026-06-15,2026-06-21,False,SP,DIESEL S10,R$ / litro,7.109,6.99,5.89,9.99,795,795
2026-06-15,2026-06-21,False,SP,ETANOL,R$ / litro,3.882,3.88,2.89,6.59,1177,1177
2026-06-15,2026-06-21,False,SP,GASOLINA,R$ / litro,6.482,6.49,5.49,9.69,1177,1177
2026-06-15,2026-06-21,False,SP,GASOLINA ADITIVADA,R$ / litro,6.762,6.69,5.89,9.89,905,905
2026-06-15,2026-06-21,False,SP,GNV,R$ / m³,5.045,4.99,3.79,5.99,47,47
2026-06-15,2026-06-21,False,TO,DIESEL,R$ / litro,7.031,6.99,6.39,7.99,26,26
2026-06-15,2026-06-21,False,TO,DIESEL S10,R$ / litro,7.16,7.055,6.69,7.89,32,32
2026-06-15,2026-06-21,False,TO,ETANOL,R$ / litro,5.141,5.165,4.75,5.49,30,30
2026-06-15,2026-06-21,False,TO,GASOLINA,R$ / litro,7.148,6.99,6.55,7.89,39,39
2026-06-15,2026-06-21,False,TO,GASOLINA ADITIVADA,R$ / litro,7.155,7.09,6.55,7.5,25,25
2026-06-22,2026-06-28,False,AC,DIESEL,R$ / litro,7.939,7.84,7.59,8.75,8,8
2026-06-22,2026-06-28,False,AC,DIESEL S10,R$ / litro,8.215,8.12,7.75,9.27,8,8
2026-06-22,2026-06-28,False,AC,ETANOL,R$ / litro,5.39,5.235,4.79,6.6,8,8
2026-06-22,2026-06-28,False,AC,GASOLINA,R$ / litro,7.431,7.39,7.14,8.46,9,9
2026-06-22,2026-06-28,False,AC,GASOLINA ADITIVADA,R$ / litro,7.51,7.45,7.18,8.46,9,9
2026-06-22,2026-06-28,False,AL,DIESEL,R$ / litro,7.809,7.79,6.79,8.99,7,7
2026-06-22,2026-06-28,False,AL,DIESEL S10,R$ / litro,7.369,7.245,6.79,8.26,24,24
2026-06-22,2026-06-28,False,AL,ETANOL,R$ / litro,5.076,4.99,4.25,5.99,49,49
2026-06-22,2026-06-28,False,AL,GASOLINA,R$ / litro,6.906,6.94,6.17,7.67,55,55
2026-06-22,2026-06-28,False,AL,GASOLINA ADITIVADA,R$ / litro,7.076,6.99,6.49,8.04,38,38
2026-06-22,2026-06-28,False,AL,GNV,R$ / m³,4.236,4.19,3.99,4.94,12,12
2026-06-22,2026-06-28,False,AM,DIESEL,R$ / litro,7.198,6.99,6.99,7.59,13,13
2026-06-22,2026-06-28,False,AM,DIESEL S10,R$ / litro,7.437,7.29,6.99,8.99,39,39
2026-06-22,2026-06-28,False,AM,ETANOL,R$ / litro,5.075,4.99,4.79,5.59,33,33
2026-06-22,2026-06-28,False,AM,GASOLINA,R$ / litro,7.232,6.99,6.75,8.99,53,53
2026-06-22,2026-06-28,False,AM,GASOLINA ADITIVADA,R$ / litro,7.338,7.09,6.75,8.99,43,43
2026-06-22,2026-06-28,False,AM,GNV,R$ / m³,4.99,4.99,4.99,4.99,1,1
2026-06-22,2026-06-28,False,AP,DIESEL S10,R$ / litro,7.156,6.98,6.9,7.69,7,7
2026-06-22,2026-06-28,False,AP,ETANOL,R$ / litro,5.865,5.865,5.84,5.89,2,2
2026-06-22,2026-06-28,False,AP,GASOLINA,R$ / litro,6.509,6.43,6.43,6.75,21,21
2026-06-22,2026-06-28,False,AP,GASOLINA ADITIVADA,R$ / litro,6.792,6.78,6.74,6.85,5,5
2026-06-22,2026-06-28,False,BA,DIESEL,R$ / litro,7.397,7.41,6.54,8.89,136,136
2026-06-22,2026-06-28,False,BA,DIESEL S10,R$ / litro,7.548,7.56,6.78,8.99,163,163
2026-06-22,2026-06-28,False,BA,ETANOL,R$ / litro,5.012,4.935,4.2,5.99,188,188
2026-06-22,2026-06-28,False,BA,GASOLINA,R$ / litro,7.14,7.09,6.39,7.96,207,207
2026-06-22,2026-06-28,False,BA,GASOLINA ADITIVADA,R$ / litro,7.219,7.155,6.65,8.04,140,140
2026-06-22,2026-06-28,False,BA,GNV,R$ / m³,4.725,4.49,4.3,6.19,6,6
2026-06-22,2026-06-28,False,CE,DIESEL,R$ / litro,7.212,7.23,6.68,7.89,18,18
2026-06-22,2026-06-28,False,CE,DIESEL S10,R$ / litro,7.18,7.145,6.15,7.99,122,122
2026-06-22,2026-06-28,False,CE,ETANOL,R$ / litro,5.247,5.15,4.79,5.99,120,120
2026-06-22,2026-06-28,False,CE,GASOLINA,R$ / litro,6.99,6.97,6.63,7.9,133,133
2026-06-22,2026-06-28,False,CE,GASOLINA ADITIVADA,R$ / litro,7.112,7.045,6.69,7.99,116,116
2026-06-22,2026-06-28,False,CE,GNV,R$ / m³,5.15,5.15,5.15,5.15,7,7
2026-06-22,2026-06-28,False,DF,DIESEL,R$ / litro,6.995,6.98,6.64,7.32,13,13
2026-06-22,2026-06-28,False,DF,DIESEL S10,R$ / litro,7.029,6.99,6.94,7.29,15,15
2026-06-22,2026-06-28,False,DF,ETANOL,R$ / litro,4.104,3.99,3.89,4.55,25,25
2026-06-22,2026-06-28,False,DF,GASOLINA,R$ / litro,6.414,6.48,6.09,6.69,50,50
2026-06-22,2026-06-28,False,DF,GASOLINA ADITIVADA,R$ / litro,6.618,6.59,6.19,7.12,41,41
2026-06-22,2026-06-28,False,ES,DIESEL,R$ / litro,6.807,6.785,6.47,7.39,30,30
2026-06-22,2026-06-28,False,ES,DIESEL S10,R$ / litro,6.918,6.89,6.65,7.49,52,52
2026-06-22,2026-06-28,False,ES,ETANOL,R$ / litro,4.805,4.77,4.45,5.39,60,60
2026-06-22,2026-06-28,False,ES,GASOLINA,R$ / litro,6.712,6.69,6.29,7.45,83,83
2026-06-22,2026-06-28,False,ES,GASOLINA ADITIVADA,R$ / litro,6.936,6.89,6.35,7.6,71,71
2026-06-22,2026-06-28,False,ES,GNV,R$ / m³,4.347,4.29,4.27,4.59,10,10
2026-06-22,2026-06-28,False,GO,DIESEL,R$ / litro,6.432,6.39,5.59,7.95,101,101
2026-06-22,2026-06-28,False,GO,DIESEL S10,R$ / litro,6.834,6.79,6.39,7.99,136,136
2026-06-22,2026-06-28,False,GO,ETANOL,R$ / litro,4.211,4.19,3.44,4.74,175,175
2026-06-22,2026-06-28,False,GO,GASOLINA,R$ / litro,6.755,6.84,5.99,6.99,177,177
2026-06-22,2026-06-28,False,GO,GASOLINA ADITIVADA,R$ / litro,6.96,6.96,6.18,7.59,107,107
2026-06-22,2026-06-28,False,MA,DIESEL,R$ / litro,7.048,6.98,6.35,7.68,50,50
2026-06-22,2026-06-28,False,MA,DIESEL S10,R$ / litro,7.182,7.12,6.63,7.89,90,90
2026-06-22,2026-06-28,False,MA,ETANOL,R$ / litro,5.361,5.2,4.78,6.5,57,57
2026-06-22,2026-06-28,False,MA,GASOLINA,R$ / litro,7.002,6.98,6.05,7.89,101,101
2026-06-22,2026-06-28,False,MA,GASOLINA ADITIVADA,R$ / litro,7.115,7.02,6.54,7.9,59,59
2026-06-22,2026-06-28,False,MG,DIESEL,R$ / litro,6.661,6.69,5.59,7.59,232,232
2026-06-22,2026-06-28,False,MG,DIESEL S10,R$ / litro,6.99,6.975,6.19,8.19,342,342
2026-06-22,2026-06-28,False,MG,ETANOL,R$ / litro,4.188,4.09,3.49,5.12,461,461
2026-06-22,2026-06-28,False,MG,GASOLINA,R$ / litro,6.375,6.39,5.72,7.19,487,487
2026-06-22,2026-06-28,False,MG,GASOLINA ADITIVADA,R$ / litro,6.592,6.59,5.92,8.25,319,319
2026-06-22,2026-06-28,False,MG,GNV,R$ / m³,5.218,5.24,4.79,5.69,8,8
2026-06-22,2026-06-28,False,MS,DIESEL,R$ / litro,6.785,6.73,6.15,7.58,26,26
2026-06-22,2026-06-28,False,MS,DIESEL S10,R$ / litro,7.081,6.99,6.69,7.69,26,26
2026-06-22,2026-06-28,False,MS,ETANOL,R$ / litro,4.125,3.99,3.78,4.97,31,31
2026-06-22,2026-06-28,False,MS,GASOLINA,R$ / litro,6.623,6.63,6.17,7.29,49,49
2026-06-22,2026-06-28,False,MS,GASOLINA ADITIVADA,R$ / litro,6.772,6.66,6.25,7.49,38,38
2026-06-22,2026-06-28,False,MS,GNV,R$ / m³,4.69,4.69,4.59,4.79,2,2
2026-06-22,2026-06-28,False,MT,DIESEL,R$ / litro,6.886,6.89,6.1,7.39,48,48
2026-06-22,2026-06-28,False,MT,DIESEL S10,R$ / litro,7.152,7.09,6.57,7.98,55,55
2026-06-22,2026-06-28,False,MT,ETANOL,R$ / litro,3.836,3.85,3.4,4.49,86,86
2026-06-22,2026-06-28,False,MT,GASOLINA,R$ / litro,6.825,6.79,6.33,7.48,86,86
2026-06-22,2026-06-28,False,MT,GASOLINA ADITIVADA,R$ / litro,6.969,6.99,6.53,7.48,54,54
2026-06-22,2026-06-28,False,MT,GNV,R$ / m³,3.99,3.99,3.99,3.99,3,3
2026-06-22,2026-06-28,False,PA,DIESEL,R$ / litro,7.227,7.1,6.26,8.75,48,48
2026-06-22,2026-06-28,False,PA,DIESEL S10,R$ / litro,7.297,7.245,6.28,8.8,72,72
2026-06-22,2026-06-28,False,PA,ETANOL,R$ / litro,5.107,5.19,4.19,6.09,50,50
2026-06-22,2026-06-28,False,PA,GASOLINA,R$ / litro,6.814,6.79,5.99,7.7,103,103
2026-06-22,2026-06-28,False,PA,GASOLINA ADITIVADA,R$ / litro,6.97,6.99,6.17,7.64,70,70
2026-06-22,2026-06-28,False,PB,DIESEL,R$ / litro,6.868,6.89,6.28,7.4,29,29
2026-06-22,2026-06-28,False,PB,DIESEL S10,R$ / litro,7.18,7.14,6.88,7.49,51,51
2026-06-22,2026-06-28,False,PB,ETANOL,R$ / litro,4.816,4.79,4.57,5.39,57,57
2026-06-22,2026-06-28,False,PB,GASOLINA,R$ / litro,6.59,6.52,6.27,7.19,66,66
2026-06-22,2026-06-28,False,PB,GASOLINA ADITIVADA,R$ / litro,6.775,6.79,6.48,7.19,46,46
2026-06-22,2026-06-28,False,PB,GNV,R$ / m³,4.944,4.86,4.85,5.21,12,12
2026-06-22,2026-06-28,False,PE,DIESEL,R$ / litro,7.272,7.38,6.76,7.69,12,12
2026-06-22,2026-06-28,False,PE,DIESEL S10,R$ / litro,7.021,6.965,6.69,7.99,150,150
2026-06-22,2026-06-28,False,PE,ETANOL,R$ / litro,5.177,5.15,4.69,6.59,149,149
2026-06-22,2026-06-28,False,PE,GASOLINA,R$ / litro,6.988,6.95,6.48,7.99,176,176
2026-06-22,2026-06-28,False,PE,GASOLINA ADITIVADA,R$ / litro,7.14,7.09,6.49,7.78,126,126
2026-06-22,2026-06-28,False,PE,GNV,R$ / m³,4.69,4.69,4.69,4.69,28,28
2026-06-22,2026-06-28,False,PI,DIESEL,R$ / litro,7.189,7.15,6.46,7.89,26,26
2026-06-22,2026-06-28,False,PI,DIESEL S10,R$ / litro,7.362,7.39,6.97,7.9,41,41
2026-06-22,2026-06-28,False,PI,ETANOL,R$ / litro,4.964,4.99,4.34,5.4,41,41
2026-06-22,2026-06-28,False,PI,GASOLINA,R$ / litro,6.882,6.89,5.79,7.69,59,59
2026-06-22,2026-06-28,False,PI,GASOLINA ADITIVADA,R$ / litro,7.107,6.995,6.7,7.69,40,40
2026-06-22,2026-06-28,False,PR,DIESEL,R$ / litro,6.464,6.39,5.67,7.66,143,143
2026-06-22,2026-06-28,False,PR,DIESEL S10,R$ / litro,6.986,6.985,6.37,7.99,206,206
2026-06-22,2026-06-28,False,PR,ETANOL,R$ / litro,4.273,4.18,3.55,4.99,291,291
2026-06-22,2026-06-28,False,PR,GASOLINA,R$ / litro,6.693,6.69,6.09,7.39,293,293
2026-06-22,2026-06-28,False,PR,GASOLINA ADITIVADA,R$ / litro,6.852,6.82,6.12,7.6,241,241
2026-06-22,2026-06-28,False,PR,GNV,R$ / m³,4.546,4.54,4.39,4.73,7,7
2026-06-22,2026-06-28,False,RJ,DIESEL,R$ / litro,7.049,6.95,6.19,8.35,104,104
2026-06-22,2026-06-28,False,RJ,DIESEL S10,R$ / litro,7.185,7.09,5.69,8.69,182,182
2026-06-22,2026-06-28,False,RJ,ETANOL,R$ / litro,4.893,4.89,4.19,5.89,245,245
2026-06-22,2026-06-28,False,RJ,GASOLINA,R$ / litro,6.741,6.79,5.99,7.99,288,288
2026-06-22,2026-06-28,False,RJ,GASOLINA ADITIVADA,R$ / litro,6.916,6.89,6.09,8.19,263,263
2026-06-22,2026-06-28,False,RJ,GNV,R$ / m³,4.584,4.39,3.97,6.49,137,137
2026-06-22,2026-06-28,False,RN,DIESEL,R$ / litro,7.216,7.09,6.79,7.59,19,19
2026-06-22,2026-06-28,False,RN,DIESEL S10,R$ / litro,7.403,7.39,6.97,7.99,23,23
2026-06-22,2026-06-28,False,RN,ETANOL,R$ / litro,5.641,5.58,5.29,6.29,29,29
2026-06-22,2026-06-28,False,RN,GASOLINA,R$ / litro,6.926,6.99,6.45,7.59,31,31
2026-06-22,2026-06-28,False,RN,GASOLINA ADITIVADA,R$ / litro,6.994,6.99,6.45,7.29,24,24
2026-06-22,2026-06-28,False,RN,GNV,R$ / m³,5.09,5.09,5.09,5.09,2,2
2026-06-22,2026-06-28,False,RO,DIESEL,R$ / litro,7.231,7.29,6.57,7.94,38,38
2026-06-22,2026-06-28,False,RO,DIESEL S10,R$ / litro,7.366,7.35,6.75,7.98,46,46
2026-06-22,2026-06-28,False,RO,ETANOL,R$ / litro,5.593,5.6,5.19,5.99,33,33
2026-06-22,2026-06-28,False,RO,GASOLINA,R$ / litro,7.35,7.39,7.04,7.89,53,53
2026-06-22,2026-06-28,False,RO,GASOLINA ADITIVADA,R$ / litro,7.477,7.48,7.14,7.99,48,48
2026-06-22,2026-06-28,False,RR,DIESEL,R$ / litro,7.476,7.45,7.4,7.64,12,12
2026-06-22,2026-06-28,False,RR,DIESEL S10,R$ / litro,7.518,7.45,7.45,7.7,11,11
2026-06-22,2026-06-28,False,RR,ETANOL,R$ / litro,5.448,5.45,5.43,5.45,8,8
2026-06-22,2026-06-28,False,RR,GASOLINA,R$ / litro,7.693,7.69,7.69,7.7,15,15
2026-06-22,2026-06-28,False,RR,GASOLINA ADITIVADA,R$ / litro,7.787,7.79,7.7,7.84,15,15
2026-06-22,2026-06-28,False,RS,DIESEL,R$ / litro,6.637,6.645,5.69,7.99,180,180
2026-06-22,2026-06-28,False,RS,DIESEL S10,R$ / litro,6.855,6.79,6.09,8.04,214,214
2026-06-22,2026-06-28,False,RS,ETANOL,R$ / litro,4.852,4.84,4.15,5.99,152,152
2026-06-22,2026-06-28,False,RS,GASOLINA,R$ / litro,6.482,6.46,5.69,7.66,318,318
2026-06-22,2026-06-28,False,RS,GASOLINA ADITIVADA,R$ / litro,6.682,6.69,5.97,7.66,299,299
2026-06-22,2026-06-28,False,RS,GNV,R$ / m³,4.938,4.99,4.64,5.81,17,17
2026-06-22,2026-06-28,False,SC,DIESEL,R$ / litro,6.802,6.79,6.09,7.85,67,67
2026-06-22,2026-06-28,False,SC,DIESEL S10,R$ / litro,7.01,6.99,6.46,8.38,117,117
2026-06-22,2026-06-28,False,SC,ETANOL,R$ / litro,4.629,4.59,3.89,6.36,115,115
2026-06-22,2026-06-28,False,SC,GASOLINA,R$ / litro,6.529,6.54,5.99,7.09,172,172
2026-06-22,2026-06-28,False,SC,GASOLINA ADITIVADA,R$ / litro,6.682,6.69,6.01,7.19,167,167
2026-06-22,2026-06-28,False,SC,GNV,R$ / m³,4.614,4.575,4.29,4.99,26,26
2026-06-22,2026-06-28,False,SE,DIESEL,R$ / litro,6.931,6.79,6.78,7.79,17,17
2026-06-22,2026-06-28,False,SE,DIESEL S10,R$ / litro,6.995,6.89,6.87,7.39,19,19
2026-06-22,2026-06-28,False,SE,ETANOL,R$ / litro,5.55,5.5,5.39,5.7,22,22
2026-06-22,2026-06-28,False,SE,GASOLINA,R$ / litro,7.101,7.12,6.99,7.19,40,40
2026-06-22,2026-06-28,False,SE,GASOLINA ADITIVADA,R$ / litro,7.193,7.18,6.99,7.53,36,36
2026-06-22,2026-06-28,False,SE,GNV,R$ / m³,4.833,4.83,4.83,4.85,7,7
2026-06-22,2026-06-28,False,SP,DIESEL,R$ / litro,6.728,6.69,5.89,8.69,403,403
2026-06-22,2026-06-28,False,SP,DIESEL S10,R$ / litro,7.069,6.99,6.09,9.79,785,785
2026-06-22,2026-06-28,False,SP,ETANOL,R$ / litro,3.843,3.79,2.99,6.39,1116,1116
2026-06-22,2026-06-28,False,SP,GASOLINA,R$ / litro,6.473,6.49,5.49,9.69,1124,1124
2026-06-22,2026-06-28,False,SP,GASOLINA ADITIVADA,R$ / litro,6.753,6.69,5.99,9.89,870,870
2026-06-22,2026-06-28,False,SP,GNV,R$ / m³,5.069,4.99,3.79,5.99,47,47
2026-06-22,2026-06-28,False,TO,DIESEL,R$ / litro,7.085,6.99,6.59,7.99,17,17
2026-06-22,2026-06-28,False,TO,DIESEL S10,R$ / litro,7.13,7.12,6.69,7.49,28,28
2026-06-22,2026-06-28,False,TO,ETANOL,R$ / litro,5.141,4.99,4.4,6.03,29,29
2026-06-22,2026-06-28,False,TO,GASOLINA,R$ / litro,7.117,6.99,6.69,7.87,32,32
2026-06-22,2026-06-28,False,TO,GASOLINA ADITIVADA,R$ / litro,7.128,7.04,6.89,7.59,20,20
2026-06-29,2026-07-05,True,AC,DIESEL,R$ / litro,7.762,7.79,7.65,7.89,5,5
2026-06-29,2026-07-05,True,AC,DIESEL S10,R$ / litro,8.094,8.09,7.89,8.29,5,5
2026-06-29,2026-07-05,True,AC,ETANOL,R$ / litro,5.374,5.32,4.99,5.89,5,5
2026-06-29,2026-07-05,True,AC,GASOLINA,R$ / litro,7.372,7.39,7.19,7.49,6,6
2026-06-29,2026-07-05,True,AC,GASOLINA ADITIVADA,R$ / litro,7.457,7.47,7.39,7.49,6,6
2026-06-29,2026-07-05,True,AL,DIESEL,R$ / litro,8.082,7.89,7.49,8.99,5,5
2026-06-29,2026-07-05,True,AL,DIESEL S10,R$ / litro,7.426,7.41,6.79,8.33,20,20
2026-06-29,2026-07-05,True,AL,ETANOL,R$ / litro,5.211,4.99,4.85,5.99,44,44
2026-06-29,2026-07-05,True,AL,GASOLINA,R$ / litro,6.98,6.945,6.68,7.67,52,52
2026-06-29,2026-07-05,True,AL,GASOLINA ADITIVADA,R$ / litro,7.101,7.025,6.68,8.04,40,40
2026-06-29,2026-07-05,True,AL,GNV,R$ / m³,4.275,4.19,3.89,4.94,10,10
2026-06-29,2026-07-05,True,AM,DIESEL,R$ / litro,7.081,6.99,6.99,7.29,11,11
2026-06-29,2026-07-05,True,AM,DIESEL S10,R$ / litro,7.062,6.99,6.99,7.29,25,25
2026-06-29,2026-07-05,True,AM,ETANOL,R$ / litro,5.003,4.99,4.89,5.29,28,28
2026-06-29,2026-07-05,True,AM,GASOLINA,R$ / litro,6.99,6.99,6.89,7.09,39,39
2026-06-29,2026-07-05,True,AM,GASOLINA ADITIVADA,R$ / litro,7.106,7.09,6.89,7.19,31,31
2026-06-29,2026-07-05,True,AM,GNV,R$ / m³,4.99,4.99,4.99,4.99,2,2
2026-06-29,2026-07-05,True,BA,DIESEL,R$ / litro,7.403,7.45,6.59,7.99,84,84
2026-06-29,2026-07-05,True,BA,DIESEL S10,R$ / litro,7.524,7.57,6.82,8.57,97,97
2026-06-29,2026-07-05,True,BA,ETANOL,R$ / litro,4.889,4.89,4.19,6.39,132,132
2026-06-29,2026-07-05,True,BA,GASOLINA,R$ / litro,7.074,6.99,6.65,7.7,150,150
2026-06-29,2026-07-05,True,BA,GASOLINA ADITIVADA,R$ / litro,7.169,7.1,6.65,7.89,104,104
2026-06-29,2026-07-05,True,BA,GNV,R$ / m³,4.379,4.27,4.25,5.03,7,7
2026-06-29,2026-07-05,True,CE,DIESEL,R$ / litro,7.373,7.49,6.89,7.65,6,6
2026-06-29,2026-07-05,True,CE,DIESEL S10,R$ / litro,7.112,6.99,6.15,7.99,78,78
2026-06-29,2026-07-05,True,CE,ETANOL,R$ / litro,5.197,4.99,4.77,5.99,82,82
2026-06-29,2026-07-05,True,CE,GASOLINA,R$ / litro,6.934,6.73,6.64,7.51,85,85
2026-06-29,2026-07-05,True,CE,GASOLINA ADITIVADA,R$ / litro,7.066,6.99,6.69,7.58,81,81
2026-06-29,2026-07-05,True,CE,GNV,R$ / m³,5.15,5.15,5.15,5.15,6,6
2026-06-29,2026-07-05,True,DF,DIESEL,R$ / litro,6.999,6.975,6.54,7.32,12,12
2026-06-29,2026-07-05,True,DF,DIESEL S10,R$ / litro,7.003,6.99,6.84,7.19,14,14
2026-06-29,2026-07-05,True,DF,ETANOL,R$ / litro,4.001,3.98,3.68,4.29,24,24
2026-06-29,2026-07-05,True,DF,GASOLINA,R$ / litro,6.299,6.18,5.89,6.69,50,50
2026-06-29,2026-07-05,True,DF,GASOLINA ADITIVADA,R$ / litro,6.537,6.49,6.09,7.12,42,42
2026-06-29,2026-07-05,True,ES,DIESEL,R$ / litro,6.794,6.78,6.49,7.39,19,19
2026-06-29,2026-07-05,True,ES,DIESEL S10,R$ / litro,6.914,6.885,6.59,7.49,36,36
2026-06-29,2026-07-05,True,ES,ETANOL,R$ / litro,4.843,4.82,4.45,5.79,48,48
2026-06-29,2026-07-05,True,ES,GASOLINA,R$ / litro,6.728,6.67,6.37,7.3,63,63
2026-06-29,2026-07-05,True,ES,GASOLINA ADITIVADA,R$ / litro,6.958,6.89,6.37,7.6,57,57
2026-06-29,2026-07-05,True,ES,GNV,R$ / m³,4.365,4.29,4.29,4.59,8,8
2026-06-29,2026-07-05,True,GO,DIESEL,R$ / litro,6.378,6.29,5.71,7.95,72,72
2026-06-29,2026-07-05,True,GO,DIESEL S10,R$ / litro,6.827,6.79,6.39,7.99,106,106
2026-06-29,2026-07-05,True,GO,ETANOL,R$ / litro,4.284,4.45,3.44,4.69,125,125
2026-06-29,2026-07-05,True,GO,GASOLINA,R$ / litro,6.703,6.84,5.89,6.99,128,128
2026-06-29,2026-07-05,True,GO,GASOLINA ADITIVADA,R$ / litro,6.919,6.89,5.99,7.57,77,77
2026-06-29,2026-07-05,True,MA,DIESEL,R$ / litro,7.141,6.99,6.45,8.09,38,38
2026-06-29,2026-07-05,True,MA,DIESEL S10,R$ / litro,7.287,7.19,6.49,8.09,59,59
2026-06-29,2026-07-05,True,MA,ETANOL,R$ / litro,5.382,5.29,4.98,6.5,42,42
2026-06-29,2026-07-05,True,MA,GASOLINA,R$ / litro,7.035,6.99,6.34,7.89,65,65
2026-06-29,2026-07-05,True,MA,GASOLINA ADITIVADA,R$ / litro,7.186,7.045,6.54,7.9,36,36
2026-06-29,2026-07-05,True,MG,DIESEL,R$ / litro,6.62,6.59,5.84,7.49,157,157
2026-06-29,2026-07-05,True,MG,DIESEL S10,R$ / litro,6.963,6.975,6.34,8.09,206,206
2026-06-29,2026-07-05,True,MG,ETANOL,R$ / litro,4.18,4.09,3.55,5.12,290,290
2026-06-29,2026-07-05,True,MG,GASOLINA,R$ / litro,6.361,6.36,5.79,7.19,301,301
2026-06-29,2026-07-05,True,MG,GASOLINA ADITIVADA,R$ / litro,6.576,6.52,5.98,8.25,180,180
2026-06-29,2026-07-05,True,MG,GNV,R$ / m³,5.193,5.17,4.79,5.69,6,6
2026-06-29,2026-07-05,True,MS,DIESEL,R$ / litro,6.757,6.79,6.15,7.58,32,32
2026-06-29,2026-07-05,True,MS,DIESEL S10,R$ / litro,7.083,6.99,6.69,7.93,33,33
2026-06-29,2026-07-05,True,MS,ETANOL,R$ / litro,4.093,3.99,3.67,4.97,36,36
2026-06-29,2026-07-05,True,MS,GASOLINA,R$ / litro,6.597,6.63,6.17,7.29,55,55
2026-06-29,2026-07-05,True,MS,GASOLINA ADITIVADA,R$ / litro,6.793,6.69,6.25,7.49,39,39
2026-06-29,2026-07-05,True,MS,GNV,R$ / m³,4.69,4.69,4.59,4.79,2,2
2026-06-29,2026-07-05,True,MT,DIESEL,R$ / litro,6.888,6.92,6.23,7.39,28,28
2026-06-29,2026-07-05,True,MT,DIESEL S10,R$ / litro,7.179,6.99,6.57,7.98,30,30
2026-06-29,2026-07-05,True,MT,ETANOL,R$ / litro,3.766,3.79,3.43,3.99,48,48
2026-06-29,2026-07-05,True,MT,GASOLINA,R$ / litro,6.796,6.69,6.23,7.55,48,48
2026-06-29,2026-07-05,True,MT,GASOLINA ADITIVADA,R$ / litro,6.955,6.99,6.53,7.48,31,31
2026-06-29,2026-07-05,True,MT,GNV,R$ / m³,3.99,3.99,3.99,3.99,2,2
2026-06-29,2026-07-05,True,PA,DIESEL,R$ / litro,7.281,7.09,6.29,8.75,20,20
2026-06-29,2026-07-05,True,PA,DIESEL S10,R$ / litro,7.251,7.15,6.43,9.15,33,33
2026-06-29,2026-07-05,True,PA,ETANOL,R$ / litro,5.051,5.19,4.22,5.82,28,28
2026-06-29,2026-07-05,True,PA,GASOLINA,R$ / litro,6.728,6.69,5.99,7.7,54,54
2026-06-29,2026-07-05,True,PA,GASOLINA ADITIVADA,R$ / litro,6.921,6.99,6.17,7.99,35,35
2026-06-29,2026-07-05,True,PB,DIESEL,R$ / litro,6.818,6.89,6.28,7.09,28,28
2026-06-29,2026-07-05,True,PB,DIESEL S10,R$ / litro,7.147,7.09,6.88,7.69,43,43
2026-06-29,2026-07-05,True,PB,ETANOL,R$ / litro,4.795,4.79,4.57,5.39,52,52
2026-06-29,2026-07-05,True,PB,GASOLINA,R$ / litro,6.553,6.49,6.27,6.99,59,59
2026-06-29,2026-07-05,True,PB,GASOLINA ADITIVADA,R$ / litro,6.744,6.79,6.48,7.19,42,42
2026-06-29,2026-07-05,True,PB,GNV,R$ / m³,5.024,4.86,4.85,5.98,13,13
2026-06-29,2026-07-05,True,PE,DIESEL,R$ / litro,7.587,7.59,7.49,7.69,7,7
2026-06-29,2026-07-05,True,PE,DIESEL S10,R$ / litro,7.07,6.99,6.75,7.99,94,94
2026-06-29,2026-07-05,True,PE,ETANOL,R$ / litro,5.235,5.15,4.79,6.59,96,96
2026-06-29,2026-07-05,True,PE,GASOLINA,R$ / litro,7.048,6.95,6.48,7.99,117,117
2026-06-29,2026-07-05,True,PE,GASOLINA ADITIVADA,R$ / litro,7.184,7.15,6.49,7.78,88,88
2026-06-29,2026-07-05,True,PE,GNV,R$ / m³,4.69,4.69,4.69,4.69,12,12
2026-06-29,2026-07-05,True,PI,DIESEL,R$ / litro,7.055,7.09,6.32,7.6,15,15
2026-06-29,2026-07-05,True,PI,DIESEL S10,R$ / litro,7.308,7.245,6.97,8.03,24,24
2026-06-29,2026-07-05,True,PI,ETANOL,R$ / litro,5.02,4.99,4.79,5.48,17,17
2026-06-29,2026-07-05,True,PI,GASOLINA,R$ / litro,6.969,6.99,6.5,7.69,28,28
2026-06-29,2026-07-05,True,PI,GASOLINA ADITIVADA,R$ / litro,7.077,6.99,6.7,7.69,18,18
2026-06-29,2026-07-05,True,PR,DIESEL,R$ / litro,6.438,6.49,5.59,7.33,57,57
2026-06-29,2026-07-05,True,PR,DIESEL S10,R$ / litro,6.934,6.89,6.29,7.99,71,71
2026-06-29,2026-07-05,True,PR,ETANOL,R$ / litro,4.092,3.99,3.57,4.99,109,109
2026-06-29,2026-07-05,True,PR,GASOLINA,R$ / litro,6.614,6.59,5.99,7.38,110,110
2026-06-29,2026-07-05,True,PR,GASOLINA ADITIVADA,R$ / litro,6.793,6.79,6.07,7.6,94,94
2026-06-29,2026-07-05,True,PR,GNV,R$ / m³,4.39,4.39,4.39,4.39,1,1
2026-06-29,2026-07-05,True,RJ,DIESEL,R$ / litro,7.022,6.99,6.19,8.35,71,71
2026-06-29,2026-07-05,True,RJ,DIESEL S10,R$ / litro,7.163,7.09,5.89,8.69,147,147
2026-06-29,2026-07-05,True,RJ,ETANOL,R$ / litro,4.829,4.79,4.29,5.89,191,191
2026-06-29,2026-07-05,True,RJ,GASOLINA,R$ / litro,6.66,6.61,5.99,7.99,230,230
2026-06-29,2026-07-05,True,RJ,GASOLINA ADITIVADA,R$ / litro,6.838,6.79,6.09,8.19,210,210
2026-06-29,2026-07-05,True,RJ,GNV,R$ / m³,4.481,4.39,3.95,6.28,123,123
2026-06-29,2026-07-05,True,RN,DIESEL,R$ / litro,7.004,6.99,6.79,7.19,7,7
2026-06-29,2026-07-05,True,RN,DIESEL S10,R$ / litro,7.269,7.295,6.98,7.49,16,16
2026-06-29,2026-07-05,True,RN,ETANOL,R$ / litro,5.505,5.49,5.25,5.99,17,17
2026-06-29,2026-07-05,True,RN,GASOLINA,R$ / litro,6.966,6.99,6.74,6.99,18,18
2026-06-29,2026-07-05,True,RN,GASOLINA ADITIVADA,R$ / litro,7.038,7.04,6.78,7.19,16,16
2026-06-29,2026-07-05,True,RN,GNV,R$ / m³,5.087,5.09,5.08,5.09,3,3
2026-06-29,2026-07-05,True,RO,DIESEL,R$ / litro,7.158,7.15,6.49,7.88,27,27
2026-06-29,2026-07-05,True,RO,DIESEL S10,R$ / litro,7.305,7.29,6.69,7.99,35,35
2026-06-29,2026-07-05,True,RO,ETANOL,R$ / litro,5.619,5.6,5.3,5.99,21,21
2026-06-29,2026-07-05,True,RO,GASOLINA,R$ / litro,7.326,7.36,7.02,7.49,40,40
2026-06-29,2026-07-05,True,RO,GASOLINA ADITIVADA,R$ / litro,7.432,7.48,7.12,7.69,37,37
2026-06-29,2026-07-05,True,RR,DIESEL,R$ / litro,7.427,7.45,7.35,7.45,12,12
2026-06-29,2026-07-05,True,RR,DIESEL S10,R$ / litro,7.45,7.45,7.45,7.45,11,11
2026-06-29,2026-07-05,True,RR,ETANOL,R$ / litro,5.432,5.43,5.43,5.45,8,8
2026-06-29,2026-07-05,True,RR,GASOLINA,R$ / litro,7.59,7.59,7.59,7.59,15,15
2026-06-29,2026-07-05,True,RR,GASOLINA ADITIVADA,R$ / litro,7.655,7.69,7.6,7.7,15,15
2026-06-29,2026-07-05,True,RS,DIESEL,R$ / litro,6.61,6.59,5.65,7.99,129,129
2026-06-29,2026-07-05,True,RS,DIESEL S10,R$ / litro,6.819,6.79,6.09,8.04,158,158
2026-06-29,2026-07-05,True,RS,ETANOL,R$ / litro,4.804,4.79,4.15,5.99,119,119
2026-06-29,2026-07-05,True,RS,GASOLINA,R$ / litro,6.452,6.39,5.87,7.66,238,238
2026-06-29,2026-07-05,True,RS,GASOLINA ADITIVADA,R$ / litro,6.643,6.64,5.99,7.66,223,223
2026-06-29,2026-07-05,True,RS,GNV,R$ / m³,4.962,4.99,4.64,5.81,17,17
2026-06-29,2026-07-05,True,SC,DIESEL,R$ / litro,6.785,6.69,6.09,7.72,54,54
2026-06-29,2026-07-05,True,SC,DIESEL S10,R$ / litro,7.015,6.97,6.37,8.38,86,86
2026-06-29,2026-07-05,True,SC,ETANOL,R$ / litro,4.707,4.69,4.16,6.36,80,80
2026-06-29,2026-07-05,True,SC,GASOLINA,R$ / litro,6.557,6.59,5.99,7.09,118,118
2026-06-29,2026-07-05,True,SC,GASOLINA ADITIVADA,R$ / litro,6.688,6.69,6.02,7.19,113,113
2026-06-29,2026-07-05,True,SC,GNV,R$ / m³,4.614,4.59,4.33,4.99,14,14
2026-06-29,2026-07-05,True,SE,DIESEL,R$ / litro,6.992,6.78,6.78,7.79,9,9
2026-06-29,2026-07-05,True,SE,DIESEL S10,R$ / litro,6.99,6.87,6.87,7.29,15,15
2026-06-29,2026-07-05,True,SE,ETANOL,R$ / litro,5.571,5.525,5.5,5.7,18,18
2026-06-29,2026-07-05,True,SE,GASOLINA,R$ / litro,7.128,7.12,7.05,7.19,32,32
2026-06-29,2026-07-05,True,SE,GASOLINA ADITIVADA,R$ / litro,7.22,7.19,7.05,7.53,28,28
2026-06-29,2026-07-05,True,SE,GNV,R$ / m³,4.83,4.83,4.83,4.83,6,6
2026-06-29,2026-07-05,True,SP,DIESEL,R$ / litro,6.695,6.69,5.89,8.69,305,305
2026-06-29,2026-07-05,True,SP,DIESEL S10,R$ / litro,7.064,6.99,6.09,9.79,614,614
2026-06-29,2026-07-05,True,SP,ETANOL,R$ / litro,3.838,3.79,2.99,6.19,884,884
2026-06-29,2026-07-05,True,SP,GASOLINA,R$ / litro,6.47,6.49,5.49,9.79,894,894
2026-06-29,2026-07-05,True,SP,GASOLINA ADITIVADA,R$ / litro,6.776,6.69,5.84,9.89,680,680
2026-06-29,2026-07-05,True,SP,GNV,R$ / m³,5.105,4.99,3.99,5.79,35,35
2026-06-29,2026-07-05,True,TO,DIESEL,R$ / litro,7.109,7.09,6.59,7.99,15,15
2026-06-29,2026-07-05,True,TO,DIESEL S10,R$ / litro,7.215,7.29,6.86,7.49,15,15
2026-06-29,2026-07-05,True,TO,ETANOL,R$ / litro,5.121,5.18,4.89,5.39,17,17
2026-06-29,2026-07-05,True,TO,GASOLINA,R$ / litro,7.146,7.19,6.89,7.39,20,20
2026-06-29,2026-07-05,True,TO,GASOLINA ADITIVADA,R$ / litro,7.138,7.14,6.98,7.49,10,10
